id,ticket_id,author_id,body,public,created_at
10000-1,10000,52619,"Hi, my delivry is running late, I ordered the yoga mat over a week ago.",True,2025-06-26T00:48:15
10000-2,10000,903,"I'm sorry for the trouble, checking your account now.",True,2025-06-26T03:16:15
10000-3,10000,52619,Do you have an updated delivery estimate?,True,2025-06-26T08:05:15
10000-4,10000,903,"I'm sorry for the trouble, checking your account now.",True,2025-06-26T08:18:15
10000-5,10000,52619,Any news?,True,2025-06-26T11:26:15
10000-6,10000,903,"This has been taken care of, apologies again for the inconvenience.",True,2025-06-26T13:03:15
10000-7,10000,52619,"Perfect, thank you.",True,2025-06-26T14:45:15
10001-1,10001,51083,Order #496922 was supposed to arrive on Jul 09 and it's stil not here. What's going on?,True,2025-07-12T19:37:34
10001-2,10001,925,"I'm sorry for the trouble, checking your account now.",True,2025-07-12T20:02:34
10001-3,10001,51083,Do you have an updated delivery estimate?,True,2025-07-12T21:03:34
10001-4,10001,925,"All set on our side now, thanks for your patience.",True,2025-07-13T00:19:34
10001-5,10001,51083,Thanks for the help!,True,2025-07-13T01:53:34
10002-1,10002,50669,"Hi, the leather wallet shows as out of stock, do you know when it'll be available again?",True,2025-08-24T05:32:40
10002-2,10002,914,"Thanks for the details, give me a moment to check on this.",True,2025-08-24T08:02:40
10002-3,10002,50669,Can I reserve one in advance?,True,2025-08-24T10:00:40
10002-4,10002,914,"I understand the frustration, let's get this sorted out.",True,2025-08-24T13:32:40
10002-5,10002,50669,Any news?,True,2025-08-24T14:18:40
10002-6,10002,914,"I'm sorry for the trouble, checking your account now.",True,2025-08-24T15:03:40
10002-7,10002,50669,Following up on this.,True,2025-08-24T18:23:40
10002-8,10002,914,"Thanks for confirming, I've closed this out on our end.",True,2025-08-24T20:50:40
10002-9,10002,50669,"OK thank you, that answers my question.",True,2025-08-24T22:49:40
10003-1,10003,53095,"Hi, my delivery is running late, I ordered the phone case over a week ago.",True,2025-06-14T21:53:40
10003-2,10003,901,"Thanks for the details, give me a moment to check on this.",True,2025-06-14T22:27:40
10003-3,10003,53095,"Actually, sorry, let me explain the real issue. Just wanted to say thank you, my order arrived early adn in perfect condition.",True,2025-06-15T01:31:40
10003-4,10003,901,"I'm sorry for the trouble, checking your account now.",True,2025-06-15T03:55:40
10003-5,10003,53095,"OK, still waiting to hear back.",True,2025-06-15T06:14:40
10003-6,10003,901,"Thanks for the details, give me a moment to check on this.",True,2025-06-15T09:04:40
10003-7,10003,53095,Following up on this.,True,2025-06-15T11:57:40
10003-8,10003,901,"All set on our side now, thanks for your patience.",True,2025-06-15T14:42:40
10003-9,10003,53095,"Great, appreciate the quick resolution.",True,2025-06-15T16:24:40
10004-1,10004,50458,"I moved recently and my order #160738 is still set to go to my old address, can this be fixed?",True,2025-08-15T16:48:51
10004-2,10004,911,"I understand the frustration, let's get this sorted out.",True,2025-08-15T19:41:51
10004-3,10004,50458,Has the address been updated yet?,True,2025-08-16T00:32:51
10004-4,10004,911,"I'm sorry for the trouble, checking your account now.",True,2025-08-16T04:18:51
10004-5,10004,50458,Any news?,True,2025-08-16T07:30:51
10004-6,10004,911,"Thanks for the details, give me a moment to check on this.",True,2025-08-16T09:22:51
10004-7,10004,50458,Following up on this.,True,2025-08-16T11:24:51
10004-8,10004,911,"This has been taken care of, apologies again for the inconvenience.",True,2025-08-16T13:29:51
10004-9,10004,50458,"Perfect, thank you.",True,2025-08-16T13:42:51
10005-1,10005,50290,"Hi, I need to update the email address on my account.",True,2025-06-21T20:07:04
10005-2,10005,922,"I understand the frustration, let's get this sorted out.",True,2025-06-21T21:14:04
10005-3,10005,50290,I want to make sure I still get order notifications after the change.,True,2025-06-22T00:52:04
10005-4,10005,922,"I've resolved this on our end, please let us know if you need anything else.",True,2025-06-22T04:03:04
10005-5,10005,50290,Thanks for the help!,True,2025-06-22T05:34:04
10006-1,10006,51018,"I returned my order #392075 15 days ago adn haven't seen a refund yet, can you check?",True,2025-07-11T20:00:08
10006-2,10006,906,"I'm sorry for the trouble, checking your account now.",True,2025-07-11T23:17:08
10006-3,10006,51018,My bank still shows no refund received.,True,2025-07-12T00:52:08
10006-4,10006,906,"I'm sorry for the trouble, checking your account now.",True,2025-07-12T04:27:08
10006-5,10006,51018,"OK, still waiting to hear back.",True,2025-07-12T06:14:08
10006-6,10006,906,"Thanks for the details, give me a moment to check on this.",True,2025-07-12T08:03:08
10006-7,10006,51018,Any news?,True,2025-07-12T10:09:08
10006-8,10006,906,"Thanks for confirming, I've closed this out on our end.",True,2025-07-12T12:07:08
10006-9,10006,51018,"Great, appreciate the quick resolution.",True,2025-07-12T12:31:08
10007-1,10007,50234,"Hi, I can't log into my account, it keeps saying my password is wrong even after resetting it.",True,2025-07-16T18:29:58
10007-2,10007,901,"I'm sorry for the trouble, checking your account now.",True,2025-07-16T19:04:58
10007-3,10007,50234,I've tried clearing my cache and cookies too.,True,2025-07-16T19:34:58
10007-4,10007,901,"Thanks for the details, give me a moment to check on this.",True,2025-07-17T00:33:58
10007-5,10007,50234,Following up on this.,True,2025-07-17T01:35:58
10007-6,10007,901,"All set on our side now, thanks for your patience.",True,2025-07-17T04:48:58
10007-7,10007,50234,"Great, appreciate the quick resolution.",True,2025-07-17T05:43:58
10008-1,10008,50038,"Hello, just checking on the status of order #323508, it's been a few days and I haven't heard anything.",True,2025-07-22T05:52:06
10008-2,10008,914,"Thanks for reaching out, let me look into this for you.",True,2025-07-22T09:23:06
10008-3,10008,50038,"Still no movement on the tracking page, is that normal?",True,2025-07-22T14:16:06
10009-1,10009,50833,"Hi, quick question about your returns policy, can I return an item I already opened?",True,2025-06-25T00:40:32
10009-2,10009,921,"I'm sorry for the trouble, checking your account now.",True,2025-06-25T01:52:32
10009-3,10009,50833,Is there a restocking fee?,True,2025-06-25T05:48:32
10009-4,10009,921,"This has been taken care of, apologies again for the inconvenience.",True,2025-06-25T10:45:32
10009-5,10009,50833,Thanks for the help!,True,2025-06-25T11:59:32
10010-1,10010,51262,"Hello, just checking on the status of order #475190, it's been a few days and I haven't heard anything.",True,2025-08-12T11:09:55
10010-2,10010,911,"I'm sorry for the trouble, checking your account now.",True,2025-08-12T11:55:55
10010-3,10010,51262,Any update on this? It's been a while.,True,2025-08-12T15:36:55
10010-4,10010,911,"Thanks for the details, give me a moment to check on this.",True,2025-08-12T17:17:55
10010-5,10010,51262,Following up on this.,True,2025-08-12T19:12:55
10011-1,10011,53516,"Hi, I was only refunded part of my order, can you check what happened? Hi, the amount charged to my card doesn't match my order total, can you check?",True,2025-08-14T07:51:58
10011-2,10011,915,"I understand the frustration, let's get this sorted out.",True,2025-08-14T09:25:58
10011-3,10011,53516,Can someone look into the difference?,True,2025-08-14T14:09:58
10011-4,10011,915,"Thanks for the details, give me a moment to check on this.",True,2025-08-14T15:18:58
10011-5,10011,53516,Following up on this.,True,2025-08-14T16:13:58
10011-6,10011,915,"Thanks for reaching out, let me look into this for you.",True,2025-08-14T17:30:58
10011-7,10011,53516,Following up on this.,True,2025-08-14T18:07:58
10011-8,10011,915,"All set on our side now, thanks for your patience.",True,2025-08-14T20:08:58
10011-9,10011,53516,Thanks for the help!,True,2025-08-14T21:08:58
10012-1,10012,52129,"Hi, I'm getting a payment error and can't finish my order.",True,2025-08-05T11:37:47
10012-2,10012,925,"Thanks for the details, give me a moment to check on this.",True,2025-08-05T13:51:47
10012-3,10012,52129,Is there an issue on your end with payments?,True,2025-08-05T17:30:47
10012-4,10012,925,"I'm sorry for the trouble, checking your account now.",True,2025-08-05T21:06:47
10012-5,10012,52129,Any news?,True,2025-08-05T22:05:47
10013-1,10013,52244,"Hi, the amount charged to my card doesn't match my order total, can you check?",True,2025-06-20T03:09:27
10013-2,10013,900,"Thanks for the details, give me a moment to check on this.",True,2025-06-20T04:26:27
10013-3,10013,52244,"I have both charges on my statement, want me to send a screenshot?",True,2025-06-20T05:23:27
10013-4,10013,900,"I've resolved this on our end, please let us know if you need anything else.",True,2025-06-20T08:11:27
10013-5,10013,52244,"Great, appreciate the quick resolution.",True,2025-06-20T08:21:27
10014-1,10014,52942,Order #821024 was supposed to arrive on Jul 06 and it's still not here. What's going on?,True,2025-07-07T09:03:15
10014-2,10014,922,"Thanks for reaching out, let me look into this for you.",True,2025-07-07T13:02:15
10014-3,10014,52942,"Actually, sorry, let me explain the real issue. Hi, quick question about your returns policy, can I return an item I already opened?",True,2025-07-07T17:05:15
10014-4,10014,922,"Thanks for the details, give me a moment to check on this.",True,2025-07-07T21:46:15
10014-5,10014,52942,Following up on this.,True,2025-07-07T23:49:15
10014-6,10014,922,"I understand the frustration, let's get this sorted out.",True,2025-07-08T03:03:15
10014-7,10014,52942,Any news?,True,2025-07-08T05:33:15
10014-8,10014,922,"Thanks for confirming, I've closed this out on our end.",True,2025-07-08T06:23:15
10014-9,10014,52942,"Perfect, thank you.",True,2025-07-08T07:25:15
10015-1,10015,51124,"I just opened my package for order #435239 adn the running shoes is missing, only the rest of the items were inside.",True,2025-06-27T00:10:15
10015-2,10015,914,"Thanks for reaching out, let me look into this for you.",True,2025-06-27T04:06:15
10015-3,10015,51124,Can yuo send the missing item or refund it?,True,2025-06-27T07:30:15
10015-4,10015,914,"I understand the frustration, let's get this sorted out.",True,2025-06-27T10:59:15
10015-5,10015,51124,Following up on this.,True,2025-06-27T13:26:15
10015-6,10015,914,"I'm sorry for the trouble, checking your account now.",True,2025-06-27T16:44:15
10015-7,10015,51124,"OK, still waiting to hear back.",True,2025-06-27T18:58:15
10015-8,10015,914,"I've resolved this on our end, please let us know if you need anything else.",True,2025-06-27T20:17:15
10015-9,10015,51124,"Perfect, thank you.",True,2025-06-27T21:11:15
10016-1,10016,52548,The yoga mat I ordered stopped working after 8 days of normal use.,True,2025-07-06T20:45:37
10016-2,10016,917,"I understand the frustration, let's get this sorted out.",True,2025-07-06T22:16:37
10016-3,10016,52548,Can I get a replacement or refund?,True,2025-07-07T00:48:37
10016-4,10016,917,"I understand the frustration, let's get this sorted out.",True,2025-07-07T03:07:37
10016-5,10016,52548,Following up on this.,True,2025-07-07T03:21:37
10016-6,10016,917,"All set on our side now, thanks for your patience.",True,2025-07-07T05:49:37
10016-7,10016,52548,Thanks for the help!,True,2025-07-07T06:22:37
10017-1,10017,50816,I got refunded for order #219946 but the amount is way less than what I paid.,True,2025-06-22T17:06:08
10017-2,10017,900,"I'm sorry for the trouble, checking your account now.",True,2025-06-22T20:30:08
10017-3,10017,50816,I paid $194 and only got a fraction of that back.,True,2025-06-22T23:19:08
10017-4,10017,900,"I understand the frustration, let's get this sorted out.",True,2025-06-23T02:08:08
10017-5,10017,50816,Following up on this.,True,2025-06-23T03:59:08
10017-6,10017,900,"This has been taken care of, apologies again for the inconvenience.",True,2025-06-23T04:59:08
10017-7,10017,50816,"Perfect, thank you.",True,2025-06-23T05:17:08
10018-1,10018,52182,"Hi, the color/size I received doesn't match order #113266 at all.",True,2025-06-07T06:38:32
10018-2,10018,913,"I understand the frustration, let's get this sorted out.",True,2025-06-07T07:52:32
10018-3,10018,52182,Should I send this one back first?,True,2025-06-07T12:00:32
10018-4,10018,913,"I've resolved this on our end, please let us know if you need anything else.",True,2025-06-07T14:27:32
10018-5,10018,52182,"OK thank you, that answers my question.",True,2025-06-07T15:07:32
10019-1,10019,50117,Order #936587 was supposed to arrive on Jun 08 and it's still not here. What's going on?,True,2025-06-17T13:14:31
10019-2,10019,915,"I'm sorry for the trouble, checking your account now.",True,2025-06-17T15:41:31
10019-3,10019,50117,Do you have an updated delivry estimate?,True,2025-06-17T19:54:31
10019-4,10019,915,"All set on our side now, thanks for your patience.",True,2025-06-17T22:34:31
10019-5,10019,50117,"Perfect, thank you.",True,2025-06-18T00:03:31
10020-1,10020,51441,Order #856321 shows as delivered but I never received anything. I've checked with neighbours and the building office.,True,2025-06-28T21:49:16
10020-2,10020,922,"I'm sorry for the trouble, checking your account now.",True,2025-06-28T22:19:16
10020-3,10020,51441,"I've looked everywhere, it's genuinely not here.",True,2025-06-29T01:00:16
10020-4,10020,922,"This has been taken care of, apologies again for the inconvenience.",True,2025-06-29T04:14:16
10020-5,10020,51441,Thanks for the help!,True,2025-06-29T04:54:16
10021-1,10021,52612,"Hi, my order arrived and teh laptop sleeve is broken, it won't turn on at all.",True,2025-08-19T10:29:00
10021-2,10021,924,"Thanks for reaching out, let me look into this for you.",True,2025-08-19T13:29:00
10021-3,10021,52612,"I've tried everything, it's definitely faulty.",True,2025-08-19T14:56:00
10021-4,10021,924,"Thanks for reaching out, let me look into this for you.",True,2025-08-19T19:54:00
10021-5,10021,52612,"OK, still waiting to hear back.",True,2025-08-19T21:07:00
10021-6,10021,924,"I understand the frustration, let's get this sorted out.",True,2025-08-19T23:39:00
10021-7,10021,52612,Following up on this.,True,2025-08-20T02:24:00
10021-8,10021,924,"Thanks for confirming, I've closed this out on our end.",True,2025-08-20T05:12:00
10021-9,10021,52612,"OK thank you, that answers my question.",True,2025-08-20T06:14:00
10022-1,10022,53124,"Hello, just checking on the status of order #351516, it's been a few days and I haven't heard anything.",True,2025-06-25T02:07:42
10022-2,10022,906,"I understand the frustration, let's get this sorted out.",True,2025-06-25T03:24:42
10022-3,10022,53124,Any update on this? It's been a while.,True,2025-06-25T04:10:42
10022-4,10022,906,"I'm sorry for the trouble, checking your account now.",True,2025-06-25T06:35:42
10022-5,10022,53124,"OK, still waiting to hear back.",True,2025-06-25T08:33:42
10022-6,10022,906,"This has been taken care of, apologies again for the inconvenience.",True,2025-06-25T11:02:42
10022-7,10022,53124,"Great, appreciate the quick resolution.",True,2025-06-25T11:41:42
10023-1,10023,51798,"I returned my order #385470 9 days ago and haven't seen a refund yet, can you check?",True,2025-06-28T16:17:44
10023-2,10023,903,"Thanks for reaching out, let me look into this for you.",True,2025-06-28T19:14:44
10023-3,10023,51798,"Actually, sorry, let me explain the real issue. Hi, quick question about your returns policy, can I return an item I already opened?",True,2025-06-28T21:41:44
10023-4,10023,903,"All set on our side now, thanks for your patience.",True,2025-06-28T23:20:44
10023-5,10023,51798,"OK thank you, that answers my question.",True,2025-06-28T23:48:44
10024-1,10024,51672,Order #531641 was supposed to arrive on May 25 and it's still not here. What's going on?,True,2025-06-10T12:30:54
10024-2,10024,910,"Thanks for reaching out, let me look into this for you.",True,2025-06-10T14:46:54
10024-3,10024,51672,Do you have an updated delivery estimate?,True,2025-06-10T19:33:54
10024-4,10024,910,"I understand the frustration, let's get this sorted out.",True,2025-06-10T22:48:54
10024-5,10024,51672,Any news?,True,2025-06-11T01:38:54
10024-6,10024,910,"This has been taken care of, apologies again for the inconvenience.",True,2025-06-11T02:01:54
10024-7,10024,51672,"OK thank you, that answers my question.",True,2025-06-11T02:42:54
10025-1,10025,52907,"Hi, when will I get my money back for the item I sent back?",True,2025-06-02T05:52:35
10025-2,10025,905,"I'm sorry for the trouble, checking your account now.",True,2025-06-02T07:57:35
10025-3,10025,52907,It's been longer than the timeline you gave me.,True,2025-06-02T12:00:35
10025-4,10025,905,"I'm sorry for the trouble, checking your account now.",True,2025-06-02T16:30:35
10025-5,10025,52907,Any news?,True,2025-06-02T16:57:35
10025-6,10025,905,"All set on our side now, thanks for your patience.",True,2025-06-02T18:53:35
10025-7,10025,52907,Thanks for the help!,True,2025-06-02T20:43:35
10026-1,10026,51829,"My card keeps getting declined when I try to check out, even though there are funds available.",True,2025-07-01T06:13:35
10026-2,10026,917,"I understand the frustration, let's get this sorted out.",True,2025-07-01T09:36:35
10026-3,10026,51829,Is there an issue on your end with payments?,True,2025-07-01T10:08:35
10026-4,10026,917,"I understand the frustration, let's get this sorted out.",True,2025-07-01T14:20:35
10026-5,10026,51829,Following up on this.,True,2025-07-01T16:08:35
10027-1,10027,53580,"Hello, just checking on the status of order #251157, it's been a few days and I haven't heard anything.",True,2025-08-22T20:53:29
10027-2,10027,914,"I understand the frustration, let's get this sorted out.",True,2025-08-23T00:36:29
10027-3,10027,53580,"Still no movement on teh tracking page, is that normal?",True,2025-08-23T03:28:29
10027-4,10027,914,"All set on our side now, thanks for your patience.",True,2025-08-23T04:13:29
10027-5,10027,53580,Thanks for the help!,True,2025-08-23T04:47:29
10028-1,10028,50681,What's the process to send back an item I ordered? It doesn't fit.,True,2025-06-03T15:14:02
10028-2,10028,922,"I understand the frustration, let's get this sorted out.",True,2025-06-03T15:39:02
10028-3,10028,50681,Where do I send the package back to?,True,2025-06-03T17:52:02
10028-4,10028,922,"I understand the frustration, let's get this sorted out.",True,2025-06-03T21:58:02
10028-5,10028,50681,Following up on this.,True,2025-06-03T23:13:02
10029-1,10029,50302,"I moved recently and my order #544920 is still set to go to my old address, can this be fixed?",True,2025-08-29T21:33:37
10029-2,10029,914,"Thanks for the details, give me a moment to check on this.",True,2025-08-30T00:37:37
10029-3,10029,50302,I'm worried it will ship before this gets fixed.,True,2025-08-30T00:58:37
10030-1,10030,53177,Order #299367 was supposed to arrive on Jul 23 and it's still not here. What's going on?,True,2025-08-12T23:50:22
10030-2,10030,925,"Thanks for the details, give me a moment to check on this.",True,2025-08-13T02:23:22
10030-3,10030,53177,"It's been 12 extra days now, this is getting frustrating.",True,2025-08-13T03:40:22
10030-4,10030,925,"This has been taken care of, apologies again for the inconvenience.",True,2025-08-13T06:21:22
10030-5,10030,53177,"Perfect, thank you.",True,2025-08-13T06:42:22
10031-1,10031,53303,"Hi, my delivery is running late, I ordered the sneakers over a week ago.",True,2025-07-01T19:56:51
10031-2,10031,909,"Thanks for the details, give me a moment to check on this.",True,2025-07-01T21:35:51
10031-3,10031,53303,Do you have an updated delivery estimate?,True,2025-07-02T01:00:51
10031-4,10031,909,"Thanks for the details, give me a moment to check on this.",True,2025-07-02T01:22:51
10031-5,10031,53303,"OK, still waiting to hear back.",True,2025-07-02T04:08:51
10031-6,10031,909,"Thanks for confirming, I've closed this out on our end.",True,2025-07-02T07:03:51
10031-7,10031,53303,"Perfect, thank you.",True,2025-07-02T08:37:51
10032-1,10032,51246,The bluetooth speaker I ordered stopped working after 12 days of normal use.,True,2025-06-22T08:55:56
10032-2,10032,915,"I understand the frustration, let's get this sorted out.",True,2025-06-22T11:37:56
10032-3,10032,51246,"I've tried everything, it's definitely faulty.",True,2025-06-22T14:10:56
10032-4,10032,915,"This has been taken care of, apologies again for the inconvenience.",True,2025-06-22T17:29:56
10032-5,10032,51246,"Perfect, thank you.",True,2025-06-22T19:23:56
10033-1,10033,51630,"Hi, I was supposed to get a discount but my order #196126 was charged full price.",True,2025-06-12T02:51:54
10033-2,10033,908,"I'm sorry for the trouble, checking your account now.",True,2025-06-12T05:20:54
10033-3,10033,51630,The code was definitely still valid.,True,2025-06-12T06:05:54
10033-4,10033,908,"I've resolved this on our end, please let us know if you need anything else.",True,2025-06-12T08:14:54
10033-5,10033,51630,"Great, appreciate the quick resolution.",True,2025-06-12T08:54:54
10034-1,10034,52707,"Hi, the amount charged to my card doesn't match my order total, can you check?",True,2025-07-03T14:35:50
10034-2,10034,900,"Thanks for reaching out, let me look into this for you.",True,2025-07-03T16:51:50
10034-3,10034,52707,"I have both charges on my statement, want me to send a screenshot?",True,2025-07-03T20:52:50
10034-4,10034,900,"Thanks for the details, give me a moment to check on this.",True,2025-07-03T21:24:50
10034-5,10034,52707,Following up on this.,True,2025-07-03T23:31:50
10034-6,10034,900,"Thanks for confirming, I've closed this out on our end.",True,2025-07-03T23:48:50
10034-7,10034,52707,"OK thank you, that answers my question.",True,2025-07-04T01:41:50
10035-1,10035,50330,"Hi, my order arrived but it's short one item, the box wasn't damaged so I'm not sure what happened.",True,2025-06-06T23:29:08
10035-2,10035,910,"I'm sorry for the trouble, checking your account now.",True,2025-06-07T00:03:08
10035-3,10035,50330,"Actually, sorry, let me explain the real issue. Have you considered adding more filters to the search page? Would make browsing easier.",True,2025-06-07T03:53:08
10035-4,10035,910,"Thanks for confirming, I've closed this out on our end.",True,2025-06-07T07:27:08
10035-5,10035,50330,"Perfect, thank you.",True,2025-06-07T08:12:08
10036-1,10036,50373,"My card keeps getting declined when I try to check out, even though there are funds available.",True,2025-06-09T18:56:47
10036-2,10036,902,"I understand the frustration, let's get this sorted out.",True,2025-06-09T22:13:47
10036-3,10036,50373,Is there an issue on your end with payments?,True,2025-06-09T22:49:47
10036-4,10036,902,"This has been taken care of, apologies again for the inconvenience.",True,2025-06-10T01:38:47
10036-5,10036,50373,"OK thank you, that answers my question.",True,2025-06-10T02:02:47
10037-1,10037,53123,"Hi, I was supposed to get a discount but my order #904711 was charged full price.",True,2025-08-13T11:24:27
10037-2,10037,908,"Thanks for the details, give me a moment to check on this.",True,2025-08-13T14:44:27
10037-3,10037,53123,Can yuo apply it retroactively or refund the difference?,True,2025-08-13T17:47:27
10037-4,10037,908,"Thanks for reaching out, let me look into this for you.",True,2025-08-13T22:46:27
10037-5,10037,53123,Following up on this.,True,2025-08-13T23:32:27
10038-1,10038,50644,"I want to file a complaint, my overall experience with this order has been really disappointing.",True,2025-06-30T12:37:49
10038-2,10038,911,"I understand the frustration, let's get this sorted out.",True,2025-06-30T15:31:49
10038-3,10038,50644,I'd like to know how this will be addressed.,True,2025-06-30T19:49:49
10038-4,10038,911,"I've resolved this on our end, please let us know if you need anything else.",True,2025-06-30T23:31:49
10038-5,10038,50644,"OK thank you, that answers my question.",True,2025-07-01T00:20:49
10039-1,10039,50903,Order #321494 was supposed to arrive on May 31 and it's still not here. What's going on?,True,2025-06-05T23:40:00
10039-2,10039,912,"Thanks for the details, give me a moment to check on this.",True,2025-06-06T00:43:00
10039-3,10039,50903,Do you have an updated delivry estimate?,True,2025-06-06T01:29:00
10039-4,10039,912,"All set on our side now, thanks for your patience.",True,2025-06-06T01:48:00
10039-5,10039,50903,"OK thank you, that answers my question.",True,2025-06-06T03:06:00
10040-1,10040,51330,"Hi, I was supposed to get a discount but my order #479430 was charged full price.",True,2025-07-27T06:18:29
10040-2,10040,905,"Thanks for the details, give me a moment to check on this.",True,2025-07-27T07:42:29
10040-3,10040,51330,Can you apply it retroactively or refund teh difference?,True,2025-07-27T09:45:29
10040-4,10040,905,"I'm sorry for the trouble, checking your account now.",True,2025-07-27T10:53:29
10040-5,10040,51330,Any news?,True,2025-07-27T12:32:29
10041-1,10041,51048,"Hi, I'm getting a payment error and can't finish my order.",True,2025-06-14T21:56:48
10041-2,10041,906,"Thanks for the details, give me a moment to check on this.",True,2025-06-15T00:40:48
10041-3,10041,51048,I've tried two different cards now.,True,2025-06-15T03:31:48
10041-4,10041,906,"All set on our side now, thanks for your patience.",True,2025-06-15T07:26:48
10041-5,10041,51048,"Perfect, thank you.",True,2025-06-15T09:12:48
10042-1,10042,51851,"Hi, I placed order #996840 on Aug 12 and I can't find any tracking info. Can you tell me where it is?",True,2025-08-15T16:52:18
10042-2,10042,901,"I'm sorry for the trouble, checking your account now.",True,2025-08-15T18:58:18
10042-3,10042,51851,"Still no movement on the tracking page, is that normal?",True,2025-08-15T19:39:18
10042-4,10042,901,"Thanks for reaching out, let me look into this for you.",True,2025-08-15T22:44:18
10042-5,10042,51851,Following up on this.,True,2025-08-16T01:03:18
10042-6,10042,901,"Thanks for reaching out, let me look into this for you.",True,2025-08-16T01:57:18
10042-7,10042,51851,Following up on this.,True,2025-08-16T03:10:18
10043-1,10043,51674,"Hi, the amount charged to my card doesn't match my order total, can you check?",True,2025-07-25T10:06:03
10043-2,10043,924,"Thanks for reaching out, let me look into this for you.",True,2025-07-25T11:36:03
10043-3,10043,51674,This needs to be corrected soon.,True,2025-07-25T12:58:03
10043-4,10043,924,"I understand the frustration, let's get this sorted out.",True,2025-07-25T15:46:03
10043-5,10043,51674,Following up on this.,True,2025-07-25T16:29:03
10043-6,10043,924,"Thanks for reaching out, let me look into this for you.",True,2025-07-25T19:40:03
10043-7,10043,51674,Following up on this.,True,2025-07-25T21:09:03
10043-8,10043,924,"All set on our side now, thanks for your patience.",True,2025-07-25T22:55:03
10043-9,10043,51674,"Great, appreciate the quick resolution.",True,2025-07-26T00:44:03
10044-1,10044,51482,"Hi, when will I get my money back for the item I sent back?",True,2025-06-17T09:47:13
10044-2,10044,900,"Thanks for reaching out, let me look into this for you.",True,2025-06-17T13:25:13
10044-3,10044,51482,It's been longer than the timeline you gave me.,True,2025-06-17T16:27:13
10044-4,10044,900,"I'm sorry for the trouble, checking your account now.",True,2025-06-17T18:09:13
10044-5,10044,51482,Any news?,True,2025-06-17T21:23:13
10044-6,10044,900,"This has been taken care of, apologies again for the inconvenience.",True,2025-06-17T21:44:13
10044-7,10044,51482,"Perfect, thank you.",True,2025-06-17T22:45:13
10045-1,10045,51267,"Hi, my delivery is running late, I ordered the laptop sleeve over a week ago.",True,2025-08-22T06:45:53
10045-2,10045,925,"Thanks for reaching out, let me look into this for you.",True,2025-08-22T07:54:53
10045-3,10045,51267,Do you have an updated delivery estimate?,True,2025-08-22T12:10:53
10045-4,10045,925,"Thanks for the details, give me a moment to check on this.",True,2025-08-22T16:44:53
10045-5,10045,51267,"OK, still waiting to hear back.",True,2025-08-22T17:15:53
10045-6,10045,925,"I understand the frustration, let's get this sorted out.",True,2025-08-22T18:34:53
10045-7,10045,51267,"OK, still waiting to hear back.",True,2025-08-22T20:55:53
10045-8,10045,925,"This has been taken care of, apologies again for the inconvenience.",True,2025-08-22T22:56:53
10045-9,10045,51267,"OK thank you, that answers my question.",True,2025-08-23T00:45:53
10046-1,10046,51531,Order #434165 was supposed to arrive on Jun 04 adn it's still not here. What's going on?,True,2025-06-08T10:16:23
10046-2,10046,907,"I understand the frustration, let's get this sorted out.",True,2025-06-08T13:35:23
10046-3,10046,51531,"It's been 13 extra days now, this is getting frustrating.",True,2025-06-08T17:34:23
10046-4,10046,907,"This has been taken care of, apologies again for the inconvenience.",True,2025-06-08T18:24:23
10046-5,10046,51531,"OK thank you, that answers my question.",True,2025-06-08T19:39:23
10047-1,10047,50195,"I got refunded for order #216242 but the amount is way less than what I paid. Hi, the amount charged to my card doesn't match my order total, can you check?",True,2025-08-12T06:17:39
10047-2,10047,907,"I understand the frustration, let's get this sorted out.",True,2025-08-12T07:23:39
10047-3,10047,50195,I paid $19 and only got a fraction of that back.,True,2025-08-12T09:08:39
10047-4,10047,907,"I've resolved this on our end, please let us know if you need anything else.",True,2025-08-12T12:22:39
10047-5,10047,50195,"OK thank you, that answers my question.",True,2025-08-12T13:16:39
10048-1,10048,51462,"Quick question, is the desk lamp compatible with older devices?",True,2025-06-22T22:44:46
10048-2,10048,925,"I understand the frustration, let's get this sorted out.",True,2025-06-23T02:08:46
10048-3,10048,51462,"Also, what material is it made from?",True,2025-06-23T06:23:46
10048-4,10048,925,"Thanks for confirming, I've closed this out on our end.",True,2025-06-23T07:42:46
10048-5,10048,51462,"Perfect, thank you.",True,2025-06-23T07:51:46
10049-1,10049,52111,"Hi, the courier says my package for order #889882 was delivered but it's nowhere to be found.",True,2025-07-20T10:16:30
10049-2,10049,912,"I understand the frustration, let's get this sorted out.",True,2025-07-20T12:13:30
10049-3,10049,52111,"I've looked everywhere, it's genuinely not here.",True,2025-07-20T15:16:30
10049-4,10049,912,"Thanks for the details, give me a moment to check on this.",True,2025-07-20T19:40:30
10049-5,10049,52111,Any news?,True,2025-07-20T22:02:30
10049-6,10049,912,"I've resolved this on our end, please let us know if you need anything else.",True,2025-07-20T22:33:30
10049-7,10049,52111,"Great, appreciate the quick resolution.",True,2025-07-20T23:33:30
10050-1,10050,51255,Is there any way to get notified when the wireless headphones is restocked?,True,2025-07-09T18:51:10
10050-2,10050,914,"I understand the frustration, let's get this sorted out.",True,2025-07-09T19:15:10
10050-3,10050,51255,"I really want this before Jun 24, is that realistic?",True,2025-07-09T22:31:10
10050-4,10050,914,"Thanks for confirming, I've closed this out on our end.",True,2025-07-09T22:56:10
10050-5,10050,51255,"Great, appreciate the quick resolution.",True,2025-07-09T23:05:10
10051-1,10051,52781,"Hi, I'm getting a payment error and can't finish my order.",True,2025-07-04T20:40:28
10051-2,10051,914,"I understand the frustration, let's get this sorted out.",True,2025-07-04T22:52:28
10051-3,10051,52781,I've tried two different cards now.,True,2025-07-05T03:49:28
10051-4,10051,914,"I understand the frustration, let's get this sorted out.",True,2025-07-05T06:13:28
10051-5,10051,52781,Following up on this.,True,2025-07-05T07:17:28
10051-6,10051,914,"Thanks for confirming, I've closed this out on our end.",True,2025-07-05T08:40:28
10051-7,10051,52781,Thanks for the help!,True,2025-07-05T09:10:28
10052-1,10052,53319,"Hi, before I order the sunglasses, does it come in a larger size?",True,2025-08-29T19:12:20
10052-2,10052,921,"I'm sorry for the trouble, checking your account now.",True,2025-08-29T20:08:20
10052-3,10052,53319,Do yuo have a size guide I can check?,True,2025-08-29T22:19:20
10052-4,10052,921,"I understand the frustration, let's get this sorted out.",True,2025-08-30T03:12:20
10052-5,10052,53319,"OK, still waiting to hear back.",True,2025-08-30T05:43:20
10053-1,10053,53150,"Hi, I have a question but I'm not totally sure it's the right team to ask.",True,2025-06-07T17:06:08
10053-2,10053,913,"Thanks for reaching out, let me look into this for you.",True,2025-06-07T20:53:08
10053-3,10053,53150,Let me know if I should contact someone else instead.,True,2025-06-07T22:06:08
10053-4,10053,913,"This has been taken care of, apologies again for the inconvenience.",True,2025-06-08T00:51:08
10053-5,10053,53150,"Perfect, thank you.",True,2025-06-08T01:40:08
10054-1,10054,52560,"I ordered the denim jacket but recieved a completely different item. Hi, my order arrived and the denim jacket is broken, it won't turn on at all.",True,2025-06-09T12:05:32
10054-2,10054,909,"I'm sorry for the trouble, checking your account now.",True,2025-06-09T14:56:32
10054-3,10054,52560,I still want the item I originally ordered.,True,2025-06-09T18:39:32
10054-4,10054,909,"Thanks for the details, give me a moment to check on this.",True,2025-06-09T21:17:32
10054-5,10054,52560,"OK, still waiting to hear back.",True,2025-06-09T23:30:32
10054-6,10054,909,"Thanks for confirming, I've closed this out on our end.",True,2025-06-10T02:35:32
10054-7,10054,52560,Thanks for the help!,True,2025-06-10T02:49:32
10055-1,10055,51393,"Hi, I'd like to return the denim jacket from order #462147, can you send me a return label?",True,2025-08-18T09:56:45
10055-2,10055,919,"I understand the frustration, let's get this sorted out.",True,2025-08-18T11:39:45
10055-3,10055,51393,"Actually, sorry, let me explain the real issue. I ordered the denim jacket but received a completely different item.",True,2025-08-18T13:56:45
10055-4,10055,919,"I understand the frustration, let's get this sorted out.",True,2025-08-18T15:43:45
10055-5,10055,51393,Any news?,True,2025-08-18T18:04:45
10056-1,10056,50881,"Hi, quick question about your returns policy, can I return an item I already opened?",True,2025-06-05T14:24:18
10056-2,10056,918,"I understand the frustration, let's get this sorted out.",True,2025-06-05T17:44:18
10056-3,10056,50881,Does that apply to sale items too?,True,2025-06-05T21:01:18
10056-4,10056,918,"All set on our side now, thanks for your patience.",True,2025-06-06T00:36:18
10056-5,10056,50881,"Perfect, thank you.",True,2025-06-06T01:51:18
10057-1,10057,52786,"Hi, when will I get my money back for the item I sent back? I was charged twice for order #933510, can you refund the duplicate?",True,2025-08-28T18:06:06
10057-2,10057,919,"Thanks for the details, give me a moment to check on this.",True,2025-08-28T21:13:06
10057-3,10057,52786,My bank still shows no refund received.,True,2025-08-29T01:25:06
10057-4,10057,919,"This has been taken care of, apologies again for the inconvenience.",True,2025-08-29T02:46:06
10057-5,10057,52786,"Perfect, thank you.",True,2025-08-29T03:41:06
10058-1,10058,53341,This might not be the right place but I wasn't sure where else to send this.,True,2025-08-01T07:57:07
10058-2,10058,900,"I'm sorry for the trouble, checking your account now.",True,2025-08-01T10:30:07
10058-3,10058,53341,Sorry if this isn't the right department.,True,2025-08-01T11:06:07
10058-4,10058,900,"I've resolved this on our end, please let us know if you need anything else.",True,2025-08-01T14:30:07
10058-5,10058,53341,Thanks for the help!,True,2025-08-01T15:48:07
10059-1,10059,51691,"Hi, my order arrived and the desk lamp is broken, it won't turn on at all.",True,2025-07-16T16:14:49
10059-2,10059,922,"Thanks for the details, give me a moment to check on this.",True,2025-07-16T18:16:49
10059-3,10059,51691,Can I get a replacement or refund?,True,2025-07-16T23:05:49
10059-4,10059,922,"I'm sorry for the trouble, checking your account now.",True,2025-07-17T01:30:49
10059-5,10059,51691,Any news?,True,2025-07-17T02:43:49
10059-6,10059,922,"All set on our side now, thanks for your patience.",True,2025-07-17T05:15:49
10059-7,10059,51691,"Perfect, thank you.",True,2025-07-17T06:58:49
10060-1,10060,53257,"Hi, before I order the leather wallet, does it come in a larger size?",True,2025-06-12T02:14:36
10060-2,10060,923,"Thanks for the details, give me a moment to check on this.",True,2025-06-12T04:12:36
10060-3,10060,53257,"Also, what material is it made from?",True,2025-06-12T08:27:36
10060-4,10060,923,"Thanks for the details, give me a moment to check on this.",True,2025-06-12T10:20:36
10060-5,10060,53257,Following up on this.,True,2025-06-12T12:53:36
10060-6,10060,923,"This has been taken care of, apologies again for the inconvenience.",True,2025-06-12T14:12:36
10060-7,10060,53257,Thanks for the help!,True,2025-06-12T14:48:36
10061-1,10061,50410,"Hi, the sunglasses shows as out of stock, do you know when it'll be available again?",True,2025-07-13T23:58:06
10061-2,10061,913,"I'm sorry for the trouble, checking your account now.",True,2025-07-14T00:25:06
10061-3,10061,50410,"Actually, sorry, let me explain the real issue. Hi, I have a question but I'm not totally sure it's the right team to ask.",True,2025-07-14T05:08:06
10061-4,10061,913,"Thanks for reaching out, let me look into this for you.",True,2025-07-14T06:48:06
10061-5,10061,50410,Any news?,True,2025-07-14T08:39:06
10061-6,10061,913,"Thanks for the details, give me a moment to check on this.",True,2025-07-14T09:36:06
10061-7,10061,50410,"OK, still waiting to hear back.",True,2025-07-14T09:55:06
10061-8,10061,913,"I've resolved this on our end, please let us know if you need anything else.",True,2025-07-14T11:21:06
10061-9,10061,50410,"Perfect, thank you.",True,2025-07-14T12:08:06
10062-1,10062,53485,"Hello, just checking on the status of order #270387, it's been a few days and I haven't heard anything.",True,2025-06-18T13:12:51
10062-2,10062,916,"I understand the frustration, let's get this sorted out.",True,2025-06-18T16:56:51
10062-3,10062,53485,"Still no movement on the tracking page, is that normal?",True,2025-06-18T20:44:51
10062-4,10062,916,"I understand the frustration, let's get this sorted out.",True,2025-06-18T22:28:51
10062-5,10062,53485,"OK, still waiting to hear back.",True,2025-06-19T00:00:51
10062-6,10062,916,"Thanks for the details, give me a moment to check on this.",True,2025-06-19T00:11:51
10062-7,10062,53485,"OK, still waiting to hear back.",True,2025-06-19T01:59:51
10062-8,10062,916,"All set on our side now, thanks for your patience.",True,2025-06-19T04:03:51
10062-9,10062,53485,Thanks for the help!,True,2025-06-19T04:46:51
10063-1,10063,52735,"Hi, the desk lamp shows as out of stock, do you know when it'll be available again?",True,2025-06-15T12:54:25
10063-2,10063,903,"Thanks for the details, give me a moment to check on this.",True,2025-06-15T15:34:25
10063-3,10063,52735,Can I reserve one in advance?,True,2025-06-15T19:16:25
10063-4,10063,903,"I'm sorry for the trouble, checking your account now.",True,2025-06-16T00:01:25
10063-5,10063,52735,Following up on this.,True,2025-06-16T01:14:25
10064-1,10064,52310,"Hi, quick question about your returns policy, can I return an item I already opened?",True,2025-07-20T20:21:57
10064-2,10064,903,"I understand the frustration, let's get this sorted out.",True,2025-07-21T00:16:57
10064-3,10064,52310,Is there a restocking fee?,True,2025-07-21T00:54:57
10064-4,10064,903,"I understand the frustration, let's get this sorted out.",True,2025-07-21T02:11:57
10064-5,10064,52310,"OK, still waiting to hear back.",True,2025-07-21T04:45:57
10064-6,10064,903,"All set on our side now, thanks for your patience.",True,2025-07-21T07:18:57
10064-7,10064,52310,Thanks for the help!,True,2025-07-21T08:55:57
10065-1,10065,51735,"Hi, I've had several issues with my last few orders and I'm not happy with the service.",True,2025-07-20T06:11:03
10065-2,10065,911,"I understand the frustration, let's get this sorted out.",True,2025-07-20T07:52:03
10065-3,10065,51735,This isn't the first time either.,True,2025-07-20T08:43:03
10066-1,10066,53419,"Hi, I was only refunded part of my order, can you check what happened?",True,2025-08-29T01:32:19
10066-2,10066,900,"Thanks for reaching out, let me look into this for you.",True,2025-08-29T04:42:19
10066-3,10066,53419,Can someone look into the difference?,True,2025-08-29T05:08:19
10066-4,10066,900,"I've resolved this on our end, please let us know if you need anything else.",True,2025-08-29T05:26:19
10066-5,10066,53419,Thanks for the help!,True,2025-08-29T06:28:19
10067-1,10067,52210,"Hi, my delivery is running late, I ordered the leather wallet over a week ago.",True,2025-08-10T15:20:03
10067-2,10067,906,"Thanks for the details, give me a moment to check on this.",True,2025-08-10T17:10:03
10067-3,10067,52210,"It's been 13 extra days now, this is getting frustrating.",True,2025-08-10T19:40:03
10067-4,10067,906,"I'm sorry for the trouble, checking your account now.",True,2025-08-11T00:35:03
10067-5,10067,52210,Following up on this.,True,2025-08-11T03:25:03
10067-6,10067,906,"I understand the frustration, let's get this sorted out.",True,2025-08-11T05:24:03
10067-7,10067,52210,Any news?,True,2025-08-11T05:46:03
10067-8,10067,906,"All set on our side now, thanks for your patience.",True,2025-08-11T08:40:03
10067-9,10067,52210,"OK thank you, that answers my question.",True,2025-08-11T10:14:03
10068-1,10068,53478,"Hi, could you send me an invoice for order #160423? I need it for accounting.",True,2025-08-04T09:43:09
10068-2,10068,907,"Thanks for the details, give me a moment to check on this.",True,2025-08-04T13:24:09
10068-3,10068,53478,"Actually, sorry, let me explain teh real issue. My card keeps getting declined when I try to check out, even though there are funds available.",True,2025-08-04T14:21:09
10068-4,10068,907,"Thanks for reaching out, let me look into this for you.",True,2025-08-04T17:44:09
10068-5,10068,53478,"OK, still waiting to hear back.",True,2025-08-04T18:12:09
10068-6,10068,907,"This has been taken care of, apologies again for the inconvenience.",True,2025-08-04T20:52:09
10068-7,10068,53478,"Great, appreciate the quick resolution.",True,2025-08-04T21:58:09
10069-1,10069,50867,"Hi, I have a question but I'm not totally sure it's the right team to ask.",True,2025-06-11T16:16:47
10069-2,10069,906,"Thanks for the details, give me a moment to check on this.",True,2025-06-11T18:37:47
10069-3,10069,50867,Sorry if this isn't the right department.,True,2025-06-11T21:24:47
10070-1,10070,51695,Order #373441 was supposed to arrive on Jun 03 and it's still not here. What's going on?,True,2025-06-21T03:22:47
10070-2,10070,901,"Thanks for the details, give me a moment to check on this.",True,2025-06-21T05:47:47
10070-3,10070,51695,Do you have an updated delivery estimate?,True,2025-06-21T08:08:47
10070-4,10070,901,"All set on our side now, thanks for your patience.",True,2025-06-21T12:29:47
10070-5,10070,51695,"Great, appreciate the quick resolution.",True,2025-06-21T12:55:47
10071-1,10071,53436,"I was charged twice for order #532424, can yuo refund the duplicate?",True,2025-07-31T19:44:03
10071-2,10071,902,"I understand the frustration, let's get this sorted out.",True,2025-07-31T22:39:03
10071-3,10071,53436,"I have both charges on my statement, want me to send a screenshot?",True,2025-08-01T02:58:03
10071-4,10071,902,"I understand the frustration, let's get this sorted out.",True,2025-08-01T03:11:03
10071-5,10071,53436,"OK, still waiting to hear back.",True,2025-08-01T03:24:03
10071-6,10071,902,"All set on our side now, thanks for your patience.",True,2025-08-01T05:49:03
10071-7,10071,53436,"OK thank you, that answers my question.",True,2025-08-01T05:56:03
10072-1,10072,52147,"Hi, the courier says my package for order #471658 was delivered but it's nowhere to be found.",True,2025-07-27T09:55:33
10072-2,10072,904,"Thanks for reaching out, let me look into this for you.",True,2025-07-27T13:37:33
10072-3,10072,52147,"I've looked everywhere, it's genuinely not here.",True,2025-07-27T14:03:33
10072-4,10072,904,"I've resolved this on our end, please let us know if you need anything else.",True,2025-07-27T17:40:33
10072-5,10072,52147,Thanks for the help!,True,2025-07-27T19:06:33
10073-1,10073,52317,"Hi, the courier says my package for order #825916 was delivered but it's nowhere to be found. Hi, when will I get my money back for the item I sent back?",True,2025-08-23T15:55:02
10073-2,10073,903,"I'm sorry for the trouble, checking your account now.",True,2025-08-23T16:04:02
10073-3,10073,52317,Can you open an investigation with the carrier?,True,2025-08-23T17:27:02
10074-1,10074,52051,"I returned my order #979414 11 days ago and haven't seen a refund yet, can you check?",True,2025-06-05T21:18:06
10074-2,10074,923,"I understand the frustration, let's get this sorted out.",True,2025-06-05T23:44:06
10074-3,10074,52051,It's been longer than the timeline you gave me.,True,2025-06-06T03:35:06
10074-4,10074,923,"Thanks for the details, give me a moment to check on this.",True,2025-06-06T04:28:06
10074-5,10074,52051,Following up on this.,True,2025-06-06T05:41:06
10074-6,10074,923,"This has been taken care of, apologies again for the inconvenience.",True,2025-06-06T06:09:06
10074-7,10074,52051,"Great, appreciate the quick resolution.",True,2025-06-06T07:02:06
10075-1,10075,50021,"Hi, I placed order #191537 on Aug 03 and I can't find any tracking info. Can you tell me where it is?",True,2025-08-09T07:11:17
10075-2,10075,909,"I understand the frustration, let's get this sorted out.",True,2025-08-09T10:57:17
10075-3,10075,50021,"Still no movement on the tracking page, is that normal?",True,2025-08-09T11:13:17
10075-4,10075,909,"I'm sorry for the trouble, checking your account now.",True,2025-08-09T16:09:17
10075-5,10075,50021,Following up on this.,True,2025-08-09T18:45:17
10075-6,10075,909,"I understand the frustration, let's get this sorted out.",True,2025-08-09T19:38:17
10075-7,10075,50021,"OK, still waiting to hear back.",True,2025-08-09T20:31:17
10075-8,10075,909,"Thanks for confirming, I've closed this out on our end.",True,2025-08-09T21:49:17
10075-9,10075,50021,Thanks for the help!,True,2025-08-09T22:12:17
10076-1,10076,51479,How many days do I have to return something after delivery?,True,2025-08-05T14:49:40
10076-2,10076,908,"I understand the frustration, let's get this sorted out.",True,2025-08-05T16:18:40
10076-3,10076,51479,Is there a restocking fee?,True,2025-08-05T19:19:40
10076-4,10076,908,"This has been taken care of, apologies again for the inconvenience.",True,2025-08-05T20:38:40
10076-5,10076,51479,"Perfect, thank you.",True,2025-08-05T21:44:40
10077-1,10077,52358,"Hi, could you send me an invoice for order #512022? I need it for accounting.",True,2025-07-05T05:30:17
10077-2,10077,925,"Thanks for the details, give me a moment to check on this.",True,2025-07-05T07:27:17
10077-3,10077,52358,I need this fairly soon for my records.,True,2025-07-05T08:12:17
10077-4,10077,925,"All set on our side now, thanks for your patience.",True,2025-07-05T12:37:17
10077-5,10077,52358,"Great, appreciate the quick resolution.",True,2025-07-05T14:06:17
10078-1,10078,52188,"I returned my order #138551 14 days ago and haven't seen a refund yet, can you check?",True,2025-08-19T03:44:44
10078-2,10078,916,"I understand the frustration, let's get this sorted out.",True,2025-08-19T06:42:44
10078-3,10078,52188,"Actually, sorry, let me explain the real issue. What benefits come with the premium membership tier?",True,2025-08-19T09:41:44
10078-4,10078,916,"I'm sorry for the trouble, checking your account now.",True,2025-08-19T11:44:44
10078-5,10078,52188,Any news?,True,2025-08-19T13:48:44
10078-6,10078,916,"This has been taken care of, apologies again for the inconvenience.",True,2025-08-19T15:38:44
10078-7,10078,52188,Thanks for the help!,True,2025-08-19T16:27:44
10079-1,10079,50475,"Hi, I was only refunded part of my order, can you check what happened?",True,2025-06-29T09:20:21
10079-2,10079,923,"Thanks for reaching out, let me look into this for you.",True,2025-06-29T09:54:21
10079-3,10079,50475,I paid $136 and only got a fraction of that back.,True,2025-06-29T12:59:21
10079-4,10079,923,"I'm sorry for the trouble, checking your account now.",True,2025-06-29T14:33:21
10079-5,10079,50475,"OK, still waiting to hear back.",True,2025-06-29T16:55:21
10079-6,10079,923,"I'm sorry for the trouble, checking your account now.",True,2025-06-29T19:26:21
10079-7,10079,50475,Following up on this.,True,2025-06-29T21:00:21
10080-1,10080,52623,The phone case I ordered stopped working after 8 days of normal use.,True,2025-06-03T15:46:47
10080-2,10080,921,"Thanks for reaching out, let me look into this for you.",True,2025-06-03T16:07:47
10080-3,10080,52623,"I've tried everything, it's definitely faulty.",True,2025-06-03T20:51:47
10080-4,10080,921,"All set on our side now, thanks for your patience.",True,2025-06-04T00:08:47
10080-5,10080,52623,"OK thank you, that answers my question.",True,2025-06-04T01:38:47
10081-1,10081,51425,"Hi, could you send me an invoice for order #840282? I need it for accounting.",True,2025-07-27T04:38:11
10081-2,10081,911,"I'm sorry for the trouble, checking your account now.",True,2025-07-27T07:40:11
10081-3,10081,51425,"Actually, sorry, let me explain the real issue. Quick question, is the graphic t-shirt compatible with older devices?",True,2025-07-27T12:11:11
10081-4,10081,911,"This has been taken care of, apologies again for the inconvenience.",True,2025-07-27T15:37:11
10081-5,10081,51425,"Great, appreciate the quick resolution.",True,2025-07-27T16:53:11
10082-1,10082,50219,"Hi, my delivery is running late, I ordered the sunglasses over a week ago.",True,2025-07-15T02:38:08
10082-2,10082,911,"I'm sorry for the trouble, checking your account now.",True,2025-07-15T06:06:08
10082-3,10082,50219,"Actually, sorry, let me explain the real issue. Hi, I placed order #502594 on Jun 27 and I can't find any tracking info. Can you tell me where it is?",True,2025-07-15T08:45:08
10082-4,10082,911,"I understand the frustration, let's get this sorted out.",True,2025-07-15T12:49:08
10082-5,10082,50219,Following up on this.,True,2025-07-15T15:19:08
10082-6,10082,911,"All set on our side now, thanks for your patience.",True,2025-07-15T15:57:08
10082-7,10082,50219,"Perfect, thank you.",True,2025-07-15T17:41:08
10083-1,10083,50895,"My card keeps getting declined when I try to check out, even though there are funds available.",True,2025-08-15T13:19:41
10083-2,10083,913,"Thanks for the details, give me a moment to check on this.",True,2025-08-15T16:51:41
10083-3,10083,50895,I've tried two different cards now.,True,2025-08-15T20:40:41
10083-4,10083,913,"I'm sorry for the trouble, checking your account now.",True,2025-08-15T22:01:41
10083-5,10083,50895,Following up on this.,True,2025-08-15T22:26:41
10083-6,10083,913,"This has been taken care of, apologies again for the inconvenience.",True,2025-08-16T00:05:41
10083-7,10083,50895,"Perfect, thank you.",True,2025-08-16T00:51:41
10084-1,10084,53072,"The password reset link you sent isn't working, can you help me get back in?",True,2025-06-06T09:30:17
10084-2,10084,925,"Thanks for reaching out, let me look into this for you.",True,2025-06-06T12:17:17
10084-3,10084,53072,Is there another way to verify my identity?,True,2025-06-06T15:53:17
10084-4,10084,925,"I've resolved this on our end, please let us know if you need anything else.",True,2025-06-06T19:11:17
10084-5,10084,53072,Thanks for the help!,True,2025-06-06T21:07:17
10085-1,10085,53259,I used the code SUMMER20 but it didn't apply any discount at checkout.,True,2025-08-28T02:54:27
10085-2,10085,917,"Thanks for reaching out, let me look into this for you.",True,2025-08-28T05:53:27
10085-3,10085,53259,The code was definitely still valid.,True,2025-08-28T06:26:27
10086-1,10086,52820,"Hi, I can't log into my account, it keeps saying my password is wrong even after resetting it.",True,2025-06-28T11:26:10
10086-2,10086,904,"I'm sorry for the trouble, checking your account now.",True,2025-06-28T14:36:10
10086-3,10086,52820,I've tried clearing my cache and cookies too.,True,2025-06-28T18:25:10
10086-4,10086,904,"This has been taken care of, apologies again for the inconvenience.",True,2025-06-28T18:35:10
10086-5,10086,52820,"OK thank you, that answers my question.",True,2025-06-28T19:46:10
10087-1,10087,51956,"Hi, could yuo send me an invoice for order #208214? I need it for accounting.",True,2025-06-09T03:08:46
10087-2,10087,902,"I understand the frustration, let's get this sorted out.",True,2025-06-09T03:55:46
10087-3,10087,51956,Can it include the VAT breakdown?,True,2025-06-09T07:04:46
10087-4,10087,902,"I understand the frustration, let's get this sorted out.",True,2025-06-09T08:31:46
10087-5,10087,51956,"OK, still waiting to hear back.",True,2025-06-09T09:36:46
10087-6,10087,902,"I'm sorry for the trouble, checking your account now.",True,2025-06-09T10:11:46
10087-7,10087,51956,Following up on this.,True,2025-06-09T10:52:46
10087-8,10087,902,"Thanks for confirming, I've closed this out on our end.",True,2025-06-09T14:08:46
10087-9,10087,51956,"Great, appreciate the quick resolution.",True,2025-06-09T14:53:46
10088-1,10088,53190,"Hi, I can't log into my account, it keeps saying my password is wrong even after resetting it.",True,2025-08-17T02:27:42
10088-2,10088,922,"I understand the frustration, let's get this sorted out.",True,2025-08-17T03:33:42
10088-3,10088,53190,I've tried clearing my cache and cookies too.,True,2025-08-17T07:00:42
10088-4,10088,922,"Thanks for reaching out, let me look into this for you.",True,2025-08-17T07:46:42
10088-5,10088,53190,Any news?,True,2025-08-17T09:28:42
10088-6,10088,922,"Thanks for confirming, I've closed this out on our end.",True,2025-08-17T10:11:42
10088-7,10088,53190,"Great, appreciate the quick resolution.",True,2025-08-17T11:02:42
10089-1,10089,50056,"Hi, I've had several issues with my last few orders and I'm not happy with the service.",True,2025-08-23T23:24:03
10089-2,10089,908,"Thanks for reaching out, let me look into this for you.",True,2025-08-24T00:48:03
10089-3,10089,50056,This isn't the first time either.,True,2025-08-24T05:19:03
10089-4,10089,908,"I understand the frustration, let's get this sorted out.",True,2025-08-24T06:48:03
10089-5,10089,50056,Following up on this.,True,2025-08-24T09:28:03
10089-6,10089,908,"I've resolved this on our end, please let us know if you need anything else.",True,2025-08-24T12:24:03
10089-7,10089,50056,"OK thank you, that answers my question.",True,2025-08-24T13:08:03
10090-1,10090,51779,"Hi, I think I entered the wrong address for order #877722, could you update it before it ships?",True,2025-07-26T10:00:03
10090-2,10090,903,"Thanks for the details, give me a moment to check on this.",True,2025-07-26T13:09:03
10090-3,10090,51779,I'm worried it will ship before this gets fixed.,True,2025-07-26T14:44:03
10090-4,10090,903,"Thanks for the details, give me a moment to check on this.",True,2025-07-26T15:58:03
10090-5,10090,51779,"OK, still waiting to hear back.",True,2025-07-26T19:15:03
10090-6,10090,903,"Thanks for confirming, I've closed this out on our end.",True,2025-07-26T19:32:03
10090-7,10090,51779,Thanks for the help!,True,2025-07-26T20:11:03
10091-1,10091,52046,"I was charged twice for order #701790, can you refund the duplicate?",True,2025-06-15T07:38:16
10091-2,10091,918,"Thanks for reaching out, let me look into this for you.",True,2025-06-15T11:22:16
10091-3,10091,52046,This needs to be corrected soon.,True,2025-06-15T16:15:16
10091-4,10091,918,"All set on our side now, thanks for your patience.",True,2025-06-15T18:19:16
10091-5,10091,52046,Thanks for the help!,True,2025-06-15T18:58:16
10092-1,10092,50734,"Just some feedback, it would be great if the website had a size comparison tool.",True,2025-08-29T07:55:02
10092-2,10092,907,"Thanks for the details, give me a moment to check on this.",True,2025-08-29T10:24:02
10092-3,10092,50734,Would love to see that in a future update.,True,2025-08-29T12:38:02
10092-4,10092,907,"I understand the frustration, let's get this sorted out.",True,2025-08-29T15:56:02
10092-5,10092,50734,Following up on this.,True,2025-08-29T16:56:02
10092-6,10092,907,"This has been taken care of, apologies again for the inconvenience.",True,2025-08-29T19:25:02
10092-7,10092,50734,Thanks for the help!,True,2025-08-29T19:49:02
10093-1,10093,51372,"My card keeps getting declined when I try to check out, even though there are funds available.",True,2025-07-05T05:59:54
10093-2,10093,900,"Thanks for reaching out, let me look into this for you.",True,2025-07-05T07:15:54
10093-3,10093,51372,I've tried two different cards now.,True,2025-07-05T07:47:54
10094-1,10094,50306,"Hi, your support team helped me out so quickly yesterday, really appreciated it.",True,2025-07-10T14:14:42
10094-2,10094,918,"I'm sorry for the trouble, checking your account now.",True,2025-07-10T14:38:42
10094-3,10094,50306,"Wanted this on record, you don't get enough good feedback.",True,2025-07-10T15:57:42
10094-4,10094,918,"I've resolved this on our end, please let us know if you need anything else.",True,2025-07-10T17:31:42
10094-5,10094,50306,"Perfect, thank you.",True,2025-07-10T18:44:42
10095-1,10095,53491,"Hi, I think I entered the wrong address for order #838936, could you update it before it ships?",True,2025-08-13T12:13:43
10095-2,10095,903,"I'm sorry for the trouble, checking your account now.",True,2025-08-13T13:24:43
10095-3,10095,53491,"Actually, sorry, let me explain the real issue. Hi, the color/size I received doesn't match order #838936 at all.",True,2025-08-13T13:49:43
10096-1,10096,50535,I ordered the phone case but received a completely different item.,True,2025-07-04T21:10:43
10096-2,10096,906,"Thanks for reaching out, let me look into this for you.",True,2025-07-04T21:46:43
10096-3,10096,50535,"Actually, sorry, let me explain the real issue. Hi, before I order the phone case, does it come in a larger size?",True,2025-07-05T01:52:43
10096-4,10096,906,"Thanks for confirming, I've closed this out on our end.",True,2025-07-05T05:24:43
10096-5,10096,50535,"Perfect, thank you.",True,2025-07-05T05:51:43
10097-1,10097,50141,"Hi, I think I entered the wrong address for order #532005, could you update it before it ships?",True,2025-06-23T08:55:41
10097-2,10097,919,"Thanks for reaching out, let me look into this for you.",True,2025-06-23T12:25:41
10097-3,10097,50141,I'm worried it will ship before this gets fixed.,True,2025-06-23T15:50:41
10097-4,10097,919,"I understand the frustration, let's get this sorted out.",True,2025-06-23T20:05:41
10097-5,10097,50141,Following up on this.,True,2025-06-23T21:43:41
10097-6,10097,919,"All set on our side now, thanks for your patience.",True,2025-06-24T00:01:41
10097-7,10097,50141,Thanks for the help!,True,2025-06-24T00:29:41
10098-1,10098,53312,"Hi, I have a question but I'm not totally sure it's the right team to ask.",True,2025-08-09T19:11:37
10098-2,10098,915,"I understand the frustration, let's get this sorted out.",True,2025-08-09T22:40:37
10098-3,10098,53312,Let me know if I should contact someone else instead.,True,2025-08-10T01:51:37
10098-4,10098,915,"All set on our side now, thanks for your patience.",True,2025-08-10T03:31:37
10098-5,10098,53312,Thanks for the help!,True,2025-08-10T04:51:37
10099-1,10099,53427,"I moved recently adn my order #614259 is still set to go to my old address, can this be fixed?",True,2025-07-15T19:17:34
10099-2,10099,925,"I'm sorry for the trouble, checking your account now.",True,2025-07-15T22:25:34
10099-3,10099,53427,Has teh address been updated yet?,True,2025-07-16T01:20:34
10099-4,10099,925,"Thanks for the details, give me a moment to check on this.",True,2025-07-16T02:42:34
10099-5,10099,53427,Any news?,True,2025-07-16T03:10:34
10100-1,10100,50645,"Just some feedback, it would be great if the website had a size comparison tool.",True,2025-08-12T01:48:40
10100-2,10100,923,"Thanks for reaching out, let me look into this for you.",True,2025-08-12T02:38:40
10100-3,10100,50645,"Just a thought, not urgent at all.",True,2025-08-12T06:08:40
10100-4,10100,923,"I'm sorry for the trouble, checking your account now.",True,2025-08-12T07:51:40
10100-5,10100,50645,Following up on this.,True,2025-08-12T10:44:40
10101-1,10101,52605,"The wireless headphones I received feels much cheaper than it looked in the photos. Hi, my order arrived and the wireless headphones is broken, it won't turn on at all.",True,2025-07-31T23:41:40
10101-2,10101,902,"I understand the frustration, let's get this sorted out.",True,2025-08-01T02:53:40
10101-3,10101,52605,Is this normal for this product line?,True,2025-08-01T04:28:40
10101-4,10101,902,"Thanks for the details, give me a moment to check on this.",True,2025-08-01T08:50:40
10101-5,10101,52605,Any news?,True,2025-08-01T11:19:40
10101-6,10101,902,"I understand the frustration, let's get this sorted out.",True,2025-08-01T11:54:40
10101-7,10101,52605,Following up on this.,True,2025-08-01T14:31:40
10101-8,10101,902,"Thanks for confirming, I've closed this out on our end.",True,2025-08-01T17:36:40
10101-9,10101,52605,Thanks for the help!,True,2025-08-01T17:50:40
10102-1,10102,50303,The bluetooth speaker I received feels much cheaper than it looked in the photos.,True,2025-07-05T04:12:10
10102-2,10102,910,"I'm sorry for the trouble, checking your account now.",True,2025-07-05T05:09:10
10102-3,10102,50303,"Actually, sorry, let me explain the real issue. Hi, the color/size I received doesn't match order #673619 at all.",True,2025-07-05T08:48:10
10102-4,10102,910,"I understand the frustration, let's get this sorted out.",True,2025-07-05T12:19:10
10102-5,10102,50303,"OK, still waiting to hear back.",True,2025-07-05T13:08:10
10102-6,10102,910,"I've resolved this on our end, please let us know if you need anything else.",True,2025-07-05T14:50:10
10102-7,10102,50303,"OK thank you, that answers my question.",True,2025-07-05T15:32:10
10103-1,10103,51939,How many days do I have to return something after delivery?,True,2025-07-07T04:16:30
10103-2,10103,903,"I understand the frustration, let's get this sorted out.",True,2025-07-07T05:28:30
10103-3,10103,51939,Is there a restocking fee?,True,2025-07-07T09:36:30
10103-4,10103,903,"Thanks for reaching out, let me look into this for you.",True,2025-07-07T11:41:30
10103-5,10103,51939,Following up on this.,True,2025-07-07T12:29:30
10103-6,10103,903,"All set on our side now, thanks for your patience.",True,2025-07-07T15:29:30
10103-7,10103,51939,"OK thank you, that answers my question.",True,2025-07-07T17:17:30
10104-1,10104,51714,The backpack I ordered stopped working after 3 days of normal use.,True,2025-08-25T05:30:30
10104-2,10104,917,"I'm sorry for the trouble, checking your account now.",True,2025-08-25T06:17:30
10104-3,10104,51714,"I've tried everything, it's definitely faulty.",True,2025-08-25T08:05:30
10105-1,10105,52978,"Hi, when will I get my money back for the item I sent back?",True,2025-07-06T07:48:35
10105-2,10105,925,"Thanks for reaching out, let me look into this for you.",True,2025-07-06T10:22:35
10105-3,10105,52978,It's been longer than the timeline you gave me.,True,2025-07-06T11:26:35
10105-4,10105,925,"Thanks for the details, give me a moment to check on this.",True,2025-07-06T14:32:35
10105-5,10105,52978,Following up on this.,True,2025-07-06T16:20:35
10105-6,10105,925,"I understand the frustration, let's get this sorted out.",True,2025-07-06T18:34:35
10105-7,10105,52978,"OK, still waiting to hear back.",True,2025-07-06T18:53:35
10105-8,10105,925,"Thanks for confirming, I've closed this out on our end.",True,2025-07-06T20:13:35
10105-9,10105,52978,"OK thank you, that answers my question.",True,2025-07-06T20:22:35
10106-1,10106,53054,"Hi, I placed order #957091 on Aug 11 and I can't find any tracking info. Can you tell me where it is?",True,2025-08-21T15:35:23
10106-2,10106,915,"Thanks for the details, give me a moment to check on this.",True,2025-08-21T18:58:23
10106-3,10106,53054,"Still no movement on the tracking page, is that normal?",True,2025-08-21T21:25:23
10107-1,10107,51274,"Hi, I can't log into my account, it keeps saying my password is wrong even after resetting it.",True,2025-06-13T08:19:49
10107-2,10107,922,"I'm sorry for the trouble, checking your account now.",True,2025-06-13T11:24:49
10107-3,10107,51274,"Actually, sorry, let me explain the real issue. Quick question, is the denim jacket compatible with older devices?",True,2025-06-13T13:54:49
10107-4,10107,922,"I'm sorry for the trouble, checking your account now.",True,2025-06-13T15:07:49
10107-5,10107,51274,Any news?,True,2025-06-13T16:52:49
10107-6,10107,922,"Thanks for confirming, I've closed this out on our end.",True,2025-06-13T19:34:49
10107-7,10107,51274,"Perfect, thank you.",True,2025-06-13T20:54:49
10108-1,10108,50112,"Hi, the amount charged to my card doesn't match my order total, can you check?",True,2025-08-17T17:12:36
10108-2,10108,912,"I'm sorry for the trouble, checking your account now.",True,2025-08-17T19:18:36
10108-3,10108,50112,"I have both charges on my statement, want me to send a screenshot?",True,2025-08-17T20:56:36
10109-1,10109,51880,"Hi, my order arrived and the phone case is broken, it won't turn on at all. Hi, the color/size I received doesn't match order #753898 at all.",True,2025-06-28T12:02:43
10109-2,10109,908,"Thanks for the details, give me a moment to check on this.",True,2025-06-28T14:50:43
10109-3,10109,51880,Can I get a replacement or refund?,True,2025-06-28T17:21:43
10109-4,10109,908,"This has been taken care of, apologies again for the inconvenience.",True,2025-06-28T20:03:43
10109-5,10109,51880,Thanks for the help!,True,2025-06-28T22:03:43
10110-1,10110,52684,"I returned my order #507135 13 days ago and haven't seen a refund yet, can you check?",True,2025-06-24T14:43:58
10110-2,10110,915,"Thanks for the details, give me a moment to check on this.",True,2025-06-24T16:19:58
10110-3,10110,52684,It's been longer than the timeline you gave me.,True,2025-06-24T17:56:58
10110-4,10110,915,"I'm sorry for the trouble, checking your account now.",True,2025-06-24T20:18:58
10110-5,10110,52684,Any news?,True,2025-06-24T23:22:58
10110-6,10110,915,"All set on our side now, thanks for your patience.",True,2025-06-25T02:19:58
10110-7,10110,52684,"Perfect, thank you.",True,2025-06-25T02:52:58
10111-1,10111,53486,"Hi, my order arrived and the laptop sleeve is broken, it won't turn on at all.",True,2025-08-18T20:39:40
10111-2,10111,903,"Thanks for the details, give me a moment to check on this.",True,2025-08-18T21:35:40
10111-3,10111,53486,Can I get a replacement or refund?,True,2025-08-19T01:14:40
10111-4,10111,903,"I've resolved this on our end, please let us know if you need anything else.",True,2025-08-19T02:37:40
10111-5,10111,53486,"Perfect, thank you.",True,2025-08-19T03:44:40
10112-1,10112,50019,"Hi, my delivery is running late, I ordered the laptop sleeve over a week ago.",True,2025-08-09T06:51:49
10112-2,10112,914,"I'm sorry for the trouble, checking your account now.",True,2025-08-09T07:05:49
10112-3,10112,50019,"It's been 14 extra days now, this is getting frustrating.",True,2025-08-09T10:26:49
10112-4,10112,914,"I'm sorry for the trouble, checking your account now.",True,2025-08-09T13:20:49
10112-5,10112,50019,Following up on this.,True,2025-08-09T13:34:49
10112-6,10112,914,"This has been taken care of, apologies again for the inconvenience.",True,2025-08-09T13:45:49
10112-7,10112,50019,"Perfect, thank you.",True,2025-08-09T14:18:49
10113-1,10113,50267,"Hi, the quality of this item really doesn't match the product description on the site.",True,2025-06-27T11:19:29
10113-2,10113,901,"I'm sorry for the trouble, checking your account now.",True,2025-06-27T12:22:29
10113-3,10113,50267,It just doesn't feel like a $242 item.,True,2025-06-27T13:39:29
10113-4,10113,901,"I'm sorry for the trouble, checking your account now.",True,2025-06-27T14:00:29
10113-5,10113,50267,Any news?,True,2025-06-27T14:41:29
10113-6,10113,901,"I've resolved this on our end, please let us know if you need anything else.",True,2025-06-27T17:53:29
10113-7,10113,50267,"Perfect, thank you.",True,2025-06-27T18:46:29
10114-1,10114,52711,"Hi, the winter coat shows as out of stock, do you know when it'll be available again?",True,2025-06-02T19:07:03
10114-2,10114,903,"Thanks for the details, give me a moment to check on this.",True,2025-06-02T19:37:03
10114-3,10114,52711,Can I reserve one in advance?,True,2025-06-02T20:57:03
10114-4,10114,903,"Thanks for reaching out, let me look into this for you.",True,2025-06-02T22:00:03
10114-5,10114,52711,"OK, still waiting to hear back.",True,2025-06-02T23:22:03
10114-6,10114,903,"This has been taken care of, apologies again for the inconvenience.",True,2025-06-02T23:59:03
10114-7,10114,52711,"Perfect, thank you.",True,2025-06-03T01:43:03
10115-1,10115,50656,Is there any way to get notified when the smartwatch is restocked?,True,2025-08-22T20:42:13
10115-2,10115,901,"Thanks for reaching out, let me look into this for you.",True,2025-08-22T23:52:13
10115-3,10115,50656,"I really want this before Aug 11, is that realistic?",True,2025-08-23T02:13:13
10115-4,10115,901,"Thanks for the details, give me a moment to check on this.",True,2025-08-23T06:16:13
10115-5,10115,50656,Any news?,True,2025-08-23T07:33:13
10115-6,10115,901,"Thanks for reaching out, let me look into this for you.",True,2025-08-23T07:55:13
10115-7,10115,50656,"OK, still waiting to hear back.",True,2025-08-23T08:49:13
10115-8,10115,901,"All set on our side now, thanks for your patience.",True,2025-08-23T10:13:13
10115-9,10115,50656,Thanks for the help!,True,2025-08-23T11:12:13
10116-1,10116,52717,"I returned my order #752011 13 days ago and haven't seen a refund yet, can you check?",True,2025-07-03T13:01:57
10116-2,10116,920,"I understand the frustration, let's get this sorted out.",True,2025-07-03T16:02:57
10116-3,10116,52717,It's been longer than the timeline you gave me.,True,2025-07-03T19:47:57
10116-4,10116,920,"I'm sorry for the trouble, checking your account now.",True,2025-07-03T20:27:57
10116-5,10116,52717,Any news?,True,2025-07-03T21:03:57
10116-6,10116,920,"I understand the frustration, let's get this sorted out.",True,2025-07-03T23:44:57
10116-7,10116,52717,Following up on this.,True,2025-07-04T02:19:57
10116-8,10116,920,"Thanks for confirming, I've closed this out on our end.",True,2025-07-04T04:21:57
10116-9,10116,52717,"Perfect, thank you.",True,2025-07-04T06:05:57
10117-1,10117,51684,What's the process to send back an item I ordered? It doesn't fit.,True,2025-06-24T19:30:41
10117-2,10117,914,"I'm sorry for the trouble, checking your account now.",True,2025-06-24T21:25:41
10117-3,10117,51684,Where do I send the package back to?,True,2025-06-25T01:41:41
10117-4,10117,914,"Thanks for reaching out, let me look into this for you.",True,2025-06-25T03:07:41
10117-5,10117,51684,Following up on this.,True,2025-06-25T03:19:41
10117-6,10117,914,"Thanks for confirming, I've closed this out on our end.",True,2025-06-25T04:09:41
10117-7,10117,51684,"OK thank you, that answers my question.",True,2025-06-25T06:03:41
10118-1,10118,51355,"Hi, the color/size I received doesn't match order #522866 at all.",True,2025-06-21T06:30:35
10118-2,10118,908,"I understand the frustration, let's get this sorted out.",True,2025-06-21T07:01:35
10118-3,10118,51355,I still want teh item I originally ordered.,True,2025-06-21T10:42:35
10118-4,10118,908,"Thanks for the details, give me a moment to check on this.",True,2025-06-21T11:38:35
10118-5,10118,51355,Following up on this.,True,2025-06-21T13:58:35
10118-6,10118,908,"Thanks for confirming, I've closed this out on our end.",True,2025-06-21T15:00:35
10118-7,10118,51355,"Perfect, thank you.",True,2025-06-21T15:48:35
10119-1,10119,53143,"Hi, when will I get my money back for the item I sent back?",True,2025-08-05T05:33:42
10119-2,10119,919,"Thanks for the details, give me a moment to check on this.",True,2025-08-05T07:58:42
10119-3,10119,53143,It's been longer than the timeline you gave me.,True,2025-08-05T09:02:42
10119-4,10119,919,"This has been taken care of, apologies again for the inconvenience.",True,2025-08-05T12:41:42
10119-5,10119,53143,"OK thank you, that answers my question.",True,2025-08-05T13:01:42
10120-1,10120,53101,"Hi, before I order the laptop sleeve, does it come in a larger size?",True,2025-07-28T15:20:53
10120-2,10120,913,"I understand the frustration, let's get this sorted out.",True,2025-07-28T18:59:53
10120-3,10120,53101,"Also, what material is it made from?",True,2025-07-28T23:29:53
10120-4,10120,913,"I'm sorry for the trouble, checking your account now.",True,2025-07-29T01:07:53
10120-5,10120,53101,Any news?,True,2025-07-29T01:43:53
10120-6,10120,913,"All set on our side now, thanks for your patience.",True,2025-07-29T04:41:53
10120-7,10120,53101,"OK thank you, that answers my question.",True,2025-07-29T05:50:53
10121-1,10121,51854,"Hi, the backpack shows as out of stock, do you know when it'll be available again?",True,2025-07-08T13:39:38
10121-2,10121,925,"I'm sorry for the trouble, checking your account now.",True,2025-07-08T16:36:38
10121-3,10121,51854,Can I reserve one in advance?,True,2025-07-08T18:17:38
10121-4,10121,925,"I understand the frustration, let's get this sorted out.",True,2025-07-08T19:26:38
10121-5,10121,51854,Following up on this.,True,2025-07-08T22:05:38
10121-6,10121,925,"All set on our side now, thanks for your patience.",True,2025-07-09T01:05:38
10121-7,10121,51854,"OK thank you, that answers my question.",True,2025-07-09T03:02:38
10122-1,10122,50217,"I was charged twice for order #400538, can you refund the duplicate?",True,2025-06-25T07:13:48
10122-2,10122,921,"I'm sorry for the trouble, checking your account now.",True,2025-06-25T09:41:48
10122-3,10122,50217,This needs to be corrected soon.,True,2025-06-25T14:38:48
10122-4,10122,921,"Thanks for the details, give me a moment to check on this.",True,2025-06-25T16:49:48
10122-5,10122,50217,Following up on this.,True,2025-06-25T19:56:48
10123-1,10123,50053,"I was charged twice for order #564586, can you refund the duplicate?",True,2025-07-27T11:38:55
10123-2,10123,923,"Thanks for reaching out, let me look into this for you.",True,2025-07-27T14:37:55
10123-3,10123,50053,"I have both charges on my statement, want me to send a screenshot?",True,2025-07-27T16:22:55
10123-4,10123,923,"All set on our side now, thanks for your patience.",True,2025-07-27T20:55:55
10123-5,10123,50053,"Perfect, thank you.",True,2025-07-27T22:11:55
10124-1,10124,50163,"Hi, teh amount charged to my card doesn't match my order total, can you check?",True,2025-07-25T07:54:03
10124-2,10124,904,"Thanks for reaching out, let me look into this for you.",True,2025-07-25T10:12:03
10124-3,10124,50163,"I have both charges on my statement, want me to send a screenshot?",True,2025-07-25T14:40:03
10124-4,10124,904,"I understand the frustration, let's get this sorted out.",True,2025-07-25T18:22:03
10124-5,10124,50163,Any news?,True,2025-07-25T18:55:03
10125-1,10125,53082,"My card keeps getting declined when I try to check out, even though there are funds available.",True,2025-07-22T02:15:52
10125-2,10125,919,"I understand the frustration, let's get this sorted out.",True,2025-07-22T03:42:52
10125-3,10125,53082,Is there an issue on your end with payments?,True,2025-07-22T04:50:52
10125-4,10125,919,"Thanks for the details, give me a moment to check on this.",True,2025-07-22T07:11:52
10125-5,10125,53082,Following up on this.,True,2025-07-22T07:27:52
10125-6,10125,919,"Thanks for confirming, I've closed this out on our end.",True,2025-07-22T09:12:52
10125-7,10125,53082,Thanks for the help!,True,2025-07-22T10:19:52
10126-1,10126,50393,"Hi, my order arrived and the smartwatch is broken, it won't turn on at all.",True,2025-08-10T09:20:34
10126-2,10126,905,"I understand the frustration, let's get this sorted out.",True,2025-08-10T12:34:34
10126-3,10126,50393,"I've tried everything, it's definitely faulty.",True,2025-08-10T13:20:34
10126-4,10126,905,"I've resolved this on our end, please let us know if you need anything else.",True,2025-08-10T13:42:34
10126-5,10126,50393,Thanks for the help!,True,2025-08-10T13:56:34
10127-1,10127,51669,"Hi, I'd like to return the sunglasses from order #508422, can yuo send me a return label?",True,2025-07-07T19:31:27
10127-2,10127,912,"Thanks for reaching out, let me look into this for you.",True,2025-07-07T20:53:27
10127-3,10127,51669,"Actually, sorry, let me explain the real issue. Hi, I've had several issues with my last few orders and I'm not happy with teh service.",True,2025-07-07T23:27:27
10127-4,10127,912,"I'm sorry for the trouble, checking your account now.",True,2025-07-08T00:57:27
10127-5,10127,51669,Following up on this.,True,2025-07-08T02:47:27
10128-1,10128,52267,"Hi, my order arrived and the sunglasses is broken, it won't turn on at all.",True,2025-06-04T19:15:00
10128-2,10128,917,"I'm sorry for the trouble, checking your account now.",True,2025-06-04T20:07:00
10128-3,10128,52267,"I've tried everything, it's definitely faulty.",True,2025-06-04T22:26:00
10128-4,10128,917,"I've resolved this on our end, please let us know if you need anything else.",True,2025-06-04T23:34:00
10128-5,10128,52267,"OK thank you, that answers my question.",True,2025-06-05T01:27:00
10129-1,10129,51026,"I want to file a complaint, my overall experience with this order has been really disappointing.",True,2025-07-23T20:19:31
10129-2,10129,903,"Thanks for the details, give me a moment to check on this.",True,2025-07-23T22:19:31
10129-3,10129,51026,This isn't the first time either.,True,2025-07-24T01:05:31
10129-4,10129,903,"I understand the frustration, let's get this sorted out.",True,2025-07-24T04:21:31
10129-5,10129,51026,"OK, still waiting to hear back.",True,2025-07-24T05:14:31
10129-6,10129,903,"This has been taken care of, apologies again for the inconvenience.",True,2025-07-24T06:44:31
10129-7,10129,51026,"OK thank you, that answers my question.",True,2025-07-24T08:20:31
10130-1,10130,51895,The running shoes I ordered stopped working after 15 days of normal use.,True,2025-06-28T19:18:31
10130-2,10130,914,"Thanks for reaching out, let me look into this for you.",True,2025-06-28T23:11:31
10130-3,10130,51895,"Actually, sorry, let me explain the real issue. Order #284308 shows as delivered but I never received anything. I've checked with neighbours and the building office.",True,2025-06-29T03:40:31
10130-4,10130,914,"I understand the frustration, let's get this sorted out.",True,2025-06-29T04:08:31
10130-5,10130,51895,"OK, still waiting to hear back.",True,2025-06-29T07:05:31
10130-6,10130,914,"All set on our side now, thanks for your patience.",True,2025-06-29T08:48:31
10130-7,10130,51895,"OK thank you, that answers my question.",True,2025-06-29T09:10:31
10131-1,10131,53473,"Hi, I'm getting a payment error and can't finish my order.",True,2025-08-02T06:34:10
10131-2,10131,925,"Thanks for reaching out, let me look into this for you.",True,2025-08-02T07:38:10
10131-3,10131,53473,Is there an issue on your end with payments?,True,2025-08-02T10:03:10
10131-4,10131,925,"All set on our side now, thanks for your patience.",True,2025-08-02T12:12:10
10131-5,10131,53473,"OK thank you, that answers my question.",True,2025-08-02T13:06:10
10132-1,10132,52882,"My card keeps getting declined when I try to check out, even though there are funds available.",True,2025-06-25T21:27:53
10132-2,10132,916,"I'm sorry for the trouble, checking your account now.",True,2025-06-26T01:24:53
10132-3,10132,52882,Is there an issue on your end with payments?,True,2025-06-26T05:58:53
10132-4,10132,916,"Thanks for the details, give me a moment to check on this.",True,2025-06-26T09:08:53
10132-5,10132,52882,Any news?,True,2025-06-26T11:22:53
10132-6,10132,916,"This has been taken care of, apologies again for the inconvenience.",True,2025-06-26T14:06:53
10132-7,10132,52882,"Great, appreciate the quick resolution.",True,2025-06-26T15:07:53
10133-1,10133,50644,"Hi, before I order the desk lamp, does it come in a larger size?",True,2025-08-14T08:39:07
10133-2,10133,911,"Thanks for reaching out, let me look into this for you.",True,2025-08-14T09:46:07
10133-3,10133,50644,"Also, what material is it made from?",True,2025-08-14T11:01:07
10133-4,10133,911,"Thanks for reaching out, let me look into this for you.",True,2025-08-14T12:19:07
10133-5,10133,50644,"OK, still waiting to hear back.",True,2025-08-14T14:55:07
10133-6,10133,911,"This has been taken care of, apologies again for the inconvenience.",True,2025-08-14T15:19:07
10133-7,10133,50644,"OK thank you, that answers my question.",True,2025-08-14T16:30:07
10134-1,10134,50887,How many days do I have to return something after delivery?,True,2025-07-13T21:49:55
10134-2,10134,914,"Thanks for reaching out, let me look into this for you.",True,2025-07-14T00:26:55
10134-3,10134,50887,Is there a restocking fee?,True,2025-07-14T02:33:55
10134-4,10134,914,"Thanks for confirming, I've closed this out on our end.",True,2025-07-14T06:00:55
10134-5,10134,50887,"Great, appreciate the quick resolution.",True,2025-07-14T07:50:55
10135-1,10135,53595,"Hello, just checking on the status of order #791423, it's been a few days and I haven't heard anything.",True,2025-08-08T11:36:07
10135-2,10135,925,"I understand the frustration, let's get this sorted out.",True,2025-08-08T12:39:07
10135-3,10135,53595,"Still no movement on the tracking page, is that normal?",True,2025-08-08T16:04:07
10135-4,10135,925,"This has been taken care of, apologies again for the inconvenience.",True,2025-08-08T17:04:07
10135-5,10135,53595,Thanks for the help!,True,2025-08-08T18:58:07
10136-1,10136,52904,"Hi, my delivery is running late, I ordered the yoga mat over a week ago.",True,2025-07-23T14:37:33
10136-2,10136,923,"I understand the frustration, let's get this sorted out.",True,2025-07-23T16:59:33
10136-3,10136,52904,Do you have an updated delivery estimate?,True,2025-07-23T21:58:33
10136-4,10136,923,"I understand the frustration, let's get this sorted out.",True,2025-07-24T01:31:33
10136-5,10136,52904,Following up on this.,True,2025-07-24T04:02:33
10136-6,10136,923,"Thanks for confirming, I've closed this out on our end.",True,2025-07-24T06:15:33
10136-7,10136,52904,"Perfect, thank you.",True,2025-07-24T06:52:33
10137-1,10137,51829,"Hi, my delivery is running late, I ordered teh sneakers over a week ago.",True,2025-06-15T17:26:06
10137-2,10137,925,"I understand the frustration, let's get this sorted out.",True,2025-06-15T20:04:06
10137-3,10137,51829,"It's been 10 extra days now, this is getting frustrating.",True,2025-06-15T20:59:06
10137-4,10137,925,"I've resolved this on our end, please let us know if you need anything else.",True,2025-06-15T23:23:06
10137-5,10137,51829,"OK thank you, that answers my question.",True,2025-06-16T01:00:06
10138-1,10138,53168,Order #788793 was supposed to arrive on Jun 23 and it's still not here. What's going on?,True,2025-07-10T22:56:00
10138-2,10138,905,"Thanks for the details, give me a moment to check on this.",True,2025-07-10T23:23:00
10138-3,10138,53168,Do you have an updated delivery estimate?,True,2025-07-11T02:57:00
10138-4,10138,905,"Thanks for reaching out, let me look into this for you.",True,2025-07-11T04:49:00
10138-5,10138,53168,Following up on this.,True,2025-07-11T05:22:00
10138-6,10138,905,"All set on our side now, thanks for your patience.",True,2025-07-11T06:44:00
10138-7,10138,53168,"Perfect, thank you.",True,2025-07-11T07:33:00
10139-1,10139,50019,"Hi, my order arrived and the bluetooth speaker is broken, it won't turn on at all.",True,2025-07-17T01:53:06
10139-2,10139,908,"Thanks for the details, give me a moment to check on this.",True,2025-07-17T05:11:06
10139-3,10139,50019,Can I get a replacement or refund?,True,2025-07-17T09:15:06
10139-4,10139,908,"Thanks for confirming, I've closed this out on our end.",True,2025-07-17T09:39:06
10139-5,10139,50019,"Great, appreciate the quick resolution.",True,2025-07-17T11:05:06
10140-1,10140,52115,Order #197527 shows as delivered but I never received anything. I've checked with neighbours and the building office.,True,2025-08-15T17:55:16
10140-2,10140,917,"I'm sorry for the trouble, checking your account now.",True,2025-08-15T20:54:16
10140-3,10140,52115,"I've looked everywhere, it's genuinely not here.",True,2025-08-16T01:19:16
10140-4,10140,917,"Thanks for the details, give me a moment to check on this.",True,2025-08-16T03:29:16
10140-5,10140,52115,"OK, still waiting to hear back.",True,2025-08-16T04:31:16
10141-1,10141,50491,"Hi, my order arrived and the wireless headphones is broken, it won't turn on at all.",True,2025-07-31T09:16:31
10141-2,10141,902,"I'm sorry for the trouble, checking your account now.",True,2025-07-31T11:26:31
10141-3,10141,50491,Can I get a replacement or refund?,True,2025-07-31T15:57:31
10141-4,10141,902,"I've resolved this on our end, please let us know if you need anything else.",True,2025-07-31T19:30:31
10141-5,10141,50491,"OK thank you, that answers my question.",True,2025-07-31T20:42:31
10142-1,10142,51872,Is there any way to get notified when the winter coat is restocked?,True,2025-07-12T21:02:20
10142-2,10142,903,"Thanks for the details, give me a moment to check on this.",True,2025-07-12T23:43:20
10142-3,10142,51872,"I really want this before Jul 05, is that realistic?",True,2025-07-13T03:00:20
10142-4,10142,903,"All set on our side now, thanks for your patience.",True,2025-07-13T07:25:20
10142-5,10142,51872,"OK thank you, that answers my question.",True,2025-07-13T08:16:20
10143-1,10143,52952,"Hi, I can't log into my account, it keeps saying my password is wrong even after resetting it.",True,2025-07-21T13:09:27
10143-2,10143,908,"Thanks for the details, give me a moment to check on this.",True,2025-07-21T17:02:27
10143-3,10143,52952,Is there another way to verify my identity?,True,2025-07-21T21:21:27
10143-4,10143,908,"Thanks for reaching out, let me look into this for you.",True,2025-07-21T23:39:27
10143-5,10143,52952,"OK, still waiting to hear back.",True,2025-07-22T01:30:27
10143-6,10143,908,"This has been taken care of, apologies again for the inconvenience.",True,2025-07-22T04:36:27
10143-7,10143,52952,"Perfect, thank you.",True,2025-07-22T06:25:27
10144-1,10144,51478,"I just opened my package for order #120798 and the running shoes is missing, only the rest of the items were inside.",True,2025-08-24T19:38:51
10144-2,10144,911,"I understand the frustration, let's get this sorted out.",True,2025-08-24T20:56:51
10144-3,10144,51478,"Actually, sorry, let me explain the real issue. Hi, I'd like to delete my account and all data you hold on me, please confirm once done.",True,2025-08-24T22:20:51
10144-4,10144,911,"Thanks for reaching out, let me look into this for you.",True,2025-08-25T01:57:51
10144-5,10144,51478,"OK, still waiting to hear back.",True,2025-08-25T02:27:51
10144-6,10144,911,"All set on our side now, thanks for your patience.",True,2025-08-25T04:04:51
10144-7,10144,51478,"Perfect, thank you.",True,2025-08-25T05:32:51
10145-1,10145,53063,Order #995706 was supposed to arrive on Jul 10 and it's still not here. What's going on?,True,2025-07-11T23:40:26
10145-2,10145,918,"Thanks for reaching out, let me look into this for you.",True,2025-07-12T01:46:26
10145-3,10145,53063,Do you have an updated delivery estimate?,True,2025-07-12T02:09:26
10145-4,10145,918,"Thanks for confirming, I've closed this out on our end.",True,2025-07-12T03:12:26
10145-5,10145,53063,"Great, appreciate the quick resolution.",True,2025-07-12T03:56:26
10146-1,10146,50537,"Quick question, is the laptop sleeve compatible with older devices?",True,2025-06-03T14:24:02
10146-2,10146,916,"I understand the frustration, let's get this sorted out.",True,2025-06-03T17:00:02
10146-3,10146,50537,Do you have a size guide I can check?,True,2025-06-03T21:58:02
10146-4,10146,916,"This has been taken care of, apologies again for the inconvenience.",True,2025-06-04T02:41:02
10146-5,10146,50537,Thanks for the help!,True,2025-06-04T04:29:02
10147-1,10147,51243,"Hi, I was supposed to get a discount but my order #460589 was charged full price.",True,2025-08-14T05:13:48
10147-2,10147,900,"I'm sorry for the trouble, checking your account now.",True,2025-08-14T06:32:48
10147-3,10147,51243,Can you apply it retroactively or refund the difference?,True,2025-08-14T06:45:48
10147-4,10147,900,"Thanks for confirming, I've closed this out on our end.",True,2025-08-14T10:38:48
10147-5,10147,51243,"OK thank you, that answers my question.",True,2025-08-14T12:29:48
10148-1,10148,52116,"Hi, the yoga mat shows as out of stock, do you know when it'll be available again?",True,2025-07-26T19:35:51
10148-2,10148,924,"I understand the frustration, let's get this sorted out.",True,2025-07-26T22:18:51
10148-3,10148,52116,Can I reserve one in advance?,True,2025-07-27T00:47:51
10148-4,10148,924,"I've resolved this on our end, please let us know if you need anything else.",True,2025-07-27T02:33:51
10148-5,10148,52116,Thanks for the help!,True,2025-07-27T03:01:51
10149-1,10149,50369,"I returned my order #923892 9 days ago and haven't seen a refund yet, can you check? Hi, the amount charged to my card doesn't match my order total, can you check?",True,2025-06-20T18:27:21
10149-2,10149,904,"I understand the frustration, let's get this sorted out.",True,2025-06-20T18:50:21
10149-3,10149,50369,It's been longer than the timeline you gave me.,True,2025-06-20T20:32:21
10149-4,10149,904,"Thanks for reaching out, let me look into this for you.",True,2025-06-20T23:57:21
10149-5,10149,50369,"OK, still waiting to hear back.",True,2025-06-21T03:09:21
10149-6,10149,904,"Thanks for confirming, I've closed this out on our end.",True,2025-06-21T04:57:21
10149-7,10149,50369,Thanks for the help!,True,2025-06-21T05:33:21
10150-1,10150,51936,What's the process to send back an item I ordered? It doesn't fit.,True,2025-06-29T09:48:59
10150-2,10150,912,"I'm sorry for the trouble, checking your account now.",True,2025-06-29T13:34:59
10150-3,10150,51936,Do I need to print anything or can I drop it off?,True,2025-06-29T14:41:59
10150-4,10150,912,"All set on our side now, thanks for your patience.",True,2025-06-29T18:33:59
10150-5,10150,51936,Thanks for the help!,True,2025-06-29T19:52:59
10151-1,10151,52380,"Hi, my delivery is running late, I ordered the smartwatch over a week ago.",True,2025-08-02T15:50:38
10151-2,10151,925,"Thanks for reaching out, let me look into this for you.",True,2025-08-02T16:34:38
10151-3,10151,52380,"Actually, sorry, let me explain the real issue. What benefits come with the premium membership tier?",True,2025-08-02T17:48:38
10151-4,10151,925,"I understand the frustration, let's get this sorted out.",True,2025-08-02T20:55:38
10151-5,10151,52380,"OK, still waiting to hear back.",True,2025-08-03T00:12:38
10151-6,10151,925,"All set on our side now, thanks for your patience.",True,2025-08-03T00:27:38
10151-7,10151,52380,"Great, appreciate the quick resolution.",True,2025-08-03T02:04:38
10152-1,10152,51207,Order #464552 was supposed to arrive on Jun 07 and it's still not here. What's going on?,True,2025-06-18T06:34:36
10152-2,10152,917,"I understand the frustration, let's get this sorted out.",True,2025-06-18T09:57:36
10152-3,10152,51207,"It's been 9 extra days now, this is getting frustrating.",True,2025-06-18T11:41:36
10152-4,10152,917,"I'm sorry for the trouble, checking your account now.",True,2025-06-18T14:57:36
10152-5,10152,51207,Following up on this.,True,2025-06-18T16:29:36
10152-6,10152,917,"Thanks for confirming, I've closed this out on our end.",True,2025-06-18T16:55:36
10152-7,10152,51207,"OK thank you, that answers my question.",True,2025-06-18T17:24:36
10153-1,10153,52625,"Hello, just checking on the status of order #975763, it's been a few days adn I haven't heard anything.",True,2025-07-18T14:56:42
10153-2,10153,910,"Thanks for the details, give me a moment to check on this.",True,2025-07-18T17:06:42
10153-3,10153,52625,"Still no movement on the tracking page, is that normal?",True,2025-07-18T17:41:42
10153-4,10153,910,"I'm sorry for the trouble, checking your account now.",True,2025-07-18T17:57:42
10153-5,10153,52625,Any news?,True,2025-07-18T20:54:42
10153-6,10153,910,"I understand the frustration, let's get this sorted out.",True,2025-07-18T21:24:42
10153-7,10153,52625,"OK, still waiting to hear back.",True,2025-07-19T00:17:42
10153-8,10153,910,"Thanks for confirming, I've closed this out on our end.",True,2025-07-19T01:59:42
10153-9,10153,52625,"Perfect, thank you.",True,2025-07-19T03:49:42
10154-1,10154,50166,"I want to file a complaint, my overall experience with this order has been really disappointing.",True,2025-06-28T15:53:04
10154-2,10154,923,"I'm sorry for the trouble, checking your account now.",True,2025-06-28T18:38:04
10154-3,10154,50166,I'd like to know how this will be addressed.,True,2025-06-28T23:33:04
10154-4,10154,923,"Thanks for the details, give me a moment to check on this.",True,2025-06-29T00:37:04
10154-5,10154,50166,Any news?,True,2025-06-29T03:39:04
10154-6,10154,923,"I've resolved this on our end, please let us know if you need anything else.",True,2025-06-29T06:48:04
10154-7,10154,50166,"Great, appreciate the quick resolution.",True,2025-06-29T07:14:04
10155-1,10155,51443,"I returned my order #901305 13 days ago and haven't seen a refund yet, can you check?",True,2025-06-30T13:13:54
10155-2,10155,910,"I understand the frustration, let's get this sorted out.",True,2025-06-30T15:13:54
10155-3,10155,51443,It's been longer than the timeline you gave me.,True,2025-06-30T18:46:54
10155-4,10155,910,"Thanks for the details, give me a moment to check on this.",True,2025-06-30T19:04:54
10155-5,10155,51443,Any news?,True,2025-06-30T19:15:54
10155-6,10155,910,"All set on our side now, thanks for your patience.",True,2025-06-30T20:21:54
10155-7,10155,51443,"Perfect, thank you.",True,2025-06-30T20:28:54
10156-1,10156,50639,Order #368691 shows as delivered but I never received anything. I've checked with neighbours and the building office.,True,2025-08-20T23:24:37
10156-2,10156,904,"Thanks for reaching out, let me look into this for you.",True,2025-08-21T01:56:37
10156-3,10156,50639,"I've looked everywhere, it's genuinely not here.",True,2025-08-21T04:39:37
10156-4,10156,904,"All set on our side now, thanks for your patience.",True,2025-08-21T08:04:37
10156-5,10156,50639,"OK thank you, that answers my question.",True,2025-08-21T08:53:37
10157-1,10157,53062,I ordered the wireless headphones but received a completely different item.,True,2025-08-24T12:40:00
10157-2,10157,920,"I understand the frustration, let's get this sorted out.",True,2025-08-24T14:25:00
10157-3,10157,53062,I still want the item I originally ordered.,True,2025-08-24T18:53:00
10157-4,10157,920,"Thanks for confirming, I've closed this out on our end.",True,2025-08-24T22:24:00
10157-5,10157,53062,Thanks for the help!,True,2025-08-24T23:42:00
10158-1,10158,53121,"I returned my order #699083 11 days ago and haven't seen a refund yet, can you check?",True,2025-06-19T00:46:31
10158-2,10158,904,"I understand the frustration, let's get this sorted out.",True,2025-06-19T01:19:31
10158-3,10158,53121,My bank still shows no refund received.,True,2025-06-19T05:05:31
10158-4,10158,904,"I'm sorry for the trouble, checking your account now.",True,2025-06-19T05:27:31
10158-5,10158,53121,Following up on this.,True,2025-06-19T07:06:31
10158-6,10158,904,"Thanks for confirming, I've closed this out on our end.",True,2025-06-19T09:09:31
10158-7,10158,53121,"Great, appreciate the quick resolution.",True,2025-06-19T09:19:31
10159-1,10159,53029,"Hi, my delivery is running late, I ordered the wireless headphones over a week ago.",True,2025-07-27T12:36:59
10159-2,10159,901,"Thanks for the details, give me a moment to check on this.",True,2025-07-27T15:00:59
10159-3,10159,53029,Do you have an updated delivery estimate?,True,2025-07-27T19:50:59
10160-1,10160,53232,"Hi, before I order the winter coat, does it come in a larger size?",True,2025-06-05T19:57:29
10160-2,10160,922,"Thanks for reaching out, let me look into this for you.",True,2025-06-05T21:39:29
10160-3,10160,53232,Do you have a size guide I can check?,True,2025-06-06T00:30:29
10160-4,10160,922,"Thanks for confirming, I've closed this out on our end.",True,2025-06-06T05:12:29
10160-5,10160,53232,Thanks for the help!,True,2025-06-06T06:28:29
10161-1,10161,50075,"Hi, I think I entered the wrong address for order #625600, could you update it before it ships?",True,2025-07-03T08:20:40
10161-2,10161,911,"I'm sorry for the trouble, checking your account now.",True,2025-07-03T10:05:40
10161-3,10161,50075,I'm worried it will ship before this gets fixed.,True,2025-07-03T10:59:40
10161-4,10161,911,"I'm sorry for the trouble, checking your account now.",True,2025-07-03T15:35:40
10161-5,10161,50075,"OK, still waiting to hear back.",True,2025-07-03T17:31:40
10161-6,10161,911,"I'm sorry for the trouble, checking your account now.",True,2025-07-03T20:07:40
10161-7,10161,50075,Any news?,True,2025-07-03T22:06:40
10161-8,10161,911,"This has been taken care of, apologies again for the inconvenience.",True,2025-07-04T00:50:40
10161-9,10161,50075,"Great, appreciate the quick resolution.",True,2025-07-04T01:21:40
10162-1,10162,50553,"Hi, my delivery is running late, I ordered the bluetooth speaker over a week ago. Hi, the courier says my package for order #692282 was delivered but it's nowhere to be found.",True,2025-08-28T19:37:49
10162-2,10162,913,"I understand the frustration, let's get this sorted out.",True,2025-08-28T23:27:49
10162-3,10162,50553,Do you have an updated delivery estimate?,True,2025-08-29T03:07:49
10162-4,10162,913,"This has been taken care of, apologies again for the inconvenience.",True,2025-08-29T05:37:49
10162-5,10162,50553,Thanks for the help!,True,2025-08-29T06:05:49
10163-1,10163,50945,"Hi, the amount charged to my card doesn't match my order total, can you check?",True,2025-06-08T05:37:44
10163-2,10163,921,"Thanks for the details, give me a moment to check on this.",True,2025-06-08T05:45:44
10163-3,10163,50945,"Actually, sorry, let me explain the real issue. Hi, I have a question but I'm not totally sure it's the right team to ask.",True,2025-06-08T09:26:44
10164-1,10164,51751,I used the code SAVE10 but it didn't apply any discount at checkout.,True,2025-07-26T08:02:47
10164-2,10164,912,"I understand the frustration, let's get this sorted out.",True,2025-07-26T10:19:47
10164-3,10164,51751,"Actually, sorry, let me explain the real issue. Hi, I was only refunded part of my order, can you check what happened?",True,2025-07-26T10:49:47
10164-4,10164,912,"All set on our side now, thanks for your patience.",True,2025-07-26T11:24:47
10164-5,10164,51751,"Perfect, thank you.",True,2025-07-26T13:08:47
10165-1,10165,52826,"Hi, the color/size I recieved doesn't match order #194834 at all.",True,2025-07-13T04:42:53
10165-2,10165,916,"I'm sorry for the trouble, checking your account now.",True,2025-07-13T08:36:53
10165-3,10165,52826,I still want the item I originally ordered.,True,2025-07-13T12:38:53
10165-4,10165,916,"Thanks for reaching out, let me look into this for you.",True,2025-07-13T14:11:53
10165-5,10165,52826,"OK, still waiting to hear back.",True,2025-07-13T14:44:53
10165-6,10165,916,"All set on our side now, thanks for your patience.",True,2025-07-13T17:54:53
10165-7,10165,52826,"OK thank you, that answers my question.",True,2025-07-13T18:09:53
10166-1,10166,53146,"Quick question, is the leather wallet compatible with older devices?",True,2025-07-22T11:20:55
10166-2,10166,905,"I'm sorry for the trouble, checking your account now.",True,2025-07-22T14:05:55
10166-3,10166,53146,"Also, what material is it made from?",True,2025-07-22T15:15:55
10166-4,10166,905,"I've resolved this on our end, please let us know if you need anything else.",True,2025-07-22T17:08:55
10166-5,10166,53146,"OK thank you, that answers my question.",True,2025-07-22T18:11:55
10167-1,10167,50888,"I returned my order #730421 5 days ago adn haven't seen a refund yet, can you check?",True,2025-07-12T07:12:26
10167-2,10167,918,"Thanks for the details, give me a moment to check on this.",True,2025-07-12T10:07:26
10167-3,10167,50888,"Actually, sorry, let me explain teh real issue. Order #730421 was supposed to arrive on Jun 22 and it's still not here. What's going on?",True,2025-07-12T13:06:26
10167-4,10167,918,"I'm sorry for the trouble, checking your account now.",True,2025-07-12T15:41:26
10167-5,10167,50888,Following up on this.,True,2025-07-12T17:47:26
10167-6,10167,918,"I've resolved this on our end, please let us know if you need anything else.",True,2025-07-12T20:25:26
10167-7,10167,50888,"Perfect, thank you.",True,2025-07-12T20:41:26
10168-1,10168,50265,"Hi, I can't log into my account, it keeps saying my password is wrong even after resetting it.",True,2025-06-12T02:33:44
10168-2,10168,909,"Thanks for reaching out, let me look into this for you.",True,2025-06-12T05:19:44
10168-3,10168,50265,Is there another way to verify my identity?,True,2025-06-12T09:36:44
10168-4,10168,909,"Thanks for the details, give me a moment to check on this.",True,2025-06-12T13:24:44
10168-5,10168,50265,Following up on this.,True,2025-06-12T14:40:44
10169-1,10169,52986,"Hi, I need to update the email address on my account.",True,2025-08-13T13:03:11
10169-2,10169,920,"I understand the frustration, let's get this sorted out.",True,2025-08-13T14:54:11
10169-3,10169,52986,Is this something I can do myself in settings?,True,2025-08-13T15:27:11
10169-4,10169,920,"I'm sorry for the trouble, checking your account now.",True,2025-08-13T18:36:11
10169-5,10169,52986,Following up on this.,True,2025-08-13T18:48:11
10169-6,10169,920,"All set on our side now, thanks for your patience.",True,2025-08-13T19:49:11
10169-7,10169,52986,Thanks for the help!,True,2025-08-13T21:35:11
10170-1,10170,52809,"Hi, my order arrived and the smartwatch is broken, it won't turn on at all.",True,2025-08-05T22:28:36
10170-2,10170,910,"I understand the frustration, let's get this sorted out.",True,2025-08-06T01:13:36
10170-3,10170,52809,Can I get a replacement or refund?,True,2025-08-06T05:57:36
10170-4,10170,910,"I understand the frustration, let's get this sorted out.",True,2025-08-06T10:03:36
10170-5,10170,52809,"OK, still waiting to hear back.",True,2025-08-06T13:23:36
10170-6,10170,910,"All set on our side now, thanks for your patience.",True,2025-08-06T15:46:36
10170-7,10170,52809,Thanks for the help!,True,2025-08-06T17:02:36
10171-1,10171,50611,I ordered the phone case but received a completely different item.,True,2025-07-01T20:53:24
10171-2,10171,908,"Thanks for the details, give me a moment to check on this.",True,2025-07-01T21:06:24
10171-3,10171,50611,I still want the item I originally ordered.,True,2025-07-02T00:47:24
10171-4,10171,908,"Thanks for the details, give me a moment to check on this.",True,2025-07-02T04:48:24
10171-5,10171,50611,Following up on this.,True,2025-07-02T05:53:24
10171-6,10171,908,"All set on our side now, thanks for your patience.",True,2025-07-02T07:20:24
10171-7,10171,50611,Thanks for the help!,True,2025-07-02T09:05:24
10172-1,10172,53272,"I returned my order #606957 14 days ago and haven't seen a refund yet, can yuo check?",True,2025-06-15T00:35:12
10172-2,10172,915,"Thanks for reaching out, let me look into this for you.",True,2025-06-15T01:09:12
10172-3,10172,53272,It's been longer than the timeline you gave me.,True,2025-06-15T03:58:12
10173-1,10173,51314,"Hi, I'd like to return the backpack from order #562543, can you send me a return label?",True,2025-06-26T04:21:34
10173-2,10173,906,"Thanks for the details, give me a moment to check on this.",True,2025-06-26T06:46:34
10173-3,10173,51314,Do I need to print anything or can I drop it off?,True,2025-06-26T09:14:34
10173-4,10173,906,"I'm sorry for the trouble, checking your account now.",True,2025-06-26T11:49:34
10173-5,10173,51314,Any news?,True,2025-06-26T12:17:34
10174-1,10174,50433,"Hi, my delivery is running late, I ordered the yoga mat over a week ago.",True,2025-07-09T19:37:25
10174-2,10174,912,"Thanks for reaching out, let me look into this for you.",True,2025-07-09T21:58:25
10174-3,10174,50433,"It's been 15 extra days now, this is getting frustrating.",True,2025-07-10T02:06:25
10174-4,10174,912,"I understand the frustration, let's get this sorted out.",True,2025-07-10T03:03:25
10174-5,10174,50433,Any news?,True,2025-07-10T03:37:25
10174-6,10174,912,"Thanks for confirming, I've closed this out on our end.",True,2025-07-10T05:06:25
10174-7,10174,50433,"Great, appreciate the quick resolution.",True,2025-07-10T06:11:25
10175-1,10175,51605,"Hi, the amount charged to my card doesn't match my order total, can you check?",True,2025-07-31T13:06:21
10175-2,10175,905,"I'm sorry for the trouble, checking your account now.",True,2025-07-31T15:38:21
10175-3,10175,51605,"I have both charges on my statement, want me to send a screenshot?",True,2025-07-31T20:08:21
10175-4,10175,905,"Thanks for reaching out, let me look into this for you.",True,2025-07-31T23:45:21
10175-5,10175,51605,Following up on this.,True,2025-08-01T01:18:21
10175-6,10175,905,"All set on our side now, thanks for your patience.",True,2025-08-01T04:14:21
10175-7,10175,51605,"OK thank you, that answers my question.",True,2025-08-01T05:27:21
10176-1,10176,52244,"I returned my order #953452 14 days ago and haven't seen a refund yet, can you check?",True,2025-07-05T22:27:04
10176-2,10176,905,"I understand the frustration, let's get this sorted out.",True,2025-07-06T02:06:04
10176-3,10176,52244,My bank still shows no refund received.,True,2025-07-06T03:14:04
10177-1,10177,52024,Where can I download a receipt for my recent purchase?,True,2025-06-09T05:46:13
10177-2,10177,920,"I'm sorry for the trouble, checking your account now.",True,2025-06-09T06:41:13
10177-3,10177,52024,I need this fairly soon for my records.,True,2025-06-09T09:33:13
10177-4,10177,920,"I understand the frustration, let's get this sorted out.",True,2025-06-09T12:18:13
10177-5,10177,52024,Any news?,True,2025-06-09T15:31:13
10177-6,10177,920,"Thanks for reaching out, let me look into this for you.",True,2025-06-09T16:03:13
10177-7,10177,52024,Following up on this.,True,2025-06-09T18:49:13
10178-1,10178,52880,"The password reset link you sent isn't working, can you help me get back in?",True,2025-07-03T16:46:07
10178-2,10178,917,"I'm sorry for the trouble, checking your account now.",True,2025-07-03T17:26:07
10178-3,10178,52880,Is there another way to verify my identity?,True,2025-07-03T22:20:07
10178-4,10178,917,"I'm sorry for the trouble, checking your account now.",True,2025-07-04T01:34:07
10178-5,10178,52880,Following up on this.,True,2025-07-04T02:57:07
10178-6,10178,917,"I've resolved this on our end, please let us know if you need anything else.",True,2025-07-04T03:39:07
10178-7,10178,52880,Thanks for the help!,True,2025-07-04T05:06:07
10179-1,10179,50346,"Hi, I was only refunded part of my order, can you check what happened?",True,2025-07-08T20:27:55
10179-2,10179,904,"I understand the frustration, let's get this sorted out.",True,2025-07-08T21:19:55
10179-3,10179,50346,Can someone look into the difference?,True,2025-07-08T21:32:55
10179-4,10179,904,"Thanks for the details, give me a moment to check on this.",True,2025-07-08T23:43:55
10179-5,10179,50346,Following up on this.,True,2025-07-09T01:38:55
10179-6,10179,904,"I've resolved this on our end, please let us know if you need anything else.",True,2025-07-09T04:15:55
10179-7,10179,50346,"OK thank you, that answers my question.",True,2025-07-09T05:32:55
10180-1,10180,52990,"Hi, the amount charged to my card doesn't match my order total, can you check?",True,2025-08-18T05:16:48
10180-2,10180,923,"Thanks for the details, give me a moment to check on this.",True,2025-08-18T07:39:48
10180-3,10180,52990,This needs to be corrected soon.,True,2025-08-18T08:16:48
10180-4,10180,923,"I understand the frustration, let's get this sorted out.",True,2025-08-18T12:59:48
10180-5,10180,52990,Following up on this.,True,2025-08-18T15:05:48
10180-6,10180,923,"All set on our side now, thanks for your patience.",True,2025-08-18T17:15:48
10180-7,10180,52990,"Perfect, thank you.",True,2025-08-18T18:13:48
10181-1,10181,52846,"Hi, my order arrived and the phone case is broken, it won't turn on at all.",True,2025-08-06T04:05:50
10181-2,10181,919,"Thanks for the details, give me a moment to check on this.",True,2025-08-06T04:29:50
10181-3,10181,52846,"Actually, sorry, let me explain the real issue. I used the code SAVE10 but it didn't apply any discount at checkout.",True,2025-08-06T06:48:50
10181-4,10181,919,"This has been taken care of, apologies again for the inconvenience.",True,2025-08-06T09:09:50
10181-5,10181,52846,"Great, appreciate the quick resolution.",True,2025-08-06T10:29:50
10182-1,10182,51986,"Hi, when will I get my money back for the item I sent back?",True,2025-08-18T11:05:02
10182-2,10182,905,"Thanks for the details, give me a moment to check on this.",True,2025-08-18T12:03:02
10182-3,10182,51986,My bank still shows no refund received.,True,2025-08-18T12:40:02
10182-4,10182,905,"Thanks for confirming, I've closed this out on our end.",True,2025-08-18T14:15:02
10182-5,10182,51986,"Great, appreciate the quick resolution.",True,2025-08-18T15:55:02
10183-1,10183,52172,"Hi, when will I get my money back for the item I sent back?",True,2025-08-24T09:32:51
10183-2,10183,913,"Thanks for the details, give me a moment to check on this.",True,2025-08-24T13:16:51
10183-3,10183,52172,My bank still shows no refund received.,True,2025-08-24T16:17:51
10183-4,10183,913,"This has been taken care of, apologies again for the inconvenience.",True,2025-08-24T19:47:51
10183-5,10183,52172,"Great, appreciate the quick resolution.",True,2025-08-24T21:25:51
10184-1,10184,52755,"Hi, I placed order #208954 on May 18 adn I can't find any tracking info. Can you tell me where it is?",True,2025-06-02T02:07:26
10184-2,10184,900,"I'm sorry for the trouble, checking your account now.",True,2025-06-02T06:00:26
10184-3,10184,52755,Any update on this? It's been a while.,True,2025-06-02T07:12:26
10184-4,10184,900,"I'm sorry for the trouble, checking your account now.",True,2025-06-02T08:06:26
10184-5,10184,52755,Following up on this.,True,2025-06-02T09:52:26
10184-6,10184,900,"I'm sorry for the trouble, checking your account now.",True,2025-06-02T12:47:26
10184-7,10184,52755,Following up on this.,True,2025-06-02T13:25:26
10184-8,10184,900,"Thanks for confirming, I've closed this out on our end.",True,2025-06-02T14:22:26
10184-9,10184,52755,Thanks for the help!,True,2025-06-02T15:51:26
10185-1,10185,50663,"I returned my order #448813 15 days ago and haven't seen a refund yet, can you check?",True,2025-08-10T17:36:03
10185-2,10185,924,"Thanks for reaching out, let me look into this for you.",True,2025-08-10T19:46:03
10185-3,10185,50663,My bank still shows no refund received.,True,2025-08-10T21:09:03
10185-4,10185,924,"Thanks for reaching out, let me look into this for you.",True,2025-08-11T01:05:03
10185-5,10185,50663,"OK, still waiting to hear back.",True,2025-08-11T01:23:03
10185-6,10185,924,"All set on our side now, thanks for your patience.",True,2025-08-11T01:51:03
10185-7,10185,50663,"OK thank you, that answers my question.",True,2025-08-11T03:35:03
10186-1,10186,52722,Can you help me change the phone number linked to my account?,True,2025-08-03T17:17:21
10186-2,10186,912,"I understand the frustration, let's get this sorted out.",True,2025-08-03T17:22:21
10186-3,10186,52722,"Actually, sorry, let me explain the real issue. I got refunded for order #702553 but the amount is way less than what I paid.",True,2025-08-03T21:38:21
10186-4,10186,912,"I've resolved this on our end, please let us know if you need anything else.",True,2025-08-04T00:51:21
10186-5,10186,52722,Thanks for the help!,True,2025-08-04T02:16:21
10187-1,10187,52653,"Hi, before I order the graphic t-shirt, does it come in a larger size?",True,2025-06-04T13:55:24
10187-2,10187,906,"I'm sorry for the trouble, checking your account now.",True,2025-06-04T14:09:24
10187-3,10187,52653,"Also, what material is it made from?",True,2025-06-04T14:31:24
10187-4,10187,906,"All set on our side now, thanks for your patience.",True,2025-06-04T18:51:24
10187-5,10187,52653,"OK thank you, that answers my question.",True,2025-06-04T19:59:24
10188-1,10188,51383,Order #785611 was supposed to arrive on Jun 20 and it's stil not here. What's going on?,True,2025-07-07T21:50:07
10188-2,10188,925,"Thanks for reaching out, let me look into this for you.",True,2025-07-07T23:55:07
10188-3,10188,51383,"It's been 12 extra days now, this is getting frustrating.",True,2025-07-08T02:09:07
10188-4,10188,925,"All set on our side now, thanks for your patience.",True,2025-07-08T02:26:07
10188-5,10188,51383,Thanks for the help!,True,2025-07-08T04:16:07
10189-1,10189,53349,The winter coat I ordered stopped working after 7 days of normal use.,True,2025-07-25T03:44:51
10189-2,10189,903,"I'm sorry for the trouble, checking your account now.",True,2025-07-25T07:23:51
10189-3,10189,53349,"I've tried everything, it's definitely faulty.",True,2025-07-25T07:56:51
10189-4,10189,903,"Thanks for confirming, I've closed this out on our end.",True,2025-07-25T10:57:51
10189-5,10189,53349,"Perfect, thank you.",True,2025-07-25T11:23:51
10190-1,10190,50409,"Hi, the amount charged to my card doesn't match my order total, can you check?",True,2025-07-26T17:53:24
10190-2,10190,925,"I'm sorry for the trouble, checking your account now.",True,2025-07-26T18:50:24
10190-3,10190,50409,This needs to be corrected soon.,True,2025-07-26T21:18:24
10190-4,10190,925,"I've resolved this on our end, please let us know if you need anything else.",True,2025-07-27T00:58:24
10190-5,10190,50409,"Great, appreciate the quick resolution.",True,2025-07-27T02:19:24
10191-1,10191,51715,"Hi, I have a question but I'm not totally sure it's the right team to ask.",True,2025-06-18T11:13:07
10191-2,10191,900,"I understand the frustration, let's get this sorted out.",True,2025-06-18T14:13:07
10191-3,10191,51715,Let me know if I should contact someone else instead.,True,2025-06-18T18:37:07
10191-4,10191,900,"Thanks for reaching out, let me look into this for you.",True,2025-06-18T20:08:07
10191-5,10191,51715,Following up on this.,True,2025-06-18T20:31:07
10191-6,10191,900,"Thanks for confirming, I've closed this out on our end.",True,2025-06-18T22:14:07
10191-7,10191,51715,"Perfect, thank you.",True,2025-06-18T22:51:07
10192-1,10192,50647,"Hello, just checking on the status of order #346729, it's been a few days and I haven't heard anything.",True,2025-07-17T20:49:07
10192-2,10192,925,"I'm sorry for the trouble, checking your account now.",True,2025-07-17T22:39:07
10192-3,10192,50647,Any update on this? It's been a while.,True,2025-07-18T02:01:07
10192-4,10192,925,"Thanks for confirming, I've closed this out on our end.",True,2025-07-18T02:48:07
10192-5,10192,50647,"Great, appreciate the quick resolution.",True,2025-07-18T03:11:07
10193-1,10193,51874,Order #233391 was supposed to arrive on Jul 01 and it's still not here. What's going on?,True,2025-07-03T15:21:17
10193-2,10193,923,"Thanks for the details, give me a moment to check on this.",True,2025-07-03T19:12:17
10193-3,10193,51874,"It's been 11 extra days now, this is getting frustrating.",True,2025-07-03T20:42:17
10193-4,10193,923,"Thanks for reaching out, let me look into this for you.",True,2025-07-04T01:35:17
10193-5,10193,51874,Following up on this.,True,2025-07-04T03:30:17
10193-6,10193,923,"I'm sorry for the trouble, checking your account now.",True,2025-07-04T05:45:17
10193-7,10193,51874,Any news?,True,2025-07-04T08:26:17
10193-8,10193,923,"Thanks for confirming, I've closed this out on our end.",True,2025-07-04T10:34:17
10193-9,10193,51874,"Great, appreciate the quick resolution.",True,2025-07-04T12:13:17
10194-1,10194,51711,"Hi, the amount charged to my card doesn't match my order total, can you check? Hi, when will I get my money back for the item I sent back?",True,2025-07-13T20:09:46
10194-2,10194,901,"I'm sorry for the trouble, checking your account now.",True,2025-07-13T21:09:46
10194-3,10194,51711,This needs to be corrected soon.,True,2025-07-14T00:22:46
10194-4,10194,901,"Thanks for reaching out, let me look into this for you.",True,2025-07-14T02:34:46
10194-5,10194,51711,Any news?,True,2025-07-14T02:48:46
10194-6,10194,901,"Thanks for confirming, I've closed this out on our end.",True,2025-07-14T05:49:46
10194-7,10194,51711,Thanks for the help!,True,2025-07-14T07:43:46
10195-1,10195,53235,"Hello, just checking on the status of order #757776, it's been a few days and I haven't heard anything.",True,2025-08-04T01:41:40
10195-2,10195,911,"Thanks for reaching out, let me look into this for you.",True,2025-08-04T02:39:40
10195-3,10195,53235,Any update on this? It's been a while.,True,2025-08-04T05:40:40
10195-4,10195,911,"Thanks for the details, give me a moment to check on this.",True,2025-08-04T10:13:40
10195-5,10195,53235,"OK, still waiting to hear back.",True,2025-08-04T10:36:40
10195-6,10195,911,"Thanks for the details, give me a moment to check on this.",True,2025-08-04T12:24:40
10195-7,10195,53235,Following up on this.,True,2025-08-04T14:33:40
10195-8,10195,911,"This has been taken care of, apologies again for the inconvenience.",True,2025-08-04T14:53:40
10195-9,10195,53235,Thanks for the help!,True,2025-08-04T16:20:40
10196-1,10196,52210,"Hi, my order arrived and the sneakers is broken, it won't turn on at all.",True,2025-08-07T02:49:48
10196-2,10196,903,"I understand the frustration, let's get this sorted out.",True,2025-08-07T04:22:48
10196-3,10196,52210,"Actually, sorry, let me explain the real issue. Hi, the sneakers shows as out of stock, do you know when it'll be available again?",True,2025-08-07T08:40:48
10196-4,10196,903,"I've resolved this on our end, please let us know if you need anything else.",True,2025-08-07T11:19:48
10196-5,10196,52210,"OK thank you, that answers my question.",True,2025-08-07T11:48:48
10197-1,10197,50447,"Hi, quick question about your returns policy, can I return an item I already opened?",True,2025-08-03T10:47:09
10197-2,10197,905,"Thanks for reaching out, let me look into this for you.",True,2025-08-03T14:00:09
10197-3,10197,50447,Does that apply to sale items too?,True,2025-08-03T16:39:09
10198-1,10198,51991,"Hi, my order arrived and the phone case is broken, it won't turn on at all.",True,2025-07-19T06:09:53
10198-2,10198,918,"Thanks for the details, give me a moment to check on this.",True,2025-07-19T06:51:53
10198-3,10198,51991,Can I get a replacement or refund?,True,2025-07-19T09:26:53
10198-4,10198,918,"I'm sorry for the trouble, checking your account now.",True,2025-07-19T11:01:53
10198-5,10198,51991,Following up on this.,True,2025-07-19T14:13:53
10198-6,10198,918,"This has been taken care of, apologies again for the inconvenience.",True,2025-07-19T15:36:53
10198-7,10198,51991,"Great, appreciate the quick resolution.",True,2025-07-19T17:28:53
10199-1,10199,50518,The bluetooth speaker I ordered stopped working after 4 days of normal use.,True,2025-06-17T19:02:13
10199-2,10199,914,"I'm sorry for the trouble, checking your account now.",True,2025-06-17T22:23:13
10199-3,10199,50518,"Actually, sorry, let me explain the real issue. Where can I download a receipt for my recent purchase?",True,2025-06-18T02:27:13
10199-4,10199,914,"Thanks for the details, give me a moment to check on this.",True,2025-06-18T07:16:13
10199-5,10199,50518,Following up on this.,True,2025-06-18T10:11:13
10199-6,10199,914,"I understand the frustration, let's get this sorted out.",True,2025-06-18T11:36:13
10199-7,10199,50518,Following up on this.,True,2025-06-18T13:00:13
10199-8,10199,914,"Thanks for confirming, I've closed this out on our end.",True,2025-06-18T16:00:13
10199-9,10199,50518,Thanks for the help!,True,2025-06-18T16:48:13
10200-1,10200,50101,"I returned my order #442220 12 days ago adn haven't seen a refund yet, can you check?",True,2025-06-21T01:23:28
10200-2,10200,912,"I understand the frustration, let's get this sorted out.",True,2025-06-21T01:50:28
10200-3,10200,50101,My bank still shows no refund received.,True,2025-06-21T03:39:28
10200-4,10200,912,"Thanks for the details, give me a moment to check on this.",True,2025-06-21T04:17:28
10200-5,10200,50101,"OK, still waiting to hear back.",True,2025-06-21T06:08:28
10200-6,10200,912,"I understand the frustration, let's get this sorted out.",True,2025-06-21T09:21:28
10200-7,10200,50101,Any news?,True,2025-06-21T11:05:28
10200-8,10200,912,"All set on our side now, thanks for your patience.",True,2025-06-21T12:50:28
10200-9,10200,50101,"Perfect, thank you.",True,2025-06-21T13:39:28
10201-1,10201,53291,"Just wanted to say thank you, my order arrived early and in perfect condition.",True,2025-08-13T08:01:46
10201-2,10201,914,"I understand the frustration, let's get this sorted out.",True,2025-08-13T10:37:46
10201-3,10201,53291,"Wanted this on record, you don't get enough good feedback.",True,2025-08-13T11:32:46
10201-4,10201,914,"This has been taken care of, apologies again for the inconvenience.",True,2025-08-13T14:01:46
10201-5,10201,53291,"Great, appreciate the quick resolution.",True,2025-08-13T14:31:46
10202-1,10202,53370,"Hi, my order arrived and the wireless headphones is broken, it won't turn on at all.",True,2025-06-28T15:54:31
10202-2,10202,909,"Thanks for the details, give me a moment to check on this.",True,2025-06-28T19:47:31
10202-3,10202,53370,"I've tried everything, it's definitely faulty.",True,2025-06-28T23:30:31
10202-4,10202,909,"I'm sorry for the trouble, checking your account now.",True,2025-06-29T03:51:31
10202-5,10202,53370,"OK, still waiting to hear back.",True,2025-06-29T04:08:31
10202-6,10202,909,"I understand the frustration, let's get this sorted out.",True,2025-06-29T05:28:31
10202-7,10202,53370,Following up on this.,True,2025-06-29T05:55:31
10202-8,10202,909,"Thanks for confirming, I've closed this out on our end.",True,2025-06-29T09:15:31
10202-9,10202,53370,"OK thank you, that answers my question.",True,2025-06-29T10:32:31
10203-1,10203,51528,"I just opened my pacakge for order #709908 and the denim jacket is missing, only the rest of teh items were inside.",True,2025-06-02T14:19:54
10203-2,10203,916,"I'm sorry for the trouble, checking your account now.",True,2025-06-02T14:43:54
10203-3,10203,51528,"I checked the box twice, it's definitely not there.",True,2025-06-02T16:26:54
10203-4,10203,916,"Thanks for the details, give me a moment to check on this.",True,2025-06-02T18:01:54
10203-5,10203,51528,Any news?,True,2025-06-02T21:06:54
10203-6,10203,916,"All set on our side now, thanks for your patience.",True,2025-06-02T22:25:54
10203-7,10203,51528,"Perfect, thank you.",True,2025-06-02T22:42:54
10204-1,10204,53189,Order #328459 was supposed to arrive on Aug 18 and it's still not here. What's going on?,True,2025-08-23T19:45:58
10204-2,10204,915,"I understand the frustration, let's get this sorted out.",True,2025-08-23T19:54:58
10204-3,10204,53189,Do you have an updated delivery estimate?,True,2025-08-23T23:02:58
10204-4,10204,915,"Thanks for the details, give me a moment to check on this.",True,2025-08-24T02:58:58
10204-5,10204,53189,Following up on this.,True,2025-08-24T03:52:58
10204-6,10204,915,"Thanks for reaching out, let me look into this for you.",True,2025-08-24T05:19:58
10204-7,10204,53189,"OK, still waiting to hear back.",True,2025-08-24T08:39:58
10204-8,10204,915,"This has been taken care of, apologies again for the inconvenience.",True,2025-08-24T09:45:58
10204-9,10204,53189,"Great, appreciate the quick resolution.",True,2025-08-24T11:18:58
10205-1,10205,51740,"Hi, I placed order #607778 on May 28 and I can't find any tracking info. Can you tell me where it is?",True,2025-06-11T04:03:04
10205-2,10205,922,"Thanks for reaching out, let me look into this for you.",True,2025-06-11T04:10:04
10205-3,10205,51740,Any update on this? It's been a while.,True,2025-06-11T05:23:04
10205-4,10205,922,"I've resolved this on our end, please let us know if you need anything else.",True,2025-06-11T07:15:04
10205-5,10205,51740,"Perfect, thank you.",True,2025-06-11T07:38:04
10206-1,10206,52068,"My card keeps getting declined when I try to check out, even though there are funds available.",True,2025-08-14T14:24:37
10206-2,10206,918,"I understand the frustration, let's get this sorted out.",True,2025-08-14T18:24:37
10206-3,10206,52068,"Actually, sorry, let me explain the real issue. I returned my order #654527 5 days ago and haven't seen a refund yet, can you check?",True,2025-08-14T21:41:37
10206-4,10206,918,"I understand the frustration, let's get this sorted out.",True,2025-08-15T00:52:37
10206-5,10206,52068,Following up on this.,True,2025-08-15T01:56:37
10206-6,10206,918,"I understand the frustration, let's get this sorted out.",True,2025-08-15T03:04:37
10206-7,10206,52068,Any news?,True,2025-08-15T03:42:37
10206-8,10206,918,"This has been taken care of, apologies again for the inconvenience.",True,2025-08-15T04:23:37
10206-9,10206,52068,"Perfect, thank you.",True,2025-08-15T05:31:37
10207-1,10207,51576,"Hi, the smartwatch shows as out of stock, do you know when it'll be available again?",True,2025-08-07T00:11:19
10207-2,10207,909,"I'm sorry for the trouble, checking your account now.",True,2025-08-07T01:50:19
10207-3,10207,51576,Can I reserve one in advance?,True,2025-08-07T02:06:19
10207-4,10207,909,"I've resolved this on our end, please let us know if you need anything else.",True,2025-08-07T03:09:19
10207-5,10207,51576,"Great, appreciate the quick resolution.",True,2025-08-07T03:29:19
10208-1,10208,50265,"Hi, my order arrived and the smartwatch is broken, it won't turn on at all.",True,2025-07-01T19:45:12
10208-2,10208,911,"I understand the frustration, let's get this sorted out.",True,2025-07-01T22:40:12
10208-3,10208,50265,Can I get a replacement or refund?,True,2025-07-02T02:58:12
10208-4,10208,911,"Thanks for reaching out, let me look into this for you.",True,2025-07-02T04:23:12
10208-5,10208,50265,Any news?,True,2025-07-02T05:04:12
10208-6,10208,911,"This has been taken care of, apologies again for the inconvenience.",True,2025-07-02T07:19:12
10208-7,10208,50265,Thanks for the help!,True,2025-07-02T07:27:12
10209-1,10209,50733,"Hi, I think I entered the wrong address for order #753506, could you update it before it ships?",True,2025-06-30T18:14:09
10209-2,10209,912,"Thanks for reaching out, let me look into this for you.",True,2025-06-30T21:46:09
10209-3,10209,50733,I'm worried it will ship before this gets fixed.,True,2025-06-30T22:12:09
10209-4,10209,912,"Thanks for confirming, I've closed this out on our end.",True,2025-06-30T23:22:09
10209-5,10209,50733,"OK thank you, that answers my question.",True,2025-07-01T00:23:09
10210-1,10210,52013,"Hi, quick question about your returns policy, can I return an item I already opened?",True,2025-08-05T03:31:24
10210-2,10210,913,"I understand the frustration, let's get this sorted out.",True,2025-08-05T05:42:24
10210-3,10210,52013,Is there a restocking fee?,True,2025-08-05T08:52:24
10210-4,10210,913,"This has been taken care of, apologies again for the inconvenience.",True,2025-08-05T11:46:24
10210-5,10210,52013,"Perfect, thank you.",True,2025-08-05T13:38:24
10211-1,10211,50398,"I returned my order #793360 5 days ago and haven't seen a refund yet, can yuo check?",True,2025-07-03T12:40:26
10211-2,10211,913,"Thanks for the details, give me a moment to check on this.",True,2025-07-03T12:50:26
10211-3,10211,50398,My bank still shows no refund received.,True,2025-07-03T13:19:26
10211-4,10211,913,"Thanks for the details, give me a moment to check on this.",True,2025-07-03T17:52:26
10211-5,10211,50398,Following up on this.,True,2025-07-03T18:07:26
10211-6,10211,913,"Thanks for reaching out, let me look into this for you.",True,2025-07-03T20:17:26
10211-7,10211,50398,Any news?,True,2025-07-03T21:48:26
10211-8,10211,913,"I've resolved this on our end, please let us know if you need anything else.",True,2025-07-04T00:24:26
10211-9,10211,50398,"OK thank you, that answers my question.",True,2025-07-04T02:12:26
10212-1,10212,52518,How many days do I have to return something after delivry?,True,2025-07-10T16:26:12
10212-2,10212,909,"Thanks for reaching out, let me look into this for you.",True,2025-07-10T17:28:12
10212-3,10212,52518,Is there a restocking fee?,True,2025-07-10T18:26:12
10213-1,10213,52668,"Hi, before I order the winter coat, does it come in a larger size?",True,2025-06-28T07:09:27
10213-2,10213,909,"I understand the frustration, let's get this sorted out.",True,2025-06-28T08:01:27
10213-3,10213,52668,Do you have a size guide I can check?,True,2025-06-28T10:00:27
10213-4,10213,909,"I understand the frustration, let's get this sorted out.",True,2025-06-28T14:42:27
10213-5,10213,52668,Following up on this.,True,2025-06-28T17:16:27
10213-6,10213,909,"This has been taken care of, apologies again for the inconvenience.",True,2025-06-28T20:06:27
10213-7,10213,52668,"OK thank you, that answers my question.",True,2025-06-28T20:57:27
10214-1,10214,51680,I ordered the backpack but received a completely different item.,True,2025-08-22T22:24:04
10214-2,10214,910,"Thanks for the details, give me a moment to check on this.",True,2025-08-23T02:00:04
10214-3,10214,51680,Should I send this one back first?,True,2025-08-23T06:07:04
10214-4,10214,910,"I understand the frustration, let's get this sorted out.",True,2025-08-23T11:03:04
10214-5,10214,51680,"OK, still waiting to hear back.",True,2025-08-23T13:58:04
10214-6,10214,910,"I'm sorry for the trouble, checking your account now.",True,2025-08-23T14:59:04
10214-7,10214,51680,"OK, still waiting to hear back.",True,2025-08-23T16:18:04
10214-8,10214,910,"All set on our side now, thanks for your patience.",True,2025-08-23T16:35:04
10214-9,10214,51680,"Great, appreciate the quick resolution.",True,2025-08-23T18:04:04
10215-1,10215,50226,"Hi, I placed order #526777 on Jun 16 and I can't find any tracking info. Can you tell me where it is?",True,2025-06-28T02:56:55
10215-2,10215,902,"Thanks for the details, give me a moment to check on this.",True,2025-06-28T05:51:55
10215-3,10215,50226,Any update on this? It's been a while.,True,2025-06-28T10:15:55
10215-4,10215,902,"Thanks for the details, give me a moment to check on this.",True,2025-06-28T12:26:55
10215-5,10215,50226,Following up on this.,True,2025-06-28T14:00:55
10215-6,10215,902,"This has been taken care of, apologies again for the inconvenience.",True,2025-06-28T17:18:55
10215-7,10215,50226,"Great, appreciate the quick resolution.",True,2025-06-28T18:17:55
10216-1,10216,51672,The bluetooth speaker I ordered stopped working after 10 days of normal use.,True,2025-06-06T02:10:31
10216-2,10216,908,"I understand the frustration, let's get this sorted out.",True,2025-06-06T03:47:31
10216-3,10216,51672,Can I get a replacement or refund?,True,2025-06-06T07:05:31
10216-4,10216,908,"Thanks for reaching out, let me look into this for you.",True,2025-06-06T07:25:31
10216-5,10216,51672,Following up on this.,True,2025-06-06T10:44:31
10216-6,10216,908,"This has been taken care of, apologies again for the inconvenience.",True,2025-06-06T11:07:31
10216-7,10216,51672,"OK thank you, that answers my question.",True,2025-06-06T11:44:31
10217-1,10217,53512,"I want to file a complaint, my overall experience with this order has been really disappointing.",True,2025-08-22T19:27:25
10217-2,10217,914,"Thanks for the details, give me a moment to check on this.",True,2025-08-22T21:24:25
10217-3,10217,53512,This isn't the first time either.,True,2025-08-23T01:02:25
10217-4,10217,914,"I understand the frustration, let's get this sorted out.",True,2025-08-23T01:53:25
10217-5,10217,53512,Following up on this.,True,2025-08-23T04:03:25
10218-1,10218,53376,"I returned my order #731364 7 days ago and haven't seen a refund yet, can you check?",True,2025-07-17T02:06:04
10218-2,10218,905,"Thanks for the details, give me a moment to check on this.",True,2025-07-17T04:51:04
10218-3,10218,53376,It's been longer than the timeline you gave me.,True,2025-07-17T07:41:04
10218-4,10218,905,"I understand the frustration, let's get this sorted out.",True,2025-07-17T08:57:04
10218-5,10218,53376,Any news?,True,2025-07-17T10:28:04
10219-1,10219,50813,"The password reset link you sent isn't working, can you help me get back in?",True,2025-06-17T13:20:25
10219-2,10219,902,"I'm sorry for the trouble, checking your account now.",True,2025-06-17T14:31:25
10219-3,10219,50813,Is there another way to verify my identity?,True,2025-06-17T15:26:25
10219-4,10219,902,"Thanks for reaching out, let me look into this for you.",True,2025-06-17T17:03:25
10219-5,10219,50813,Following up on this.,True,2025-06-17T17:16:25
10219-6,10219,902,"I understand the frustration, let's get this sorted out.",True,2025-06-17T19:40:25
10219-7,10219,50813,Following up on this.,True,2025-06-17T21:46:25
10219-8,10219,902,"This has been taken care of, apologies again for the inconvenience.",True,2025-06-18T00:02:25
10219-9,10219,50813,"Perfect, thank you.",True,2025-06-18T00:31:25
10220-1,10220,52457,"Quick question, is the winter coat compatible with older devices?",True,2025-06-26T18:09:46
10220-2,10220,906,"I understand the frustration, let's get this sorted out.",True,2025-06-26T20:43:46
10220-3,10220,52457,"Also, what material is it made from?",True,2025-06-26T21:36:46
10220-4,10220,906,"Thanks for confirming, I've closed this out on our end.",True,2025-06-27T01:46:46
10220-5,10220,52457,"Great, appreciate the quick resolution.",True,2025-06-27T03:18:46
10221-1,10221,50390,"Hi, the courier says my package for order #471512 was delivered but it's nowhere to be found.",True,2025-07-01T07:08:59
10221-2,10221,917,"Thanks for reaching out, let me look into this for you.",True,2025-07-01T07:46:59
10221-3,10221,50390,Can you open an investigation with the carrier?,True,2025-07-01T09:27:59
10221-4,10221,917,"I'm sorry for the trouble, checking your account now.",True,2025-07-01T12:30:59
10221-5,10221,50390,Any news?,True,2025-07-01T13:02:59
10221-6,10221,917,"I understand the frustration, let's get this sorted out.",True,2025-07-01T16:13:59
10221-7,10221,50390,Any news?,True,2025-07-01T16:59:59
10221-8,10221,917,"This has been taken care of, apologies again for the inconvenience.",True,2025-07-01T17:38:59
10221-9,10221,50390,"Perfect, thank you.",True,2025-07-01T18:46:59
10222-1,10222,53397,"Hi, when will I get my money back for teh item I sent back?",True,2025-07-18T01:20:20
10222-2,10222,924,"I understand the frustration, let's get this sorted out.",True,2025-07-18T01:34:20
10222-3,10222,53397,It's been longer than the timeline you gave me.,True,2025-07-18T03:57:20
10222-4,10222,924,"Thanks for confirming, I've closed this out on our end.",True,2025-07-18T08:20:20
10222-5,10222,53397,"OK thank you, that answers my question.",True,2025-07-18T09:23:20
10223-1,10223,50834,"Hi, quick question about your returns policy, can I return an item I already opened?",True,2025-06-16T07:38:47
10223-2,10223,909,"Thanks for reaching out, let me look into this for you.",True,2025-06-16T09:29:47
10223-3,10223,50834,Is there a restocking fee?,True,2025-06-16T11:45:47
10223-4,10223,909,"Thanks for reaching out, let me look into this for you.",True,2025-06-16T12:43:47
10223-5,10223,50834,Following up on this.,True,2025-06-16T14:05:47
10223-6,10223,909,"Thanks for reaching out, let me look into this for you.",True,2025-06-16T17:09:47
10223-7,10223,50834,Any news?,True,2025-06-16T18:59:47
10224-1,10224,51885,"Just some feedback, it would be great if the website had a size comparison tool.",True,2025-07-12T07:53:40
10224-2,10224,922,"Thanks for reaching out, let me look into this for you.",True,2025-07-12T09:20:40
10224-3,10224,51885,Would love to see that in a future update.,True,2025-07-12T10:06:40
10224-4,10224,922,"Thanks for confirming, I've closed this out on our end.",True,2025-07-12T11:03:40
10224-5,10224,51885,Thanks for the help!,True,2025-07-12T11:19:40
10225-1,10225,52650,"Hi, I think I entered the wrong address for order #940014, could you update it before it ships?",True,2025-06-15T00:42:07
10225-2,10225,924,"I understand the frustration, let's get this sorted out.",True,2025-06-15T02:41:07
10225-3,10225,52650,I'm worried it will ship before this gets fixed.,True,2025-06-15T06:54:07
10225-4,10225,924,"Thanks for reaching out, let me look into this for you.",True,2025-06-15T11:52:07
10225-5,10225,52650,Any news?,True,2025-06-15T13:50:07
10225-6,10225,924,"Thanks for confirming, I've closed this out on our end.",True,2025-06-15T16:37:07
10225-7,10225,52650,Thanks for the help!,True,2025-06-15T16:53:07
10226-1,10226,52159,"Hi, I was only refunded part of my order, can you check what happened? I was charged twice for order #183029, can you refund the duplicate?",True,2025-06-08T15:26:18
10226-2,10226,920,"Thanks for reaching out, let me look into this for you.",True,2025-06-08T19:25:18
10226-3,10226,52159,I paid $47 and only got a fraction of that back.,True,2025-06-08T23:57:18
10226-4,10226,920,"All set on our side now, thanks for your patience.",True,2025-06-09T03:38:18
10226-5,10226,52159,"Perfect, thank you.",True,2025-06-09T04:28:18
10227-1,10227,53220,"Hi, when will I get my money back for the item I sent back?",True,2025-06-05T02:52:05
10227-2,10227,905,"I'm sorry for the trouble, checking your account now.",True,2025-06-05T06:40:05
10227-3,10227,53220,It's been longer than teh timeline you gave me.,True,2025-06-05T08:38:05
10227-4,10227,905,"Thanks for reaching out, let me look into this for you.",True,2025-06-05T11:00:05
10227-5,10227,53220,Following up on this.,True,2025-06-05T13:01:05
10227-6,10227,905,"Thanks for reaching out, let me look into this for you.",True,2025-06-05T13:15:05
10227-7,10227,53220,"OK, still waiting to hear back.",True,2025-06-05T15:06:05
10227-8,10227,905,"Thanks for confirming, I've closed this out on our end.",True,2025-06-05T15:19:05
10227-9,10227,53220,"OK thank you, that answers my question.",True,2025-06-05T16:22:05
10228-1,10228,53295,"Hi, my delivery is running late, I ordered the desk lamp over a week ago.",True,2025-06-13T07:09:00
10228-2,10228,909,"I'm sorry for the trouble, checking your account now.",True,2025-06-13T10:36:00
10228-3,10228,53295,Do you have an updated delivery estimate?,True,2025-06-13T11:30:00
10228-4,10228,909,"This has been taken care of, apologies again for the inconvenience.",True,2025-06-13T15:16:00
10228-5,10228,53295,"OK thank you, that answers my question.",True,2025-06-13T16:55:00
10229-1,10229,50993,"Hi, when will I get my money back for the item I sent back?",True,2025-08-15T11:57:53
10229-2,10229,906,"Thanks for reaching out, let me look into this for you.",True,2025-08-15T13:16:53
10229-3,10229,50993,My bank still shows no refund received.,True,2025-08-15T17:35:53
10229-4,10229,906,"I've resolved this on our end, please let us know if you need anything else.",True,2025-08-15T21:54:53
10229-5,10229,50993,"Perfect, thank you.",True,2025-08-15T22:53:53
10230-1,10230,50478,"Hi, when will I get my money back for the item I sent back?",True,2025-07-29T19:36:22
10230-2,10230,915,"Thanks for the details, give me a moment to check on this.",True,2025-07-29T22:36:22
10230-3,10230,50478,It's been longer than the timeline you gave me.,True,2025-07-30T02:45:22
10230-4,10230,915,"Thanks for the details, give me a moment to check on this.",True,2025-07-30T06:14:22
10230-5,10230,50478,"OK, still waiting to hear back.",True,2025-07-30T08:24:22
10230-6,10230,915,"I'm sorry for the trouble, checking your account now.",True,2025-07-30T11:13:22
10230-7,10230,50478,Following up on this.,True,2025-07-30T12:35:22
10230-8,10230,915,"This has been taken care of, apologies again for the inconvenience.",True,2025-07-30T13:07:22
10230-9,10230,50478,"Great, appreciate the quick resolution.",True,2025-07-30T13:34:22
10231-1,10231,51243,"Hi, when will I get my money back for the item I sent back?",True,2025-06-05T06:46:01
10231-2,10231,907,"I understand the frustration, let's get this sorted out.",True,2025-06-05T07:48:01
10231-3,10231,51243,My bank still shows no refund received.,True,2025-06-05T10:10:01
10231-4,10231,907,"I've resolved this on our end, please let us know if you need anything else.",True,2025-06-05T15:05:01
10231-5,10231,51243,Thanks for the help!,True,2025-06-05T16:40:01
10232-1,10232,50433,"I want to file a complaint, my overall experience with this order has been really disappointing.",True,2025-08-11T04:38:54
10232-2,10232,925,"Thanks for the details, give me a moment to check on this.",True,2025-08-11T05:23:54
10232-3,10232,50433,I'd like to know how this will be addressed.,True,2025-08-11T09:19:54
10232-4,10232,925,"This has been taken care of, apologies again for the inconvenience.",True,2025-08-11T10:19:54
10232-5,10232,50433,"Great, appreciate the quick resolution.",True,2025-08-11T10:39:54
10233-1,10233,51004,Order #378937 was supposed to arrive on Jun 15 and it's still not here. What's going on?,True,2025-06-27T02:25:32
10233-2,10233,925,"I understand the frustration, let's get this sorted out.",True,2025-06-27T05:55:32
10233-3,10233,51004,Do you have an updated delivery estimate?,True,2025-06-27T09:36:32
10233-4,10233,925,"Thanks for the details, give me a moment to check on this.",True,2025-06-27T14:10:32
10233-5,10233,51004,Any news?,True,2025-06-27T14:27:32
10233-6,10233,925,"I've resolved this on our end, please let us know if you need anything else.",True,2025-06-27T15:14:32
10233-7,10233,51004,"Perfect, thank you.",True,2025-06-27T15:29:32
10234-1,10234,52704,This might not be the right place but I wasn't sure where else to send this.,True,2025-07-23T07:08:03
10234-2,10234,920,"I'm sorry for the trouble, checking your account now.",True,2025-07-23T09:28:03
10234-3,10234,52704,Sorry if this isn't the right department.,True,2025-07-23T13:04:03
10234-4,10234,920,"I understand the frustration, let's get this sorted out.",True,2025-07-23T17:52:03
10234-5,10234,52704,Any news?,True,2025-07-23T21:00:03
10234-6,10234,920,"This has been taken care of, apologies again for the inconvenience.",True,2025-07-23T23:56:03
10234-7,10234,52704,"Perfect, thank you.",True,2025-07-24T01:53:03
10235-1,10235,50875,"Hi, when will I get my money back for the item I sent back?",True,2025-06-29T10:07:33
10235-2,10235,902,"Thanks for the details, give me a moment to check on this.",True,2025-06-29T13:47:33
10235-3,10235,50875,"Actually, sorry, let me explain the real issue. Hi, my delivery is running late, I ordered the wireless headphones over a week ago.",True,2025-06-29T16:09:33
10235-4,10235,902,"Thanks for confirming, I've closed this out on our end.",True,2025-06-29T20:08:33
10235-5,10235,50875,"Great, appreciate the quick resolution.",True,2025-06-29T20:56:33
10236-1,10236,52754,Order #443772 shows as delivered but I never received anything. I've checked with neighbours and the building office.,True,2025-07-18T07:13:47
10236-2,10236,904,"I understand the frustration, let's get this sorted out.",True,2025-07-18T07:51:47
10236-3,10236,52754,Can yuo open an investigation with the carrier?,True,2025-07-18T09:50:47
10236-4,10236,904,"I understand the frustration, let's get this sorted out.",True,2025-07-18T13:26:47
10236-5,10236,52754,Following up on this.,True,2025-07-18T14:43:47
10236-6,10236,904,"Thanks for confirming, I've closed this out on our end.",True,2025-07-18T17:00:47
10236-7,10236,52754,"OK thank you, that answers my question.",True,2025-07-18T18:33:47
10237-1,10237,52071,"Just wanted to say thank you, my order arrived early and in perfect condition.",True,2025-07-12T15:53:08
10237-2,10237,904,"I understand the frustration, let's get this sorted out.",True,2025-07-12T18:32:08
10237-3,10237,52071,"Wanted this on record, you don't get enough good feedback.",True,2025-07-12T19:38:08
10237-4,10237,904,"All set on our side now, thanks for your patience.",True,2025-07-12T22:16:08
10237-5,10237,52071,"Perfect, thank you.",True,2025-07-12T23:00:08
10238-1,10238,50582,"Hi, I need to update the email address on my account.",True,2025-06-05T10:16:59
10238-2,10238,925,"Thanks for the details, give me a moment to check on this.",True,2025-06-05T12:47:59
10238-3,10238,50582,"Actually, sorry, let me explain the real issue. Hi, the amount charged to my card doesn't match my order total, can you check?",True,2025-06-05T17:46:59
10238-4,10238,925,"I understand the frustration, let's get this sorted out.",True,2025-06-05T19:03:59
10238-5,10238,50582,Following up on this.,True,2025-06-05T21:08:59
10238-6,10238,925,"All set on our side now, thanks for your patience.",True,2025-06-05T23:12:59
10238-7,10238,50582,"OK thank you, that answers my question.",True,2025-06-05T23:28:59
10239-1,10239,52746,"Hi, I can't log into my account, it keeps saying my password is wrong even after resetting it.",True,2025-07-29T19:01:05
10239-2,10239,914,"Thanks for reaching out, let me look into this for you.",True,2025-07-29T21:24:05
10239-3,10239,52746,"Actually, sorry, let me explain the real issue. Hi, I'd like to delete my account and all data yuo hold on me, please confirm once done.",True,2025-07-30T02:01:05
10239-4,10239,914,"This has been taken care of, apologies again for the inconvenience.",True,2025-07-30T06:43:05
10239-5,10239,52746,"OK thank you, that answers my question.",True,2025-07-30T07:19:05
10240-1,10240,52013,"Hi, I placed order #653545 on Jun 06 and I can't find any tracking info. Can you tell me where it is?",True,2025-06-17T10:19:26
10240-2,10240,900,"I'm sorry for the trouble, checking your account now.",True,2025-06-17T12:08:26
10240-3,10240,52013,"Still no movement on the tracking page, is that normal?",True,2025-06-17T12:48:26
10240-4,10240,900,"Thanks for confirming, I've closed this out on our end.",True,2025-06-17T15:30:26
10240-5,10240,52013,"Perfect, thank you.",True,2025-06-17T17:29:26
10241-1,10241,53080,"Hi, I'm getting a payment error adn can't finish my order.",True,2025-07-15T20:55:32
10241-2,10241,919,"Thanks for reaching out, let me look into this for you.",True,2025-07-16T00:53:32
10241-3,10241,53080,I've tried two different cards now.,True,2025-07-16T03:20:32
10241-4,10241,919,"I'm sorry for the trouble, checking your account now.",True,2025-07-16T05:36:32
10241-5,10241,53080,Following up on this.,True,2025-07-16T07:03:32
10241-6,10241,919,"This has been taken care of, apologies again for the inconvenience.",True,2025-07-16T08:57:32
10241-7,10241,53080,"Great, appreciate the quick resolution.",True,2025-07-16T10:42:32
10242-1,10242,50171,"Hi, my order arrived and the wireless headphones is broken, it won't turn on at all.",True,2025-08-27T11:35:53
10242-2,10242,900,"Thanks for the details, give me a moment to check on this.",True,2025-08-27T14:09:53
10242-3,10242,50171,"I've tried everything, it's definitely faulty.",True,2025-08-27T14:42:53
10242-4,10242,900,"Thanks for the details, give me a moment to check on this.",True,2025-08-27T19:25:53
10242-5,10242,50171,Any news?,True,2025-08-27T19:57:53
10242-6,10242,900,"This has been taken care of, apologies again for the inconvenience.",True,2025-08-27T23:05:53
10242-7,10242,50171,"Perfect, thank you.",True,2025-08-28T00:42:53
10243-1,10243,52601,"I just opened my package for order #794447 adn the bluetooth speaker is missing, only the rest of the items were inside.",True,2025-08-04T10:06:28
10243-2,10243,908,"I understand the frustration, let's get this sorted out.",True,2025-08-04T13:11:28
10243-3,10243,52601,"I checked the box twice, it's definitely not there.",True,2025-08-04T16:42:28
10243-4,10243,908,"I understand the frustration, let's get this sorted out.",True,2025-08-04T17:31:28
10243-5,10243,52601,"OK, still waiting to hear back.",True,2025-08-04T20:33:28
10244-1,10244,51895,"Hi, my delivery is running late, I ordered the yoga mat over a week ago.",True,2025-07-11T11:11:00
10244-2,10244,911,"Thanks for the details, give me a moment to check on this.",True,2025-07-11T11:25:00
10244-3,10244,51895,"It's been 13 extra days now, this is getting frustrating.",True,2025-07-11T15:47:00
10245-1,10245,52260,Is there any way to get notified when the running shoes is restocked?,True,2025-07-22T11:48:43
10245-2,10245,906,"Thanks for the details, give me a moment to check on this.",True,2025-07-22T14:59:43
10245-3,10245,52260,"I really want this before Jul 16, is that realistic?",True,2025-07-22T16:47:43
10245-4,10245,906,"I understand the frustration, let's get this sorted out.",True,2025-07-22T21:29:43
10245-5,10245,52260,Any news?,True,2025-07-22T21:39:43
10245-6,10245,906,"I've resolved this on our end, please let us know if you need anything else.",True,2025-07-23T00:33:43
10245-7,10245,52260,"Perfect, thank you.",True,2025-07-23T02:27:43
10246-1,10246,52029,The graphic t-shirt I received feels much cheaper than it looked in the photos.,True,2025-06-04T22:57:56
10246-2,10246,911,"I understand the frustration, let's get this sorted out.",True,2025-06-04T23:59:56
10246-3,10246,52029,It just doesn't feel like a $151 item.,True,2025-06-05T00:47:56
10246-4,10246,911,"I've resolved this on our end, please let us know if you need anything else.",True,2025-06-05T02:37:56
10246-5,10246,52029,"OK thank you, that answers my question.",True,2025-06-05T02:45:56
10247-1,10247,51012,"Hi, I was supposed to get a discount but my order #961545 was charged full price.",True,2025-08-27T06:32:21
10247-2,10247,903,"Thanks for reaching out, let me look into this for you.",True,2025-08-27T09:05:21
10247-3,10247,51012,The code was definitely still valid.,True,2025-08-27T09:58:21
10247-4,10247,903,"Thanks for reaching out, let me look into this for you.",True,2025-08-27T10:41:21
10247-5,10247,51012,"OK, still waiting to hear back.",True,2025-08-27T12:44:21
10247-6,10247,903,"Thanks for confirming, I've closed this out on our end.",True,2025-08-27T14:11:21
10247-7,10247,51012,Thanks for the help!,True,2025-08-27T14:24:21
10248-1,10248,50392,The wireless headphones I ordered stopped working after 9 days of normal use.,True,2025-06-22T05:14:55
10248-2,10248,919,"Thanks for the details, give me a moment to check on this.",True,2025-06-22T07:15:55
10248-3,10248,50392,"I've tried everything, it's definitely faulty.",True,2025-06-22T09:03:55
10248-4,10248,919,"This has been taken care of, apologies again for the inconvenience.",True,2025-06-22T10:05:55
10248-5,10248,50392,"Great, appreciate the quick resolution.",True,2025-06-22T12:05:55
10249-1,10249,51821,"Hi, I placed order #426806 on Jul 24 and I can't find any tracking info. Can you tell me where it is?",True,2025-08-12T13:07:02
10249-2,10249,905,"I'm sorry for the trouble, checking your account now.",True,2025-08-12T13:14:02
10249-3,10249,51821,Any update on this? It's been a while.,True,2025-08-12T13:53:02
10249-4,10249,905,"Thanks for reaching out, let me look into this for you.",True,2025-08-12T18:22:02
10249-5,10249,51821,Any news?,True,2025-08-12T20:20:02
10250-1,10250,52735,"Hi, my order arrived and the phone case is broken, it won't turn on at all.",True,2025-08-29T09:02:29
10250-2,10250,915,"Thanks for reaching out, let me look into this for you.",True,2025-08-29T13:02:29
10250-3,10250,52735,"Actually, sorry, let me explain the real issue. I got refunded for order #447231 but the amount is way less than what I paid.",True,2025-08-29T15:06:29
10250-4,10250,915,"Thanks for the details, give me a moment to check on this.",True,2025-08-29T19:22:29
10250-5,10250,52735,Any news?,True,2025-08-29T22:41:29
10250-6,10250,915,"I've resolved this on our end, please let us know if you need anything else.",True,2025-08-29T23:43:29
10250-7,10250,52735,Thanks for the help!,True,2025-08-30T00:34:29
10251-1,10251,51190,"Hi, the amount charged to my card doesn't match my order total, can you check?",True,2025-07-24T07:27:58
10251-2,10251,914,"I'm sorry for the trouble, checking your account now.",True,2025-07-24T07:37:58
10251-3,10251,51190,"I have both charges on my statement, want me to send a screenshot?",True,2025-07-24T10:01:58
10251-4,10251,914,"I'm sorry for the trouble, checking your account now.",True,2025-07-24T10:21:58
10251-5,10251,51190,Following up on this.,True,2025-07-24T12:08:58
10251-6,10251,914,"This has been taken care of, apologies again for the inconvenience.",True,2025-07-24T12:46:58
10251-7,10251,51190,"OK thank you, that answers my question.",True,2025-07-24T13:30:58
10252-1,10252,53597,What benefits come with the premium membership tier?,True,2025-06-14T03:31:56
10252-2,10252,922,"I'm sorry for the trouble, checking your account now.",True,2025-06-14T06:06:56
10252-3,10252,53597,"Actually, sorry, let me explain the real issue. Can you help me change teh phone number linked to my account?",True,2025-06-14T10:50:56
10252-4,10252,922,"I understand the frustration, let's get this sorted out.",True,2025-06-14T13:23:56
10252-5,10252,53597,Following up on this.,True,2025-06-14T14:26:56
10252-6,10252,922,"I understand the frustration, let's get this sorted out.",True,2025-06-14T14:56:56
10252-7,10252,53597,Following up on this.,True,2025-06-14T17:55:56
10252-8,10252,922,"Thanks for confirming, I've closed this out on our end.",True,2025-06-14T18:21:56
10252-9,10252,53597,"Perfect, thank you.",True,2025-06-14T20:02:56
10253-1,10253,52931,"Hi, the color/size I received doesn't match order #929029 at all.",True,2025-07-23T21:37:25
10253-2,10253,915,"I'm sorry for the trouble, checking your account now.",True,2025-07-24T00:08:25
10253-3,10253,52931,Should I send this one back first?,True,2025-07-24T03:29:25
10253-4,10253,915,"All set on our side now, thanks for your patience.",True,2025-07-24T08:20:25
10253-5,10253,52931,"Perfect, thank you.",True,2025-07-24T09:21:25
10254-1,10254,51847,"Hi, quick question about your returns policy, can I return an item I already opened?",True,2025-07-04T10:50:51
10254-2,10254,914,"Thanks for reaching out, let me look into this for you.",True,2025-07-04T13:06:51
10254-3,10254,51847,"Actually, sorry, let me explain the real issue. I used teh code WELCOME15 but it didn't apply any discount at checkout.",True,2025-07-04T15:37:51
10254-4,10254,914,"Thanks for the details, give me a moment to check on this.",True,2025-07-04T16:06:51
10254-5,10254,51847,Following up on this.,True,2025-07-04T17:06:51
10254-6,10254,914,"All set on our side now, thanks for your patience.",True,2025-07-04T18:40:51
10254-7,10254,51847,"Great, appreciate the quick resolution.",True,2025-07-04T19:09:51
10255-1,10255,53368,I used the code WELCOME15 but it didn't apply any discount at checkout.,True,2025-07-07T18:08:25
10255-2,10255,911,"I understand the frustration, let's get this sorted out.",True,2025-07-07T20:25:25
10255-3,10255,53368,Can you apply it retroactively or refund the difference?,True,2025-07-08T00:31:25
10256-1,10256,50569,"Hello, just checking on the status of order #949767, it's been a few days and I haven't heard anything.",True,2025-06-28T19:31:47
10256-2,10256,918,"Thanks for reaching out, let me look into this for you.",True,2025-06-28T22:01:47
10256-3,10256,50569,Any update on this? It's been a while.,True,2025-06-28T23:22:47
10256-4,10256,918,"I understand the frustration, let's get this sorted out.",True,2025-06-29T02:21:47
10256-5,10256,50569,"OK, still waiting to hear back.",True,2025-06-29T04:08:47
10256-6,10256,918,"Thanks for confirming, I've closed this out on our end.",True,2025-06-29T05:58:47
10256-7,10256,50569,"OK thank you, that answers my question.",True,2025-06-29T06:27:47
10257-1,10257,50702,"Hi, I was supposed to get a discount but my order #732672 was charged full price.",True,2025-06-17T04:03:02
10257-2,10257,903,"Thanks for reaching out, let me look into this for you.",True,2025-06-17T06:22:02
10257-3,10257,50702,The code was definitely stil valid.,True,2025-06-17T10:24:02
10257-4,10257,903,"I understand the frustration, let's get this sorted out.",True,2025-06-17T13:21:02
10257-5,10257,50702,"OK, still waiting to hear back.",True,2025-06-17T15:11:02
10257-6,10257,903,"I'm sorry for the trouble, checking your account now.",True,2025-06-17T15:49:02
10257-7,10257,50702,Any news?,True,2025-06-17T18:16:02
10257-8,10257,903,"Thanks for confirming, I've closed this out on our end.",True,2025-06-17T20:28:02
10257-9,10257,50702,"Great, appreciate the quick resolution.",True,2025-06-17T22:28:02
10258-1,10258,52472,"Hi, quick question about your returns policy, can I return an item I already opened?",True,2025-07-24T11:23:12
10258-2,10258,918,"Thanks for the details, give me a moment to check on this.",True,2025-07-24T12:31:12
10258-3,10258,52472,Is there a restocking fee?,True,2025-07-24T16:52:12
10258-4,10258,918,"Thanks for reaching out, let me look into this for you.",True,2025-07-24T20:58:12
10258-5,10258,52472,Following up on this.,True,2025-07-24T22:21:12
10258-6,10258,918,"All set on our side now, thanks for your patience.",True,2025-07-25T00:27:12
10258-7,10258,52472,"Great, appreciate the quick resolution.",True,2025-07-25T01:22:12
10259-1,10259,51575,"Hi, when will I get my money back for the item I sent back? I was charged twice for order #145785, can you refund the duplicate?",True,2025-07-22T18:09:06
10259-2,10259,921,"I understand the frustration, let's get this sorted out.",True,2025-07-22T22:06:06
10259-3,10259,51575,It's been longer than the timeline yuo gave me.,True,2025-07-23T01:46:06
10259-4,10259,921,"Thanks for the details, give me a moment to check on this.",True,2025-07-23T02:49:06
10259-5,10259,51575,Any news?,True,2025-07-23T04:43:06
10259-6,10259,921,"I've resolved this on our end, please let us know if you need anything else.",True,2025-07-23T05:35:06
10259-7,10259,51575,Thanks for the help!,True,2025-07-23T06:39:06
10260-1,10260,51624,"Hi, I didn't get loyalty points for my last order #443000, can you check why?",True,2025-06-11T10:31:45
10260-2,10260,901,"I'm sorry for the trouble, checking your account now.",True,2025-06-11T11:47:45
10260-3,10260,51624,I usually get points within a day or two.,True,2025-06-11T13:24:45
10260-4,10260,901,"Thanks for confirming, I've closed this out on our end.",True,2025-06-11T14:25:45
10260-5,10260,51624,Thanks for the help!,True,2025-06-11T14:51:45
10261-1,10261,51804,Can you help me change the phone number linked to my account?,True,2025-08-05T00:39:02
10261-2,10261,911,"I'm sorry for the trouble, checking your account now.",True,2025-08-05T01:35:02
10261-3,10261,51804,I want to make sure I still get order notifications after teh change.,True,2025-08-05T04:56:02
10261-4,10261,911,"Thanks for the details, give me a moment to check on this.",True,2025-08-05T05:20:02
10261-5,10261,51804,Following up on this.,True,2025-08-05T06:19:02
10261-6,10261,911,"Thanks for reaching out, let me look into this for you.",True,2025-08-05T09:20:02
10261-7,10261,51804,"OK, still waiting to hear back.",True,2025-08-05T10:26:02
10261-8,10261,911,"This has been taken care of, apologies again for the inconvenience.",True,2025-08-05T13:26:02
10261-9,10261,51804,"OK thank you, that answers my question.",True,2025-08-05T13:36:02
10262-1,10262,52218,"Hi, my delivery is running late, I ordered the denim jacket over a week ago.",True,2025-06-11T23:54:14
10262-2,10262,912,"Thanks for the details, give me a moment to check on this.",True,2025-06-12T02:38:14
10262-3,10262,52218,"It's been 2 extra days now, this is getting frustrating.",True,2025-06-12T03:10:14
10262-4,10262,912,"Thanks for confirming, I've closed this out on our end.",True,2025-06-12T05:11:14
10262-5,10262,52218,"Great, appreciate the quick resolution.",True,2025-06-12T05:29:14
10263-1,10263,51360,"Hi, I'd like to return the running shoes from order #992919, can you send me a return label? Hi, quick question about your returns policy, can I return an item I already opened?",True,2025-08-20T11:03:44
10263-2,10263,905,"Thanks for reaching out, let me look into this for you.",True,2025-08-20T13:45:44
10263-3,10263,51360,Do I need to print anything or can I drop it off?,True,2025-08-20T16:33:44
10263-4,10263,905,"Thanks for reaching out, let me look into this for you.",True,2025-08-20T20:22:44
10263-5,10263,51360,"OK, still waiting to hear back.",True,2025-08-20T20:47:44
10263-6,10263,905,"This has been taken care of, apologies again for the inconvenience.",True,2025-08-20T22:32:44
10263-7,10263,51360,"OK thank you, that answers my question.",True,2025-08-20T22:56:44
10264-1,10264,53027,"I was charged twice for order #141531, can you refund the duplicate?",True,2025-06-29T21:40:41
10264-2,10264,910,"I'm sorry for the trouble, checking your account now.",True,2025-06-30T01:37:41
10264-3,10264,53027,This needs to be corrected soon.,True,2025-06-30T03:40:41
10264-4,10264,910,"I've resolved this on our end, please let us know if you need anything else.",True,2025-06-30T08:16:41
10264-5,10264,53027,"OK thank you, that answers my question.",True,2025-06-30T08:29:41
10265-1,10265,50836,I used the code NOVA5 but it didn't apply any discount at checkout.,True,2025-07-24T22:37:35
10265-2,10265,904,"Thanks for the details, give me a moment to check on this.",True,2025-07-24T23:45:35
10265-3,10265,50836,Can you apply it retroactively or refund the difference?,True,2025-07-25T02:21:35
10266-1,10266,52496,"Just some feedback, it would be great if the website had a size comparison tool.",True,2025-06-15T04:31:52
10266-2,10266,923,"I understand the frustration, let's get this sorted out.",True,2025-06-15T05:54:52
10266-3,10266,52496,Would love to see that in a future update.,True,2025-06-15T08:29:52
10266-4,10266,923,"Thanks for reaching out, let me look into this for you.",True,2025-06-15T13:26:52
10266-5,10266,52496,"OK, still waiting to hear back.",True,2025-06-15T15:01:52
10266-6,10266,923,"This has been taken care of, apologies again for the inconvenience.",True,2025-06-15T18:14:52
10266-7,10266,52496,Thanks for the help!,True,2025-06-15T18:43:52
10267-1,10267,53040,"Hi, I have a question but I'm not totally sure it's the right team to ask.",True,2025-06-29T00:25:41
10267-2,10267,911,"Thanks for the details, give me a moment to check on this.",True,2025-06-29T04:23:41
10267-3,10267,53040,Sorry if this isn't the right department.,True,2025-06-29T08:53:41
10267-4,10267,911,"I understand the frustration, let's get this sorted out.",True,2025-06-29T12:11:41
10267-5,10267,53040,Following up on this.,True,2025-06-29T14:09:41
10267-6,10267,911,"I've resolved this on our end, please let us know if you need anything else.",True,2025-06-29T15:22:41
10267-7,10267,53040,"Perfect, thank you.",True,2025-06-29T17:11:41
10268-1,10268,52479,"Hi, the courier says my package for order #706435 was delivered but it's nowhere to be found.",True,2025-06-14T09:55:16
10268-2,10268,914,"I understand the frustration, let's get this sorted out.",True,2025-06-14T10:48:16
10268-3,10268,52479,Can you open an investigation with the carrier?,True,2025-06-14T12:22:16
10268-4,10268,914,"I understand the frustration, let's get this sorted out.",True,2025-06-14T17:04:16
10268-5,10268,52479,Any news?,True,2025-06-14T19:44:16
10268-6,10268,914,"I've resolved this on our end, please let us know if you need anything else.",True,2025-06-14T23:01:16
10268-7,10268,52479,"Perfect, thank you.",True,2025-06-14T23:19:16
10269-1,10269,50026,"Hello, just checking on the status of order #830140, it's been a few days and I haven't heard anything.",True,2025-06-01T03:26:06
10269-2,10269,905,"Thanks for reaching out, let me look into this for you.",True,2025-06-01T04:17:06
10269-3,10269,50026,Any update on this? It's been a while.,True,2025-06-01T08:17:06
10269-4,10269,905,"This has been taken care of, apologies again for the inconvenience.",True,2025-06-01T10:02:06
10269-5,10269,50026,"OK thank you, that answers my question.",True,2025-06-01T10:40:06
10270-1,10270,50326,"Hi, I placed order #131107 on May 24 and I can't find any tracking info. Can you tell me where it is?",True,2025-06-12T08:22:17
10270-2,10270,909,"Thanks for reaching out, let me look into this for you.",True,2025-06-12T08:37:17
10270-3,10270,50326,Any update on this? It's been a while.,True,2025-06-12T10:35:17
10270-4,10270,909,"Thanks for the details, give me a moment to check on this.",True,2025-06-12T13:57:17
10270-5,10270,50326,Any news?,True,2025-06-12T16:11:17
10270-6,10270,909,"All set on our side now, thanks for your patience.",True,2025-06-12T17:47:17
10270-7,10270,50326,"Perfect, thank you.",True,2025-06-12T18:39:17
10271-1,10271,52501,"Hi, could you send me an invoice for order #103234? I need it for accounting.",True,2025-08-19T11:16:21
10271-2,10271,901,"I'm sorry for the trouble, checking your account now.",True,2025-08-19T14:49:21
10271-3,10271,52501,I need this fairly soon for my records.,True,2025-08-19T18:07:21
10271-4,10271,901,"I'm sorry for the trouble, checking your account now.",True,2025-08-19T22:20:21
10271-5,10271,52501,Following up on this.,True,2025-08-19T22:30:21
10271-6,10271,901,"All set on our side now, thanks for your patience.",True,2025-08-20T00:02:21
10271-7,10271,52501,Thanks for the help!,True,2025-08-20T01:58:21
10272-1,10272,52485,"Hello, just checking on the status of order #548702, it's been a few days and I haven't heard anything.",True,2025-07-26T18:13:50
10272-2,10272,915,"Thanks for reaching out, let me look into this for you.",True,2025-07-26T20:44:50
10272-3,10272,52485,"Still no movement on the tracking page, is that normal?",True,2025-07-26T21:59:50
10272-4,10272,915,"I understand the frustration, let's get this sorted out.",True,2025-07-27T02:49:50
10272-5,10272,52485,Any news?,True,2025-07-27T03:42:50
10272-6,10272,915,"I understand the frustration, let's get this sorted out.",True,2025-07-27T04:21:50
10272-7,10272,52485,Following up on this.,True,2025-07-27T07:20:50
10272-8,10272,915,"This has been taken care of, apologies again for the inconvenience.",True,2025-07-27T08:31:50
10272-9,10272,52485,Thanks for the help!,True,2025-07-27T10:12:50
10273-1,10273,53138,"Hi, I was only refunded part of my order, can you check what happened?",True,2025-06-24T10:47:42
10273-2,10273,908,"Thanks for reaching out, let me look into this for you.",True,2025-06-24T13:25:42
10273-3,10273,53138,Can someone look into the difference?,True,2025-06-24T16:30:42
10273-4,10273,908,"I understand the frustration, let's get this sorted out.",True,2025-06-24T19:55:42
10273-5,10273,53138,"OK, still waiting to hear back.",True,2025-06-24T21:04:42
10273-6,10273,908,"I've resolved this on our end, please let us know if you need anything else.",True,2025-06-24T22:20:42
10273-7,10273,53138,Thanks for the help!,True,2025-06-24T22:39:42
10274-1,10274,52346,"Hi, my order arrived and the wireless headphones is broken, it won't turn on at all.",True,2025-06-29T12:34:24
10274-2,10274,911,"I'm sorry for the trouble, checking your account now.",True,2025-06-29T14:52:24
10274-3,10274,52346,Can I get a replacement or refund?,True,2025-06-29T15:56:24
10274-4,10274,911,"I understand the frustration, let's get this sorted out.",True,2025-06-29T16:10:24
10274-5,10274,52346,"OK, still waiting to hear back.",True,2025-06-29T17:40:24
10275-1,10275,53059,"Hello, just checking on the status of order #435690, it's been a few days and I haven't heard anything.",True,2025-08-15T08:15:44
10275-2,10275,921,"Thanks for the details, give me a moment to check on this.",True,2025-08-15T08:35:44
10275-3,10275,53059,Any update on this? It's been a while.,True,2025-08-15T10:03:44
10275-4,10275,921,"Thanks for reaching out, let me look into this for you.",True,2025-08-15T12:08:44
10275-5,10275,53059,Any news?,True,2025-08-15T13:03:44
10275-6,10275,921,"This has been taken care of, apologies again for the inconvenience.",True,2025-08-15T16:19:44
10275-7,10275,53059,"OK thank you, that answers my question.",True,2025-08-15T16:26:44
10276-1,10276,50294,"Hi, I didn't get loyalty points for my last order #835165, can you check why?",True,2025-06-26T16:50:44
10276-2,10276,916,"I'm sorry for the trouble, checking your account now.",True,2025-06-26T17:36:44
10276-3,10276,50294,Do points expire after a certain time?,True,2025-06-26T21:32:44
10276-4,10276,916,"I'm sorry for the trouble, checking your account now.",True,2025-06-27T00:11:44
10276-5,10276,50294,Following up on this.,True,2025-06-27T01:16:44
10276-6,10276,916,"Thanks for reaching out, let me look into this for you.",True,2025-06-27T02:16:44
10276-7,10276,50294,Following up on this.,True,2025-06-27T03:58:44
10276-8,10276,916,"This has been taken care of, apologies again for the inconvenience.",True,2025-06-27T06:35:44
10276-9,10276,50294,"OK thank you, that answers my question.",True,2025-06-27T07:28:44
10277-1,10277,51456,"Hi, I have a question but I'm not totally sure it's the right team to ask.",True,2025-06-05T18:37:07
10277-2,10277,915,"I'm sorry for the trouble, checking your account now.",True,2025-06-05T21:14:07
10277-3,10277,51456,Let me know if I should contact someone else instead.,True,2025-06-06T00:36:07
10277-4,10277,915,"I understand the frustration, let's get this sorted out.",True,2025-06-06T04:43:07
10277-5,10277,51456,Following up on this.,True,2025-06-06T06:03:07
10277-6,10277,915,"I understand the frustration, let's get this sorted out.",True,2025-06-06T09:00:07
10277-7,10277,51456,"OK, still waiting to hear back.",True,2025-06-06T10:44:07
10277-8,10277,915,"I've resolved this on our end, please let us know if you need anything else.",True,2025-06-06T11:24:07
10277-9,10277,51456,"Great, appreciate the quick resolution.",True,2025-06-06T12:31:07
10278-1,10278,51572,"Hi, I think I entered the wrong address for order #231319, could you update it before it ships?",True,2025-08-03T23:09:27
10278-2,10278,915,"Thanks for reaching out, let me look into this for you.",True,2025-08-03T23:30:27
10278-3,10278,51572,Has the address been updated yet?,True,2025-08-04T01:26:27
10278-4,10278,915,"All set on our side now, thanks for your patience.",True,2025-08-04T03:08:27
10278-5,10278,51572,Thanks for the help!,True,2025-08-04T03:28:27
10279-1,10279,52303,"Hi, I have a question but I'm not totally sure it's the right team to ask.",True,2025-06-04T04:28:05
10279-2,10279,908,"Thanks for the details, give me a moment to check on this.",True,2025-06-04T08:24:05
10279-3,10279,52303,Sorry if this isn't the right department.,True,2025-06-04T13:07:05
10279-4,10279,908,"Thanks for the details, give me a moment to check on this.",True,2025-06-04T17:28:05
10279-5,10279,52303,Following up on this.,True,2025-06-04T20:13:05
10279-6,10279,908,"I've resolved this on our end, please let us know if you need anything else.",True,2025-06-04T22:33:05
10279-7,10279,52303,Thanks for the help!,True,2025-06-05T00:02:05
10280-1,10280,50549,"Hi, my order arrived but it's short one item, the box wasn't damaged so I'm not sure what happened.",True,2025-07-24T20:46:22
10280-2,10280,919,"I understand the frustration, let's get this sorted out.",True,2025-07-24T21:56:22
10280-3,10280,50549,"I checked teh box twice, it's definitely not there.",True,2025-07-24T23:19:22
10280-4,10280,919,"I'm sorry for the trouble, checking your account now.",True,2025-07-25T01:46:22
10280-5,10280,50549,Any news?,True,2025-07-25T04:58:22
10280-6,10280,919,"I'm sorry for the trouble, checking your account now.",True,2025-07-25T07:32:22
10280-7,10280,50549,"OK, still waiting to hear back.",True,2025-07-25T09:29:22
10281-1,10281,50317,The yoga mat I ordered stopped working after 3 days of normal use.,True,2025-06-11T00:16:43
10281-2,10281,908,"I understand the frustration, let's get this sorted out.",True,2025-06-11T01:17:43
10281-3,10281,50317,"Actually, sorry, let me explain the real issue. The yoga mat I received feels much cheaper than it looked in the photos.",True,2025-06-11T02:20:43
10281-4,10281,908,"All set on our side now, thanks for your patience.",True,2025-06-11T06:40:43
10281-5,10281,50317,"Perfect, thank you.",True,2025-06-11T07:55:43
10282-1,10282,51413,The laptop sleeve I ordered stopped working after 11 days of normal use.,True,2025-08-28T02:37:50
10282-2,10282,925,"Thanks for reaching out, let me look into this for you.",True,2025-08-28T03:50:50
10282-3,10282,51413,"I've tried everything, it's definitely faulty.",True,2025-08-28T07:09:50
10282-4,10282,925,"I'm sorry for the trouble, checking your account now.",True,2025-08-28T10:53:50
10282-5,10282,51413,Any news?,True,2025-08-28T12:55:50
10282-6,10282,925,"All set on our side now, thanks for your patience.",True,2025-08-28T15:04:50
10282-7,10282,51413,"Great, appreciate the quick resolution.",True,2025-08-28T16:03:50
10283-1,10283,53462,"Hi, the courier says my pacakge for order #198181 was delivered but it's nowhere to be found.",True,2025-06-07T23:32:46
10283-2,10283,902,"I'm sorry for the trouble, checking your account now.",True,2025-06-08T02:44:46
10283-3,10283,53462,Can you open an investigation with the carrier?,True,2025-06-08T06:59:46
10283-4,10283,902,"I understand the frustration, let's get this sorted out.",True,2025-06-08T11:41:46
10283-5,10283,53462,Following up on this.,True,2025-06-08T11:54:46
10284-1,10284,53026,"I want to file a complaint, my overall experience with this order has been really disappointing.",True,2025-08-14T22:39:56
10284-2,10284,921,"Thanks for the details, give me a moment to check on this.",True,2025-08-14T23:18:56
10284-3,10284,53026,I'd like to know how this will be addressed.,True,2025-08-14T23:54:56
10284-4,10284,921,"I've resolved this on our end, please let us know if you need anything else.",True,2025-08-15T04:17:56
10284-5,10284,53026,"Great, appreciate the quick resolution.",True,2025-08-15T05:05:56
10285-1,10285,51084,"Hi, when will I get my money back for teh item I sent back?",True,2025-07-28T10:49:36
10285-2,10285,906,"Thanks for reaching out, let me look into this for you.",True,2025-07-28T11:21:36
10285-3,10285,51084,It's been longer than the timeline yuo gave me.,True,2025-07-28T14:30:36
10285-4,10285,906,"This has been taken care of, apologies again for the inconvenience.",True,2025-07-28T18:20:36
10285-5,10285,51084,Thanks for the help!,True,2025-07-28T19:17:36
10286-1,10286,51927,"Hi, I need to update the email address on my account.",True,2025-07-04T04:15:27
10286-2,10286,912,"I'm sorry for the trouble, checking your account now.",True,2025-07-04T08:02:27
10286-3,10286,51927,I want to make sure I still get order notifications after the change.,True,2025-07-04T09:08:27
10286-4,10286,912,"Thanks for reaching out, let me look into this for you.",True,2025-07-04T12:53:27
10286-5,10286,51927,Following up on this.,True,2025-07-04T13:44:27
10287-1,10287,52029,"My card keeps getting declined when I try to check out, even though there are funds available.",True,2025-06-12T14:23:20
10287-2,10287,925,"I'm sorry for the trouble, checking your account now.",True,2025-06-12T15:00:20
10287-3,10287,52029,I've tried two different cards now.,True,2025-06-12T18:06:20
10288-1,10288,51990,Order #636073 was supposed to arrive on Jun 17 and it's still not here. What's going on?,True,2025-06-23T13:12:39
10288-2,10288,902,"I'm sorry for the trouble, checking your account now.",True,2025-06-23T13:43:39
10288-3,10288,51990,"It's been 6 extra days now, this is getting frustrating.",True,2025-06-23T15:29:39
10288-4,10288,902,"All set on our side now, thanks for your patience.",True,2025-06-23T17:36:39
10288-5,10288,51990,"Great, appreciate the quick resolution.",True,2025-06-23T18:05:39
10289-1,10289,51557,"Hi, I have a question but I'm not totally sure it's the right team to ask.",True,2025-08-03T17:31:40
10289-2,10289,913,"I understand the frustration, let's get this sorted out.",True,2025-08-03T19:05:40
10289-3,10289,51557,Sorry if this isn't the right department.,True,2025-08-03T21:21:40
10289-4,10289,913,"All set on our side now, thanks for your patience.",True,2025-08-03T23:04:40
10289-5,10289,51557,"Perfect, thank you.",True,2025-08-03T23:36:40
10290-1,10290,51489,"Hello, just checking on the status of order #678570, it's been a few days and I haven't heard anything.",True,2025-06-09T19:39:42
10290-2,10290,910,"Thanks for reaching out, let me look into this for you.",True,2025-06-09T20:17:42
10290-3,10290,51489,"Actually, sorry, let me explain the real issue. Hi, I think I entered the wrong address for order #678570, could you update it before it ships?",True,2025-06-09T20:48:42
10290-4,10290,910,"Thanks for the details, give me a moment to check on this.",True,2025-06-10T01:37:42
10290-5,10290,51489,Any news?,True,2025-06-10T04:52:42
10290-6,10290,910,"This has been taken care of, apologies again for the inconvenience.",True,2025-06-10T05:53:42
10290-7,10290,51489,"Great, appreciate the quick resolution.",True,2025-06-10T06:03:42
10291-1,10291,51836,"Hello, just checking on the status of order #539357, it's been a few days and I haven't heard anything.",True,2025-08-22T21:46:27
10291-2,10291,920,"I'm sorry for the trouble, checking your account now.",True,2025-08-23T01:14:27
10291-3,10291,51836,"Still no movement on the tracking page, is that normal?",True,2025-08-23T04:47:27
10291-4,10291,920,"Thanks for confirming, I've closed this out on our end.",True,2025-08-23T05:35:27
10291-5,10291,51836,"OK thank you, that answers my question.",True,2025-08-23T06:51:27
10292-1,10292,50655,"Hi, I need to update the email address on my account.",True,2025-08-03T10:00:00
10292-2,10292,918,"I'm sorry for the trouble, checking your account now.",True,2025-08-03T10:16:00
10292-3,10292,50655,"Actually, sorry, let me explain the real issue. I got refunded for order #929053 but the amount is way less than what I paid.",True,2025-08-03T12:55:00
10292-4,10292,918,"Thanks for the details, give me a moment to check on this.",True,2025-08-03T15:27:00
10292-5,10292,50655,Following up on this.,True,2025-08-03T15:50:00
10292-6,10292,918,"I'm sorry for the trouble, checking your account now.",True,2025-08-03T17:03:00
10292-7,10292,50655,"OK, still waiting to hear back.",True,2025-08-03T19:29:00
10292-8,10292,918,"All set on our side now, thanks for your patience.",True,2025-08-03T19:39:00
10292-9,10292,50655,Thanks for the help!,True,2025-08-03T20:25:00
10293-1,10293,51207,"Hi, I placed order #472751 on Jul 19 and I can't find any tracking info. Can you tell me where it is?",True,2025-07-27T23:25:52
10293-2,10293,910,"I'm sorry for the trouble, checking your account now.",True,2025-07-28T02:10:52
10293-3,10293,51207,Any update on this? It's been a while.,True,2025-07-28T06:06:52
10293-4,10293,910,"Thanks for confirming, I've closed this out on our end.",True,2025-07-28T09:02:52
10293-5,10293,51207,"OK thank you, that answers my question.",True,2025-07-28T09:26:52
10294-1,10294,52031,"Hi, my delivery is running late, I ordered the desk lamp over a week ago.",True,2025-08-14T05:42:55
10294-2,10294,905,"I'm sorry for the trouble, checking your account now.",True,2025-08-14T06:04:55
10294-3,10294,52031,Do you have an updated delivery estimate?,True,2025-08-14T06:50:55
10294-4,10294,905,"I've resolved this on our end, please let us know if you need anything else.",True,2025-08-14T10:26:55
10294-5,10294,52031,Thanks for the help!,True,2025-08-14T11:48:55
10295-1,10295,53127,"Hi, the amount charged to my card doesn't match my order total, can you check?",True,2025-06-13T00:44:15
10295-2,10295,920,"I understand the frustration, let's get this sorted out.",True,2025-06-13T04:37:15
10295-3,10295,53127,This needs to be corrected soon.,True,2025-06-13T06:10:15
10295-4,10295,920,"All set on our side now, thanks for your patience.",True,2025-06-13T09:09:15
10295-5,10295,53127,Thanks for the help!,True,2025-06-13T10:34:15
10296-1,10296,52095,"Hello, just checking on the status of order #547883, it's been a few days and I haven't heard anything.",True,2025-08-23T00:39:14
10296-2,10296,913,"I'm sorry for the trouble, checking your account now.",True,2025-08-23T01:12:14
10296-3,10296,52095,"Still no movement on the tracking page, is that normal?",True,2025-08-23T02:14:14
10297-1,10297,51755,"Hi, when will I get my money back for the item I sent back?",True,2025-06-17T12:11:43
10297-2,10297,916,"Thanks for reaching out, let me look into this for you.",True,2025-06-17T15:43:43
10297-3,10297,51755,It's been longer than the timeline you gave me.,True,2025-06-17T15:54:43
10297-4,10297,916,"Thanks for confirming, I've closed this out on our end.",True,2025-06-17T17:19:43
10297-5,10297,51755,Thanks for the help!,True,2025-06-17T19:08:43
10298-1,10298,50370,"Hi, when will I get my money back for the item I sent back?",True,2025-06-17T13:18:49
10298-2,10298,910,"I understand the frustration, let's get this sorted out.",True,2025-06-17T15:01:49
10298-3,10298,50370,My bank still shows no refund received.,True,2025-06-17T19:52:49
10298-4,10298,910,"I understand the frustration, let's get this sorted out.",True,2025-06-18T00:36:49
10298-5,10298,50370,Following up on this.,True,2025-06-18T01:07:49
10298-6,10298,910,"This has been taken care of, apologies again for the inconvenience.",True,2025-06-18T04:20:49
10298-7,10298,50370,Thanks for the help!,True,2025-06-18T05:54:49
10299-1,10299,51484,"Hello, just checking on the status of order #466317, it's been a few days and I haven't heard anything.",True,2025-06-13T03:50:58
10299-2,10299,917,"I'm sorry for the trouble, checking your account now.",True,2025-06-13T04:57:58
10299-3,10299,51484,Any update on this? It's been a while.,True,2025-06-13T07:01:58
10299-4,10299,917,"This has been taken care of, apologies again for the inconvenience.",True,2025-06-13T08:21:58
10299-5,10299,51484,Thanks for the help!,True,2025-06-13T09:14:58
10300-1,10300,51953,"I returned my order #182830 2 days ago and haven't seen a refund yet, can you check?",True,2025-06-03T17:56:09
10300-2,10300,919,"I understand the frustration, let's get this sorted out.",True,2025-06-03T20:01:09
10300-3,10300,51953,My bank still shows no refund received.,True,2025-06-03T23:03:09
10300-4,10300,919,"I've resolved this on our end, please let us know if you need anything else.",True,2025-06-04T01:39:09
10300-5,10300,51953,"Great, appreciate the quick resolution.",True,2025-06-04T03:01:09
10301-1,10301,52269,How many days do I have to return something after delivery?,True,2025-08-23T15:54:36
10301-2,10301,922,"Thanks for reaching out, let me look into this for you.",True,2025-08-23T18:37:36
10301-3,10301,52269,Is there a restocking fee?,True,2025-08-23T20:39:36
10301-4,10301,922,"Thanks for reaching out, let me look into this for you.",True,2025-08-23T22:23:36
10301-5,10301,52269,Any news?,True,2025-08-24T01:30:36
10301-6,10301,922,"Thanks for confirming, I've closed this out on our end.",True,2025-08-24T03:42:36
10301-7,10301,52269,"OK thank you, that answers my question.",True,2025-08-24T05:32:36
10302-1,10302,51105,"I was charged twice for order #451767, can you refund the duplicate?",True,2025-07-04T00:20:38
10302-2,10302,903,"Thanks for reaching out, let me look into this for you.",True,2025-07-04T03:08:38
10302-3,10302,51105,This needs to be corrected soon.,True,2025-07-04T05:21:38
10302-4,10302,903,"Thanks for reaching out, let me look into this for you.",True,2025-07-04T06:14:38
10302-5,10302,51105,Any news?,True,2025-07-04T08:48:38
10302-6,10302,903,"Thanks for reaching out, let me look into this for you.",True,2025-07-04T09:09:38
10302-7,10302,51105,"OK, still waiting to hear back.",True,2025-07-04T10:39:38
10302-8,10302,903,"All set on our side now, thanks for your patience.",True,2025-07-04T12:08:38
10302-9,10302,51105,"Perfect, thank you.",True,2025-07-04T13:49:38
10303-1,10303,50530,Can you help me change the phone number linked to my account?,True,2025-07-01T03:46:26
10303-2,10303,922,"I understand the frustration, let's get this sorted out.",True,2025-07-01T06:45:26
10303-3,10303,50530,I want to make sure I still get order notifications after the change.,True,2025-07-01T07:35:26
10303-4,10303,922,"I'm sorry for the trouble, checking your account now.",True,2025-07-01T09:35:26
10303-5,10303,50530,"OK, still waiting to hear back.",True,2025-07-01T12:48:26
10303-6,10303,922,"All set on our side now, thanks for your patience.",True,2025-07-01T15:06:26
10303-7,10303,50530,"Great, appreciate the quick resolution.",True,2025-07-01T16:08:26
10304-1,10304,52919,"Hi, I have a question but I'm not totally sure it's the right team to ask.",True,2025-06-22T18:20:13
10304-2,10304,924,"Thanks for reaching out, let me look into this for you.",True,2025-06-22T21:49:13
10304-3,10304,52919,Let me know if I should contact someone else instead.,True,2025-06-23T02:14:13
10305-1,10305,50291,This might not be the right place but I wasn't sure where else to send this.,True,2025-07-12T22:30:16
10305-2,10305,905,"I'm sorry for the trouble, checking your account now.",True,2025-07-13T02:29:16
10305-3,10305,50291,Sorry if this isn't the right department.,True,2025-07-13T06:24:16
10305-4,10305,905,"Thanks for confirming, I've closed this out on our end.",True,2025-07-13T09:14:16
10305-5,10305,50291,Thanks for the help!,True,2025-07-13T09:52:16
10306-1,10306,52866,"I moved recently and my order #265890 is still set to go to my old address, can this be fixed?",True,2025-08-17T15:32:06
10306-2,10306,917,"I understand the frustration, let's get this sorted out.",True,2025-08-17T19:06:06
10306-3,10306,52866,Has the address been updated yet?,True,2025-08-17T20:11:06
10306-4,10306,917,"I understand the frustration, let's get this sorted out.",True,2025-08-17T21:16:06
10306-5,10306,52866,"OK, still waiting to hear back.",True,2025-08-17T23:16:06
10306-6,10306,917,"Thanks for the details, give me a moment to check on this.",True,2025-08-18T01:08:06
10306-7,10306,52866,Any news?,True,2025-08-18T01:34:06
10307-1,10307,52232,"Hi, my delivery is running late, I ordered the phone case over a week ago.",True,2025-06-14T05:52:40
10307-2,10307,904,"I understand the frustration, let's get this sorted out.",True,2025-06-14T08:52:40
10307-3,10307,52232,"Actually, sorry, let me explain the real issue. This might not be the right place but I wasn't sure where else to send this.",True,2025-06-14T11:20:40
10307-4,10307,904,"Thanks for confirming, I've closed this out on our end.",True,2025-06-14T12:05:40
10307-5,10307,52232,"OK thank you, that answers my question.",True,2025-06-14T14:01:40
10308-1,10308,50378,"Hi, my delivery is running late, I ordered the laptop sleeve over a week ago.",True,2025-08-08T13:20:19
10308-2,10308,913,"Thanks for reaching out, let me look into this for you.",True,2025-08-08T14:15:19
10308-3,10308,50378,"Actually, sorry, let me explain the real issue. This is a formal request for a copy of all personal data you have on file for me.",True,2025-08-08T15:39:19
10309-1,10309,53244,"Hi, I placed order #572445 on Jul 13 and I can't find any tracking info. Can you tell me where it is?",True,2025-07-18T09:28:46
10309-2,10309,921,"I understand the frustration, let's get this sorted out.",True,2025-07-18T12:06:46
10309-3,10309,53244,"Still no movement on the tracking page, is that normal?",True,2025-07-18T14:06:46
10309-4,10309,921,"All set on our side now, thanks for your patience.",True,2025-07-18T14:23:46
10309-5,10309,53244,"Perfect, thank you.",True,2025-07-18T16:22:46
10310-1,10310,51680,The running shoes I ordered stopped working after 4 days of normal use.,True,2025-07-20T09:02:27
10310-2,10310,911,"I understand the frustration, let's get this sorted out.",True,2025-07-20T10:19:27
10310-3,10310,51680,"I've tried everything, it's definitely faulty.",True,2025-07-20T12:54:27
10310-4,10310,911,"Thanks for reaching out, let me look into this for you.",True,2025-07-20T13:48:27
10310-5,10310,51680,Following up on this.,True,2025-07-20T14:20:27
10310-6,10310,911,"Thanks for confirming, I've closed this out on our end.",True,2025-07-20T14:34:27
10310-7,10310,51680,"OK thank you, that answers my question.",True,2025-07-20T14:52:27
10311-1,10311,52734,"Hi, the amount charged to my card doesn't match my order total, can you check?",True,2025-06-20T06:50:14
10311-2,10311,909,"I understand the frustration, let's get this sorted out.",True,2025-06-20T09:55:14
10311-3,10311,52734,This needs to be corrected soon.,True,2025-06-20T10:08:14
10311-4,10311,909,"Thanks for the details, give me a moment to check on this.",True,2025-06-20T12:12:14
10311-5,10311,52734,Any news?,True,2025-06-20T15:10:14
10312-1,10312,51698,"I returned my order #956379 13 days ago and haven't seen a refund yet, can you check?",True,2025-06-14T23:03:50
10312-2,10312,901,"I understand the frustration, let's get this sorted out.",True,2025-06-14T23:57:50
10312-3,10312,51698,My bank still shows no refund received.,True,2025-06-15T00:33:50
10312-4,10312,901,"This has been taken care of, apologies again for the inconvenience.",True,2025-06-15T02:11:50
10312-5,10312,51698,"Great, appreciate the quick resolution.",True,2025-06-15T03:11:50
10313-1,10313,53453,The running shoes I ordered stopped working after 3 days of normal use.,True,2025-06-24T16:28:53
10313-2,10313,924,"I understand the frustration, let's get this sorted out.",True,2025-06-24T16:53:53
10313-3,10313,53453,"I've tried everything, it's definitely faulty.",True,2025-06-24T17:15:53
10313-4,10313,924,"Thanks for the details, give me a moment to check on this.",True,2025-06-24T21:17:53
10313-5,10313,53453,"OK, still waiting to hear back.",True,2025-06-24T22:14:53
10314-1,10314,52700,I ordered the leather wallet but received a completely different item.,True,2025-08-25T02:29:09
10314-2,10314,901,"Thanks for the details, give me a moment to check on this.",True,2025-08-25T06:10:09
10314-3,10314,52700,"Actually, sorry, let me explain the real issue. Where can I download a receipt for my recent purchase?",True,2025-08-25T08:06:09
10314-4,10314,901,"I've resolved this on our end, please let us know if you need anything else.",True,2025-08-25T08:27:09
10314-5,10314,52700,"OK thank you, that answers my question.",True,2025-08-25T08:58:09
10315-1,10315,50736,The running shoes I ordered stopped working after 7 days of normal use.,True,2025-06-17T06:19:42
10315-2,10315,909,"Thanks for reaching out, let me look into this for you.",True,2025-06-17T07:13:42
10315-3,10315,50736,"I've tried everything, it's definitely faulty.",True,2025-06-17T11:57:42
10315-4,10315,909,"I'm sorry for the trouble, checking your account now.",True,2025-06-17T16:32:42
10315-5,10315,50736,Any news?,True,2025-06-17T17:37:42
10316-1,10316,51120,"Hi, the quality of this item really doesn't match the product description on the site.",True,2025-06-09T08:54:22
10316-2,10316,915,"Thanks for reaching out, let me look into this for you.",True,2025-06-09T10:39:22
10316-3,10316,51120,It just doesn't feel like a $222 item.,True,2025-06-09T13:28:22
10316-4,10316,915,"I understand the frustration, let's get this sorted out.",True,2025-06-09T15:23:22
10316-5,10316,51120,Any news?,True,2025-06-09T17:23:22
10316-6,10316,915,"Thanks for the details, give me a moment to check on this.",True,2025-06-09T19:21:22
10316-7,10316,51120,Following up on this.,True,2025-06-09T20:52:22
10316-8,10316,915,"Thanks for confirming, I've closed this out on our end.",True,2025-06-09T21:29:22
10316-9,10316,51120,"Perfect, thank you.",True,2025-06-09T21:59:22
10317-1,10317,52094,"Hi, I was supposed to get a discount but my order #776434 was charged full price.",True,2025-06-27T17:06:38
10317-2,10317,908,"Thanks for reaching out, let me look into this for you.",True,2025-06-27T18:13:38
10317-3,10317,52094,Can you apply it retroactively or refund the difference?,True,2025-06-27T20:13:38
10317-4,10317,908,"All set on our side now, thanks for your patience.",True,2025-06-27T21:25:38
10317-5,10317,52094,"OK thank you, that answers my question.",True,2025-06-27T21:57:38
10318-1,10318,51161,"Hi, my order arrived and the graphic t-shirt is broken, it won't turn on at all.",True,2025-06-20T19:03:06
10318-2,10318,919,"I understand the frustration, let's get this sorted out.",True,2025-06-20T19:20:06
10318-3,10318,51161,"I've tried everything, it's definitely faulty.",True,2025-06-20T23:45:06
10318-4,10318,919,"This has been taken care of, apologies again for the inconvenience.",True,2025-06-21T02:15:06
10318-5,10318,51161,"Perfect, thank you.",True,2025-06-21T03:36:06
10319-1,10319,52636,"Hi, I'd like to delete my account adn all data you hold on me, please confirm once done.",True,2025-08-29T22:13:00
10319-2,10319,925,"Thanks for the details, give me a moment to check on this.",True,2025-08-29T23:28:00
10319-3,10319,52636,Can yuo confirm in writing once it's complete?,True,2025-08-30T02:35:00
10319-4,10319,925,"All set on our side now, thanks for your patience.",True,2025-08-30T05:25:00
10319-5,10319,52636,"OK thank you, that answers my question.",True,2025-08-30T06:59:00
10320-1,10320,50917,This might not be the right place but I wasn't sure where else to send this.,True,2025-06-13T15:04:06
10320-2,10320,901,"Thanks for reaching out, let me look into this for you.",True,2025-06-13T18:51:06
10320-3,10320,50917,"Actually, sorry, let me explain the real issue. I want to file a complaint, my overall experience with this order has been really disappointing.",True,2025-06-13T21:13:06
10320-4,10320,901,"Thanks for confirming, I've closed this out on our end.",True,2025-06-13T23:58:06
10320-5,10320,50917,"Great, appreciate the quick resolution.",True,2025-06-14T00:37:06
10321-1,10321,53084,"Hi, when will I get my money back for the item I sent back?",True,2025-08-27T21:54:57
10321-2,10321,918,"Thanks for reaching out, let me look into this for you.",True,2025-08-27T22:56:57
10321-3,10321,53084,My bank still shows no refund received.,True,2025-08-28T01:21:57
10321-4,10321,918,"I'm sorry for the trouble, checking your account now.",True,2025-08-28T03:35:57
10321-5,10321,53084,"OK, still waiting to hear back.",True,2025-08-28T06:42:57
10322-1,10322,50769,"Hi, my order arrived and the leather wallet is broken, it won't turn on at all.",True,2025-06-19T23:49:52
10322-2,10322,915,"Thanks for the details, give me a moment to check on this.",True,2025-06-20T03:48:52
10322-3,10322,50769,Can I get a replacement or refund?,True,2025-06-20T07:15:52
10322-4,10322,915,"I've resolved this on our end, please let us know if you need anything else.",True,2025-06-20T11:47:52
10322-5,10322,50769,"OK thank you, that answers my question.",True,2025-06-20T12:27:52
10323-1,10323,51888,Can you help me change the phone number linked to my account?,True,2025-06-22T21:31:01
10323-2,10323,903,"I understand the frustration, let's get this sorted out.",True,2025-06-22T23:17:01
10323-3,10323,51888,Is this something I can do myself in settings?,True,2025-06-23T03:47:01
10323-4,10323,903,"I've resolved this on our end, please let us know if you need anything else.",True,2025-06-23T04:24:01
10323-5,10323,51888,"OK thank you, that answers my question.",True,2025-06-23T05:52:01
10324-1,10324,51649,"Hi, quick question about your returns policy, can I return an item I already opened?",True,2025-07-19T04:50:38
10324-2,10324,905,"Thanks for the details, give me a moment to check on this.",True,2025-07-19T07:22:38
10324-3,10324,51649,Does that apply to sale items too?,True,2025-07-19T09:34:38
10324-4,10324,905,"Thanks for confirming, I've closed this out on our end.",True,2025-07-19T14:16:38
10324-5,10324,51649,"OK thank you, that answers my question.",True,2025-07-19T15:11:38
10325-1,10325,53218,"Hi, my order arrived and the running shoes is broken, it won't turn on at all.",True,2025-06-27T05:07:45
10325-2,10325,906,"I'm sorry for the trouble, checking your account now.",True,2025-06-27T05:54:45
10325-3,10325,53218,Can I get a replacement or refund?,True,2025-06-27T08:54:45
10325-4,10325,906,"I understand the frustration, let's get this sorted out.",True,2025-06-27T10:16:45
10325-5,10325,53218,Any news?,True,2025-06-27T12:15:45
10325-6,10325,906,"I'm sorry for the trouble, checking your account now.",True,2025-06-27T12:30:45
10325-7,10325,53218,"OK, still waiting to hear back.",True,2025-06-27T13:47:45
10325-8,10325,906,"I've resolved this on our end, please let us know if you need anything else.",True,2025-06-27T14:40:45
10325-9,10325,53218,"Perfect, thank you.",True,2025-06-27T16:01:45
10326-1,10326,51935,"Hi, the sunglasses shows as out of stock, do you know when it'll be available again?",True,2025-06-02T13:59:36
10326-2,10326,903,"Thanks for the details, give me a moment to check on this.",True,2025-06-02T16:23:36
10326-3,10326,51935,Can I reserve one in advance?,True,2025-06-02T20:42:36
10327-1,10327,50461,"Hi, I placed order #530250 on Jul 29 and I can't find any tracking info. Can you tell me where it is?",True,2025-08-06T06:48:40
10327-2,10327,908,"I'm sorry for the trouble, checking your account now.",True,2025-08-06T07:15:40
10327-3,10327,50461,Any update on this? It's been a while.,True,2025-08-06T10:38:40
10327-4,10327,908,"I understand the frustration, let's get this sorted out.",True,2025-08-06T13:08:40
10327-5,10327,50461,"OK, still waiting to hear back.",True,2025-08-06T15:32:40
10327-6,10327,908,"Thanks for the details, give me a moment to check on this.",True,2025-08-06T16:49:40
10327-7,10327,50461,Any news?,True,2025-08-06T18:23:40
10327-8,10327,908,"All set on our side now, thanks for your patience.",True,2025-08-06T21:03:40
10327-9,10327,50461,"Great, appreciate the quick resolution.",True,2025-08-06T21:47:40
10328-1,10328,51775,"I was charged twice for order #402418, can you refund the duplicate?",True,2025-08-28T02:57:50
10328-2,10328,925,"Thanks for the details, give me a moment to check on this.",True,2025-08-28T05:06:50
10328-3,10328,51775,This needs to be corrected soon.,True,2025-08-28T05:49:50
10328-4,10328,925,"I've resolved this on our end, please let us know if you need anything else.",True,2025-08-28T06:06:50
10328-5,10328,51775,"OK thank you, that answers my question.",True,2025-08-28T06:17:50
10329-1,10329,50204,"I was charged twice for order #626378, can you refund the duplicate?",True,2025-08-19T23:35:18
10329-2,10329,908,"I understand the frustration, let's get this sorted out.",True,2025-08-20T00:43:18
10329-3,10329,50204,"Actually, sorry, let me explain the real issue. Quick question, is the denim jacket compatible with older devices?",True,2025-08-20T04:29:18
10329-4,10329,908,"Thanks for the details, give me a moment to check on this.",True,2025-08-20T06:52:18
10329-5,10329,50204,Following up on this.,True,2025-08-20T07:46:18
10329-6,10329,908,"Thanks for the details, give me a moment to check on this.",True,2025-08-20T09:47:18
10329-7,10329,50204,"OK, still waiting to hear back.",True,2025-08-20T12:25:18
10329-8,10329,908,"All set on our side now, thanks for your patience.",True,2025-08-20T15:29:18
10329-9,10329,50204,"OK thank you, that answers my question.",True,2025-08-20T15:51:18
10330-1,10330,52573,"The password reset link you sent isn't working, can you help me get back in?",True,2025-07-05T05:18:50
10330-2,10330,914,"I understand the frustration, let's get this sorted out.",True,2025-07-05T05:29:50
10330-3,10330,52573,"Actually, sorry, let me explain the real issue. I used the code SUMMER20 but it didn't apply any discount at checkout.",True,2025-07-05T06:24:50
10330-4,10330,914,"Thanks for the details, give me a moment to check on this.",True,2025-07-05T08:38:50
10330-5,10330,52573,Following up on this.,True,2025-07-05T09:20:50
10331-1,10331,51650,"Hi, I can't log into my account, it keeps saying my password is wrong even after resetting it.",True,2025-08-13T11:58:48
10331-2,10331,921,"Thanks for the details, give me a moment to check on this.",True,2025-08-13T14:59:48
10331-3,10331,51650,I've tried clearing my cache and cookies too.,True,2025-08-13T15:40:48
10331-4,10331,921,"Thanks for reaching out, let me look into this for you.",True,2025-08-13T20:11:48
10331-5,10331,51650,"OK, still waiting to hear back.",True,2025-08-13T23:20:48
10331-6,10331,921,"Thanks for confirming, I've closed this out on our end.",True,2025-08-14T01:42:48
10331-7,10331,51650,"Great, appreciate the quick resolution.",True,2025-08-14T02:04:48
10332-1,10332,53299,"Hi, I placed order #260455 on May 30 and I can't find any tracking info. Can yuo tell me where it is?",True,2025-06-19T06:26:07
10332-2,10332,915,"Thanks for the details, give me a moment to check on this.",True,2025-06-19T07:02:07
10332-3,10332,53299,"Still no movement on the tracking page, is that normal?",True,2025-06-19T10:39:07
10332-4,10332,915,"Thanks for confirming, I've closed this out on our end.",True,2025-06-19T15:28:07
10332-5,10332,53299,Thanks for the help!,True,2025-06-19T17:22:07
10333-1,10333,52095,"Hi, I was only refunded part of my order, can you check what happened?",True,2025-06-19T05:40:30
10333-2,10333,923,"I'm sorry for the trouble, checking your account now.",True,2025-06-19T07:33:30
10333-3,10333,52095,Can someone look into the difference?,True,2025-06-19T07:57:30
10333-4,10333,923,"I've resolved this on our end, please let us know if you need anything else.",True,2025-06-19T12:55:30
10333-5,10333,52095,"OK thank you, that answers my question.",True,2025-06-19T14:22:30
10334-1,10334,51134,"Hi, I can't log into my account, it keeps saying my password is wrong even after resetting it.",True,2025-07-03T13:30:32
10334-2,10334,900,"Thanks for the details, give me a moment to check on this.",True,2025-07-03T16:22:32
10334-3,10334,51134,I've tried clearing my cache and cookies too.,True,2025-07-03T20:27:32
10334-4,10334,900,"Thanks for reaching out, let me look into this for you.",True,2025-07-03T23:12:32
10334-5,10334,51134,Any news?,True,2025-07-04T02:07:32
10334-6,10334,900,"I understand the frustration, let's get this sorted out.",True,2025-07-04T03:53:32
10334-7,10334,51134,Following up on this.,True,2025-07-04T06:38:32
10334-8,10334,900,"All set on our side now, thanks for your patience.",True,2025-07-04T07:34:32
10334-9,10334,51134,"Perfect, thank you.",True,2025-07-04T07:55:32
10335-1,10335,50184,"Hi, I placed order #211380 on May 30 and I can't find any tracking info. Can you tell me where it is?",True,2025-06-15T11:43:14
10335-2,10335,900,"Thanks for reaching out, let me look into this for you.",True,2025-06-15T13:35:14
10335-3,10335,50184,"Still no movement on the tracking page, is that normal?",True,2025-06-15T14:16:14
10335-4,10335,900,"I've resolved this on our end, please let us know if you need anything else.",True,2025-06-15T15:03:14
10335-5,10335,50184,"Perfect, thank you.",True,2025-06-15T15:30:14
10336-1,10336,50801,Order #878204 was supposed to arrive on Jul 26 and it's still not here. What's going on?,True,2025-08-01T18:58:18
10336-2,10336,908,"Thanks for reaching out, let me look into this for you.",True,2025-08-01T22:51:18
10336-3,10336,50801,Do you have an updated delivery estimate?,True,2025-08-02T02:05:18
10336-4,10336,908,"Thanks for confirming, I've closed this out on our end.",True,2025-08-02T05:09:18
10336-5,10336,50801,"Great, appreciate the quick resolution.",True,2025-08-02T05:38:18
10337-1,10337,52288,I ordered the running shoes but recieved a completely different item.,True,2025-07-10T22:44:27
10337-2,10337,904,"Thanks for the details, give me a moment to check on this.",True,2025-07-11T02:21:27
10337-3,10337,52288,"Actually, sorry, let me explain teh real issue. Hi, my order arrived and the running shoes is broken, it won't turn on at all.",True,2025-07-11T05:50:27
10337-4,10337,904,"I'm sorry for the trouble, checking your account now.",True,2025-07-11T06:38:27
10337-5,10337,52288,Following up on this.,True,2025-07-11T09:00:27
10337-6,10337,904,"I've resolved this on our end, please let us know if you need anything else.",True,2025-07-11T11:18:27
10337-7,10337,52288,Thanks for the help!,True,2025-07-11T12:32:27
10338-1,10338,51384,"I was charged twice for order #246054, can you refund teh duplicate?",True,2025-07-01T10:48:56
10338-2,10338,913,"Thanks for reaching out, let me look into this for you.",True,2025-07-01T13:52:56
10338-3,10338,51384,"I have both charges on my statement, want me to send a screenshot?",True,2025-07-01T16:59:56
10338-4,10338,913,"Thanks for reaching out, let me look into this for you.",True,2025-07-01T20:42:56
10338-5,10338,51384,Any news?,True,2025-07-01T23:13:56
10338-6,10338,913,"I've resolved this on our end, please let us know if you need anything else.",True,2025-07-01T23:56:56
10338-7,10338,51384,Thanks for the help!,True,2025-07-02T00:14:56
10339-1,10339,51242,"Hello, just checking on the status of order #158045, it's been a few days and I haven't heard anything.",True,2025-08-28T10:11:14
10339-2,10339,925,"I'm sorry for the trouble, checking your account now.",True,2025-08-28T11:52:14
10339-3,10339,51242,"Actually, sorry, let me explain the real issue. This might not be the right place but I wasn't sure where else to send this.",True,2025-08-28T15:42:14
10339-4,10339,925,"Thanks for the details, give me a moment to check on this.",True,2025-08-28T16:52:14
10339-5,10339,51242,"OK, still waiting to hear back.",True,2025-08-28T18:32:14
10339-6,10339,925,"I understand the frustration, let's get this sorted out.",True,2025-08-28T20:09:14
10339-7,10339,51242,"OK, still waiting to hear back.",True,2025-08-28T20:33:14
10339-8,10339,925,"I've resolved this on our end, please let us know if you need anything else.",True,2025-08-28T21:42:14
10339-9,10339,51242,"OK thank you, that answers my question.",True,2025-08-28T22:16:14
10340-1,10340,53576,"Hi, I placed order #559859 on May 31 and I can't find any tracking info. Can you tell me where it is?",True,2025-06-06T04:15:04
10340-2,10340,923,"Thanks for reaching out, let me look into this for you.",True,2025-06-06T07:08:04
10340-3,10340,53576,"Still no movement on the tracking page, is that normal?",True,2025-06-06T07:57:04
10340-4,10340,923,"I'm sorry for the trouble, checking your account now.",True,2025-06-06T11:09:04
10340-5,10340,53576,Following up on this.,True,2025-06-06T13:12:04
10340-6,10340,923,"Thanks for the details, give me a moment to check on this.",True,2025-06-06T14:39:04
10340-7,10340,53576,Any news?,True,2025-06-06T17:10:04
10340-8,10340,923,"All set on our side now, thanks for your patience.",True,2025-06-06T20:07:04
10340-9,10340,53576,Thanks for the help!,True,2025-06-06T20:52:04
10341-1,10341,50321,Order #877947 shows as delivered but I never received anything. I've checked with neighbours and the building office.,True,2025-08-16T14:07:33
10341-2,10341,906,"Thanks for the details, give me a moment to check on this.",True,2025-08-16T14:20:33
10341-3,10341,50321,Can you open an investigation with the carrier?,True,2025-08-16T16:52:33
10341-4,10341,906,"Thanks for confirming, I've closed this out on our end.",True,2025-08-16T17:32:33
10341-5,10341,50321,"OK thank you, that answers my question.",True,2025-08-16T17:39:33
10342-1,10342,52703,"Hi, I placed order #900059 on Jul 19 and I can't find any tracking info. Can you tell me where it is?",True,2025-07-31T02:40:19
10342-2,10342,913,"Thanks for reaching out, let me look into this for you.",True,2025-07-31T04:34:19
10342-3,10342,52703,"Still no movement on the tracking page, is that normal?",True,2025-07-31T05:39:19
10342-4,10342,913,"I understand the frustration, let's get this sorted out.",True,2025-07-31T08:16:19
10342-5,10342,52703,Following up on this.,True,2025-07-31T10:14:19
10342-6,10342,913,"Thanks for the details, give me a moment to check on this.",True,2025-07-31T13:28:19
10342-7,10342,52703,Any news?,True,2025-07-31T14:19:19
10342-8,10342,913,"This has been taken care of, apologies again for the inconvenience.",True,2025-07-31T16:28:19
10342-9,10342,52703,Thanks for the help!,True,2025-07-31T16:49:19
10343-1,10343,53159,"Hello, just checking on the status of order #387592, it's been a few days and I haven't heard anything.",True,2025-07-22T23:32:25
10343-2,10343,917,"Thanks for reaching out, let me look into this for you.",True,2025-07-23T01:35:25
10343-3,10343,53159,Any update on this? It's been a while.,True,2025-07-23T05:30:25
10343-4,10343,917,"This has been taken care of, apologies again for the inconvenience.",True,2025-07-23T09:38:25
10343-5,10343,53159,Thanks for the help!,True,2025-07-23T10:35:25
10344-1,10344,50262,"I just opened my package for order #618970 and the smartwatch is missing, only the rest of the items were inside.",True,2025-08-09T17:18:50
10344-2,10344,914,"Thanks for reaching out, let me look into this for you.",True,2025-08-09T18:21:50
10344-3,10344,50262,Can yuo send the missing item or refund it?,True,2025-08-09T20:43:50
10344-4,10344,914,"Thanks for reaching out, let me look into this for you.",True,2025-08-09T23:53:50
10344-5,10344,50262,"OK, still waiting to hear back.",True,2025-08-10T02:36:50
10344-6,10344,914,"Thanks for confirming, I've closed this out on our end.",True,2025-08-10T04:15:50
10344-7,10344,50262,Thanks for the help!,True,2025-08-10T04:34:50
10345-1,10345,52629,What's the process to send back an item I ordered? It doesn't fit.,True,2025-06-14T00:33:01
10345-2,10345,913,"Thanks for reaching out, let me look into this for you.",True,2025-06-14T04:31:01
10345-3,10345,52629,"Actually, sorry, let me explain the real issue. Hi, I think I entered the wrong address for order #926450, could you update it before it ships?",True,2025-06-14T05:35:01
10345-4,10345,913,"Thanks for the details, give me a moment to check on this.",True,2025-06-14T10:05:01
10345-5,10345,52629,Any news?,True,2025-06-14T11:10:01
10345-6,10345,913,"This has been taken care of, apologies again for the inconvenience.",True,2025-06-14T13:49:01
10345-7,10345,52629,Thanks for the help!,True,2025-06-14T14:42:01
10346-1,10346,52207,Where can I download a receipt for my recent purchase?,True,2025-08-19T23:04:33
10346-2,10346,923,"I'm sorry for the trouble, checking your account now.",True,2025-08-20T03:02:33
10346-3,10346,52207,Can it include the VAT breakdown?,True,2025-08-20T06:00:33
10346-4,10346,923,"I've resolved this on our end, please let us know if you need anything else.",True,2025-08-20T09:15:33
10346-5,10346,52207,"Great, appreciate the quick resolution.",True,2025-08-20T10:48:33
10347-1,10347,52071,The smartwatch I ordered stopped working after 11 days of normal use.,True,2025-07-30T11:13:30
10347-2,10347,902,"Thanks for the details, give me a moment to check on this.",True,2025-07-30T11:53:30
10347-3,10347,52071,Can I get a replacement or refund?,True,2025-07-30T14:29:30
10347-4,10347,902,"This has been taken care of, apologies again for the inconvenience.",True,2025-07-30T17:19:30
10347-5,10347,52071,"OK thank you, that answers my question.",True,2025-07-30T18:37:30
10348-1,10348,50683,The denim jacket I received feels much cheaper than it looked in the photos.,True,2025-08-09T16:16:35
10348-2,10348,903,"I'm sorry for the trouble, checking your account now.",True,2025-08-09T17:51:35
10348-3,10348,50683,It just doesn't feel like a $23 item.,True,2025-08-09T21:26:35
10349-1,10349,50302,"Hi, I'd like to delete my account and all data you hold on me, please confirm once done.",True,2025-08-26T11:07:28
10349-2,10349,923,"Thanks for reaching out, let me look into this for you.",True,2025-08-26T13:22:28
10349-3,10349,50302,How long will this take to process?,True,2025-08-26T14:49:28
10349-4,10349,923,"I understand the frustration, let's get this sorted out.",True,2025-08-26T18:08:28
10349-5,10349,50302,Any news?,True,2025-08-26T19:55:28
10349-6,10349,923,"All set on our side now, thanks for your patience.",True,2025-08-26T21:57:28
10349-7,10349,50302,Thanks for the help!,True,2025-08-26T23:40:28
10350-1,10350,51168,Have you considered adding more filters to the search page? Would make browsing easier.,True,2025-08-08T22:20:11
10350-2,10350,910,"I'm sorry for the trouble, checking your account now.",True,2025-08-09T02:11:11
10350-3,10350,51168,Would love to see that in a future update.,True,2025-08-09T04:48:11
10350-4,10350,910,"Thanks for the details, give me a moment to check on this.",True,2025-08-09T05:52:11
10350-5,10350,51168,"OK, still waiting to hear back.",True,2025-08-09T06:38:11
10350-6,10350,910,"I'm sorry for the trouble, checking your account now.",True,2025-08-09T07:40:11
10350-7,10350,51168,Following up on this.,True,2025-08-09T07:57:11
10351-1,10351,51513,"I returned my order #566432 15 days ago and haven't seen a refund yet, can you check?",True,2025-08-26T06:40:36
10351-2,10351,906,"Thanks for reaching out, let me look into this for you.",True,2025-08-26T07:56:36
10351-3,10351,51513,It's been longer than the timeline you gave me.,True,2025-08-26T11:07:36
10351-4,10351,906,"All set on our side now, thanks for your patience.",True,2025-08-26T11:55:36
10351-5,10351,51513,Thanks for the help!,True,2025-08-26T12:58:36
10352-1,10352,51775,"Hi, I'd like to return the yoga mat from order #982304, can you send me a return label?",True,2025-08-12T06:57:33
10352-2,10352,903,"Thanks for the details, give me a moment to check on this.",True,2025-08-12T07:52:33
10352-3,10352,51775,Do I need to print anything or can I drop it off?,True,2025-08-12T12:02:33
10352-4,10352,903,"I understand the frustration, let's get this sorted out.",True,2025-08-12T16:20:33
10352-5,10352,51775,"OK, still waiting to hear back.",True,2025-08-12T17:42:33
10352-6,10352,903,"I've resolved this on our end, please let us know if you need anything else.",True,2025-08-12T18:42:33
10352-7,10352,51775,"Great, appreciate the quick resolution.",True,2025-08-12T19:53:33
10353-1,10353,50158,I ordered the laptop sleeve but received a completely different item.,True,2025-07-26T19:56:24
10353-2,10353,913,"Thanks for the details, give me a moment to check on this.",True,2025-07-26T22:34:24
10353-3,10353,50158,Should I send this one back first?,True,2025-07-27T03:22:24
10353-4,10353,913,"All set on our side now, thanks for your patience.",True,2025-07-27T06:03:24
10353-5,10353,50158,"OK thank you, that answers my question.",True,2025-07-27T07:01:24
10354-1,10354,52705,"Hi, my delivery is running late, I ordered the phone case over a week ago.",True,2025-07-07T05:38:45
10354-2,10354,903,"Thanks for the details, give me a moment to check on this.",True,2025-07-07T08:06:45
10354-3,10354,52705,Do you have an updated delivery estimate?,True,2025-07-07T10:29:45
10355-1,10355,51263,Order #316217 was supposed to arrive on Jul 19 and it's stil not here. What's going on?,True,2025-07-23T02:39:56
10355-2,10355,914,"Thanks for the details, give me a moment to check on this.",True,2025-07-23T04:09:56
10355-3,10355,51263,"It's been 11 extra days now, this is getting frustrating.",True,2025-07-23T09:02:56
10355-4,10355,914,"Thanks for the details, give me a moment to check on this.",True,2025-07-23T09:37:56
10355-5,10355,51263,"OK, still waiting to hear back.",True,2025-07-23T12:04:56
10356-1,10356,51531,"Hi, the courier says my pacakge for order #114303 was delivered but it's nowhere to be found.",True,2025-07-21T07:56:46
10356-2,10356,910,"I'm sorry for the trouble, checking your account now.",True,2025-07-21T11:18:46
10356-3,10356,51531,"Actually, sorry, let me explain the real issue. What benefits come with the premium membership tier?",True,2025-07-21T11:45:46
10356-4,10356,910,"I'm sorry for the trouble, checking your account now.",True,2025-07-21T15:08:46
10356-5,10356,51531,Any news?,True,2025-07-21T18:27:46
10356-6,10356,910,"Thanks for confirming, I've closed this out on our end.",True,2025-07-21T18:58:46
10356-7,10356,51531,Thanks for the help!,True,2025-07-21T19:05:46
10357-1,10357,53405,"Hi, when will I get my money back for the item I sent back?",True,2025-08-11T10:21:20
10357-2,10357,919,"Thanks for reaching out, let me look into this for you.",True,2025-08-11T12:15:20
10357-3,10357,53405,My bank still shows no refund received.,True,2025-08-11T14:18:20
10357-4,10357,919,"I understand the frustration, let's get this sorted out.",True,2025-08-11T19:01:20
10357-5,10357,53405,Any news?,True,2025-08-11T19:15:20
10357-6,10357,919,"All set on our side now, thanks for your patience.",True,2025-08-11T22:31:20
10357-7,10357,53405,Thanks for the help!,True,2025-08-12T00:13:20
10358-1,10358,51831,"Hi, I think I entered the wrong address for order #250755, could you update it before it ships?",True,2025-06-10T22:00:41
10358-2,10358,911,"I'm sorry for the trouble, checking your account now.",True,2025-06-11T01:39:41
10358-3,10358,51831,I'm worried it will ship before this gets fixed.,True,2025-06-11T02:19:41
10358-4,10358,911,"This has been taken care of, apologies again for the inconvenience.",True,2025-06-11T04:38:41
10358-5,10358,51831,"Perfect, thank you.",True,2025-06-11T04:47:41
10359-1,10359,53092,"Hi, I'd like to return the bluetooth speaker from order #783680, can you send me a return label? Hi, quick question about your returns policy, can I return an item I already opened?",True,2025-07-20T15:51:31
10359-2,10359,917,"Thanks for reaching out, let me look into this for you.",True,2025-07-20T19:09:31
10359-3,10359,53092,Do I need to print anything or can I drop it off?,True,2025-07-20T20:41:31
10360-1,10360,50572,"Hello, just checking on the status of order #223295, it's been a few days and I haven't heard anything.",True,2025-07-09T01:27:25
10360-2,10360,923,"I'm sorry for the trouble, checking your account now.",True,2025-07-09T03:45:25
10360-3,10360,50572,"Still no movement on the tracking page, is that normal?",True,2025-07-09T07:05:25
10360-4,10360,923,"I'm sorry for the trouble, checking your account now.",True,2025-07-09T10:04:25
10360-5,10360,50572,Following up on this.,True,2025-07-09T10:56:25
10360-6,10360,923,"I understand the frustration, let's get this sorted out.",True,2025-07-09T14:09:25
10360-7,10360,50572,Any news?,True,2025-07-09T14:21:25
10360-8,10360,923,"Thanks for confirming, I've closed this out on our end.",True,2025-07-09T16:17:25
10360-9,10360,50572,Thanks for the help!,True,2025-07-09T16:30:25
10361-1,10361,52202,I got refunded for order #264052 but the amount is way less than what I paid.,True,2025-06-06T13:29:39
10361-2,10361,914,"I understand the frustration, let's get this sorted out.",True,2025-06-06T17:16:39
10361-3,10361,52202,Can someone look into the difference?,True,2025-06-06T20:02:39
10361-4,10361,914,"I'm sorry for the trouble, checking your account now.",True,2025-06-06T23:38:39
10361-5,10361,52202,Following up on this.,True,2025-06-07T00:07:39
10361-6,10361,914,"Thanks for reaching out, let me look into this for you.",True,2025-06-07T00:56:39
10361-7,10361,52202,"OK, still waiting to hear back.",True,2025-06-07T04:13:39
10361-8,10361,914,"I've resolved this on our end, please let us know if you need anything else.",True,2025-06-07T05:34:39
10361-9,10361,52202,"OK thank you, that answers my question.",True,2025-06-07T05:55:39
10362-1,10362,50857,"Hello, just checking on teh status of order #942377, it's been a few days and I haven't heard anything.",True,2025-06-22T02:26:13
10362-2,10362,905,"I understand the frustration, let's get this sorted out.",True,2025-06-22T04:19:13
10362-3,10362,50857,"Still no movement on the tracking page, is that normal?",True,2025-06-22T07:16:13
10362-4,10362,905,"Thanks for confirming, I've closed this out on our end.",True,2025-06-22T12:12:13
10362-5,10362,50857,"Perfect, thank you.",True,2025-06-22T13:02:13
10363-1,10363,52595,"Hi, my order arrived and the yoga mat is broken, it won't turn on at all.",True,2025-08-16T10:44:27
10363-2,10363,908,"I understand the frustration, let's get this sorted out.",True,2025-08-16T12:17:27
10363-3,10363,52595,"I've tried everything, it's definitely faulty.",True,2025-08-16T14:16:27
10364-1,10364,52401,What benefits come with the premium membership tier?,True,2025-08-22T22:11:23
10364-2,10364,909,"Thanks for reaching out, let me look into this for you.",True,2025-08-22T23:26:23
10364-3,10364,52401,Do points expire after a certain time?,True,2025-08-22T23:51:23
10364-4,10364,909,"I've resolved this on our end, please let us know if you need anything else.",True,2025-08-23T03:53:23
10364-5,10364,52401,"Perfect, thank you.",True,2025-08-23T04:02:23
10365-1,10365,53567,Order #564915 was supposed to arrive on Aug 13 and it's still not here. What's going on?,True,2025-08-15T22:02:54
10365-2,10365,904,"Thanks for the details, give me a moment to check on this.",True,2025-08-15T22:50:54
10365-3,10365,53567,"It's been 3 extra days now, this is getting frustrating.",True,2025-08-16T03:24:54
10365-4,10365,904,"I've resolved this on our end, please let us know if you need anything else.",True,2025-08-16T07:00:54
10365-5,10365,53567,"Great, appreciate the quick resolution.",True,2025-08-16T07:13:54
10366-1,10366,50706,Is there any way to get notified when the yoga mat is restocked?,True,2025-07-26T09:21:12
10366-2,10366,914,"Thanks for reaching out, let me look into this for you.",True,2025-07-26T13:00:12
10366-3,10366,50706,Can I reserve one in advance?,True,2025-07-26T17:59:12
10366-4,10366,914,"I've resolved this on our end, please let us know if you need anything else.",True,2025-07-26T18:54:12
10366-5,10366,50706,"Perfect, thank you.",True,2025-07-26T19:22:12
10367-1,10367,50890,The leather wallet I received feels much cheaper than it looked in the photos.,True,2025-06-08T09:32:56
10367-2,10367,920,"I'm sorry for the trouble, checking your account now.",True,2025-06-08T11:22:56
10367-3,10367,50890,Is this normal for this product line?,True,2025-06-08T13:08:56
10367-4,10367,920,"Thanks for confirming, I've closed this out on our end.",True,2025-06-08T15:00:56
10367-5,10367,50890,Thanks for the help!,True,2025-06-08T15:38:56
10368-1,10368,53397,"Hi, I've had several issues with my last few orders and I'm not happy with the service.",True,2025-06-16T12:24:02
10368-2,10368,920,"Thanks for the details, give me a moment to check on this.",True,2025-06-16T15:28:02
10368-3,10368,53397,This isn't the first time either.,True,2025-06-16T16:24:02
10369-1,10369,51322,Can you help me change the phone number linked to my account?,True,2025-07-30T22:05:37
10369-2,10369,911,"Thanks for the details, give me a moment to check on this.",True,2025-07-30T23:41:37
10369-3,10369,51322,Is this something I can do myself in settings?,True,2025-07-31T01:14:37
10369-4,10369,911,"Thanks for confirming, I've closed this out on our end.",True,2025-07-31T06:03:37
10369-5,10369,51322,"OK thank you, that answers my question.",True,2025-07-31T07:23:37
10370-1,10370,52461,"Hello, just checking on the status of order #345684, it's been a few days and I haven't heard anything.",True,2025-07-07T12:19:19
10370-2,10370,910,"I'm sorry for the trouble, checking your account now.",True,2025-07-07T14:56:19
10370-3,10370,52461,Any update on this? It's been a while.,True,2025-07-07T19:56:19
10370-4,10370,910,"Thanks for reaching out, let me look into this for you.",True,2025-07-07T21:12:19
10370-5,10370,52461,Any news?,True,2025-07-07T21:45:19
10371-1,10371,50704,"The password reset link you sent isn't working, can you help me get back in?",True,2025-06-17T19:15:15
10371-2,10371,909,"I understand the frustration, let's get this sorted out.",True,2025-06-17T21:20:15
10371-3,10371,50704,I've tried clearing my cache and cookies too.,True,2025-06-18T01:27:15
10371-4,10371,909,"This has been taken care of, apologies again for the inconvenience.",True,2025-06-18T02:26:15
10371-5,10371,50704,"Perfect, thank you.",True,2025-06-18T03:22:15
10372-1,10372,52000,Order #738081 was supposed to arrive on Jul 18 and it's still not here. What's going on?,True,2025-07-24T09:04:01
10372-2,10372,921,"I understand the frustration, let's get this sorted out.",True,2025-07-24T09:44:01
10372-3,10372,52000,"It's been 5 extra days now, this is getting frustrating.",True,2025-07-24T11:30:01
10372-4,10372,921,"Thanks for confirming, I've closed this out on our end.",True,2025-07-24T13:28:01
10372-5,10372,52000,"Great, appreciate the quick resolution.",True,2025-07-24T14:56:01
10373-1,10373,51069,"Hi, my order arrived and teh sneakers is broken, it won't turn on at all.",True,2025-07-07T05:54:43
10373-2,10373,913,"I understand the frustration, let's get this sorted out.",True,2025-07-07T07:37:43
10373-3,10373,51069,Can I get a replacement or refund?,True,2025-07-07T07:52:43
10373-4,10373,913,"Thanks for confirming, I've closed this out on our end.",True,2025-07-07T11:27:43
10373-5,10373,51069,Thanks for the help!,True,2025-07-07T12:05:43
10374-1,10374,53457,Order #544664 was supposed to arrive on May 24 and it's still not here. What's going on?,True,2025-06-11T03:57:50
10374-2,10374,917,"I understand the frustration, let's get this sorted out.",True,2025-06-11T07:30:50
10374-3,10374,53457,"It's been 8 extra days now, this is getting frustrating.",True,2025-06-11T11:22:50
10374-4,10374,917,"Thanks for confirming, I've closed this out on our end.",True,2025-06-11T15:29:50
10374-5,10374,53457,"Perfect, thank you.",True,2025-06-11T16:32:50
10375-1,10375,53140,"I returned my order #118369 6 days ago and haven't seen a refund yet, can yuo check?",True,2025-06-17T06:26:18
10375-2,10375,900,"Thanks for reaching out, let me look into this for you.",True,2025-06-17T06:52:18
10375-3,10375,53140,It's been longer than the timeline you gave me.,True,2025-06-17T08:06:18
10375-4,10375,900,"This has been taken care of, apologies again for the inconvenience.",True,2025-06-17T10:36:18
10375-5,10375,53140,"OK thank you, that answers my question.",True,2025-06-17T12:26:18
10376-1,10376,52495,"Hi, when will I get my money back for teh item I sent back?",True,2025-08-20T06:50:06
10376-2,10376,923,"Thanks for reaching out, let me look into this for you.",True,2025-08-20T09:42:06
10376-3,10376,52495,It's been longer than the timeline you gave me.,True,2025-08-20T13:33:06
10376-4,10376,923,"I'm sorry for the trouble, checking your account now.",True,2025-08-20T16:18:06
10376-5,10376,52495,"OK, still waiting to hear back.",True,2025-08-20T19:25:06
10376-6,10376,923,"This has been taken care of, apologies again for the inconvenience.",True,2025-08-20T21:10:06
10376-7,10376,52495,"OK thank you, that answers my question.",True,2025-08-20T22:52:06
10377-1,10377,50742,"Hi, my delivery is running late, I ordered the yoga mat over a week ago.",True,2025-06-01T11:02:26
10377-2,10377,921,"Thanks for the details, give me a moment to check on this.",True,2025-06-01T13:43:26
10377-3,10377,50742,Do you have an updated delivery estimate?,True,2025-06-01T17:48:26
10377-4,10377,921,"All set on our side now, thanks for your patience.",True,2025-06-01T21:17:26
10377-5,10377,50742,"Perfect, thank you.",True,2025-06-01T22:05:26
10378-1,10378,52180,"I returned my order #792792 12 days ago and haven't seen a refund yet, can you check?",True,2025-07-06T12:06:16
10378-2,10378,922,"I understand the frustration, let's get this sorted out.",True,2025-07-06T14:06:16
10378-3,10378,52180,It's been longer than the timeline you gave me.,True,2025-07-06T14:31:16
10378-4,10378,922,"I understand the frustration, let's get this sorted out.",True,2025-07-06T17:41:16
10378-5,10378,52180,Any news?,True,2025-07-06T17:56:16
10378-6,10378,922,"This has been taken care of, apologies again for the inconvenience.",True,2025-07-06T20:28:16
10378-7,10378,52180,"Great, appreciate the quick resolution.",True,2025-07-06T21:21:16
10379-1,10379,50865,"Hi, my delivery is running late, I ordered the sunglasses over a week ago.",True,2025-06-17T06:12:55
10379-2,10379,903,"Thanks for the details, give me a moment to check on this.",True,2025-06-17T08:59:55
10379-3,10379,50865,Do you have an updated delivery estimate?,True,2025-06-17T13:26:55
10380-1,10380,52181,"Hi, the phone case shows as out of stock, do you know when it'll be available again?",True,2025-07-30T17:28:11
10380-2,10380,910,"I understand the frustration, let's get this sorted out.",True,2025-07-30T17:53:11
10380-3,10380,52181,Can I reserve one in advance?,True,2025-07-30T18:14:11
10380-4,10380,910,"I've resolved this on our end, please let us know if you need anything else.",True,2025-07-30T20:31:11
10380-5,10380,52181,Thanks for the help!,True,2025-07-30T21:23:11
10381-1,10381,53482,Order #595104 shows as delivered but I never received anything. I've checked with neighbours and the building office.,True,2025-08-05T19:32:55
10381-2,10381,905,"I understand the frustration, let's get this sorted out.",True,2025-08-05T20:22:55
10381-3,10381,53482,"I've looked everywhere, it's genuinely not here.",True,2025-08-06T00:48:55
10381-4,10381,905,"I'm sorry for the trouble, checking your account now.",True,2025-08-06T03:47:55
10381-5,10381,53482,Any news?,True,2025-08-06T04:59:55
10381-6,10381,905,"Thanks for reaching out, let me look into this for you.",True,2025-08-06T08:13:55
10381-7,10381,53482,Following up on this.,True,2025-08-06T08:24:55
10381-8,10381,905,"Thanks for confirming, I've closed this out on our end.",True,2025-08-06T08:42:55
10381-9,10381,53482,"OK thank you, that answers my question.",True,2025-08-06T10:37:55
10382-1,10382,50495,The leather wallet I received feels much cheaper than it looked in the photos.,True,2025-07-29T21:35:34
10382-2,10382,922,"Thanks for reaching out, let me look into this for you.",True,2025-07-29T22:11:34
10382-3,10382,50495,Is this normal for this product line?,True,2025-07-29T23:35:34
10382-4,10382,922,"Thanks for the details, give me a moment to check on this.",True,2025-07-30T00:42:34
10382-5,10382,50495,Following up on this.,True,2025-07-30T02:37:34
10382-6,10382,922,"This has been taken care of, apologies again for the inconvenience.",True,2025-07-30T04:13:34
10382-7,10382,50495,"OK thank you, that answers my question.",True,2025-07-30T05:59:34
10383-1,10383,52904,"Hi, when will I get my money back for the item I sent back?",True,2025-08-08T21:38:16
10383-2,10383,915,"Thanks for reaching out, let me look into this for you.",True,2025-08-08T22:56:16
10383-3,10383,52904,My bank still shows no refund received.,True,2025-08-09T00:59:16
10383-4,10383,915,"I'm sorry for the trouble, checking your account now.",True,2025-08-09T03:46:16
10383-5,10383,52904,Following up on this.,True,2025-08-09T06:21:16
10383-6,10383,915,"I understand the frustration, let's get this sorted out.",True,2025-08-09T07:49:16
10383-7,10383,52904,Any news?,True,2025-08-09T11:01:16
10383-8,10383,915,"This has been taken care of, apologies again for the inconvenience.",True,2025-08-09T14:03:16
10383-9,10383,52904,"Perfect, thank you.",True,2025-08-09T14:26:16
10384-1,10384,53485,"Hi, I placed order #481851 on May 28 and I can't find any tracking info. Can you tell me where it is?",True,2025-06-14T12:06:37
10384-2,10384,906,"Thanks for the details, give me a moment to check on this.",True,2025-06-14T14:24:37
10384-3,10384,53485,"Still no movement on the tracking page, is that normal?",True,2025-06-14T17:47:37
10385-1,10385,50918,"I was charged twice for order #781570, can you refund the duplicate? I returned my order #781570 9 days ago and haven't seen a refund yet, can you check?",True,2025-08-10T19:35:46
10385-2,10385,904,"Thanks for reaching out, let me look into this for you.",True,2025-08-10T21:04:46
10385-3,10385,50918,"I have both charges on my statement, want me to send a screenshot?",True,2025-08-10T23:32:46
10385-4,10385,904,"This has been taken care of, apologies again for the inconvenience.",True,2025-08-11T00:10:46
10385-5,10385,50918,"Great, appreciate the quick resolution.",True,2025-08-11T00:47:46
10386-1,10386,50164,"My card keeps getting declined when I try to check out, even though there are funds available.",True,2025-06-26T06:09:05
10386-2,10386,919,"I understand the frustration, let's get this sorted out.",True,2025-06-26T08:42:05
10386-3,10386,50164,I've tried two different cards now.,True,2025-06-26T12:49:05
10386-4,10386,919,"Thanks for reaching out, let me look into this for you.",True,2025-06-26T17:33:05
10386-5,10386,50164,Following up on this.,True,2025-06-26T19:04:05
10386-6,10386,919,"I'm sorry for the trouble, checking your account now.",True,2025-06-26T19:32:05
10386-7,10386,50164,"OK, still waiting to hear back.",True,2025-06-26T21:44:05
10386-8,10386,919,"This has been taken care of, apologies again for the inconvenience.",True,2025-06-26T23:47:05
10386-9,10386,50164,"Great, appreciate the quick resolution.",True,2025-06-27T00:04:05
10387-1,10387,52949,Where can I download a receipt for my recent purchase?,True,2025-06-18T17:32:37
10387-2,10387,914,"I understand the frustration, let's get this sorted out.",True,2025-06-18T19:46:37
10387-3,10387,52949,I need this fairly soon for my records.,True,2025-06-19T00:19:37
10387-4,10387,914,"All set on our side now, thanks for your patience.",True,2025-06-19T03:02:37
10387-5,10387,52949,"Perfect, thank you.",True,2025-06-19T03:42:37
10388-1,10388,51997,"Hi, I was only refunded part of my order, can you check what happened?",True,2025-08-28T16:30:32
10388-2,10388,900,"Thanks for reaching out, let me look into this for you.",True,2025-08-28T17:24:32
10388-3,10388,51997,I paid $125 and only got a fraction of that back.,True,2025-08-28T19:32:32
10388-4,10388,900,"I've resolved this on our end, please let us know if you need anything else.",True,2025-08-28T22:18:32
10388-5,10388,51997,"Perfect, thank you.",True,2025-08-28T23:50:32
10389-1,10389,51326,"Hi, my delivery is running late, I ordered the yoga mat over a week ago.",True,2025-07-07T01:35:50
10389-2,10389,905,"Thanks for the details, give me a moment to check on this.",True,2025-07-07T05:19:50
10389-3,10389,51326,"It's been 4 extra days now, this is getting frustrating.",True,2025-07-07T08:38:50
10389-4,10389,905,"All set on our side now, thanks for your patience.",True,2025-07-07T11:24:50
10389-5,10389,51326,"Perfect, thank you.",True,2025-07-07T12:26:50
10390-1,10390,53122,"Hi, the color/size I received doesn't match order #246727 at all.",True,2025-07-08T05:00:22
10390-2,10390,912,"I'm sorry for the trouble, checking your account now.",True,2025-07-08T06:28:22
10390-3,10390,53122,Should I send this one back first?,True,2025-07-08T08:28:22
10390-4,10390,912,"All set on our side now, thanks for your patience.",True,2025-07-08T10:58:22
10390-5,10390,53122,"OK thank you, that answers my question.",True,2025-07-08T12:35:22
10391-1,10391,53199,"Hi, the phone case shows as out of stock, do you know when it'll be available again?",True,2025-08-27T08:33:58
10391-2,10391,921,"I understand the frustration, let's get this sorted out.",True,2025-08-27T09:06:58
10391-3,10391,53199,"I really want this before Aug 18, is that realistic?",True,2025-08-27T10:24:58
10391-4,10391,921,"I understand the frustration, let's get this sorted out.",True,2025-08-27T13:20:58
10391-5,10391,53199,"OK, still waiting to hear back.",True,2025-08-27T14:08:58
10391-6,10391,921,"Thanks for the details, give me a moment to check on this.",True,2025-08-27T16:48:58
10391-7,10391,53199,"OK, still waiting to hear back.",True,2025-08-27T19:24:58
10391-8,10391,921,"This has been taken care of, apologies again for the inconvenience.",True,2025-08-27T21:57:58
10391-9,10391,53199,"Perfect, thank you.",True,2025-08-27T22:43:58
10392-1,10392,53162,"Hi, the quality of this item really doesn't match the product description on the site.",True,2025-08-11T12:49:44
10392-2,10392,924,"Thanks for reaching out, let me look into this for you.",True,2025-08-11T13:59:44
10392-3,10392,53162,It just doesn't feel like a $129 item.,True,2025-08-11T15:20:44
10393-1,10393,52317,"Hi, I can't log into my account, it keeps saying my password is wrong even after resetting it.",True,2025-08-27T08:41:32
10393-2,10393,913,"Thanks for reaching out, let me look into this for you.",True,2025-08-27T11:08:32
10393-3,10393,52317,I've tried clearing my cache and cookies too.,True,2025-08-27T15:50:32
10393-4,10393,913,"I understand the frustration, let's get this sorted out.",True,2025-08-27T16:44:32
10393-5,10393,52317,Following up on this.,True,2025-08-27T19:30:32
10393-6,10393,913,"Thanks for confirming, I've closed this out on our end.",True,2025-08-27T20:28:32
10393-7,10393,52317,"Perfect, thank you.",True,2025-08-27T22:17:32
10394-1,10394,50744,"Hi, teh amount charged to my card doesn't match my order total, can you check?",True,2025-07-12T07:52:33
10394-2,10394,920,"Thanks for the details, give me a moment to check on this.",True,2025-07-12T08:54:33
10394-3,10394,50744,This needs to be corrected soon.,True,2025-07-12T13:36:33
10394-4,10394,920,"Thanks for the details, give me a moment to check on this.",True,2025-07-12T15:28:33
10394-5,10394,50744,Following up on this.,True,2025-07-12T18:41:33
10394-6,10394,920,"This has been taken care of, apologies again for the inconvenience.",True,2025-07-12T19:30:33
10394-7,10394,50744,"Perfect, thank you.",True,2025-07-12T20:01:33
10395-1,10395,53192,What's the process to send back an item I ordered? It doesn't fit.,True,2025-08-26T21:29:04
10395-2,10395,904,"Thanks for the details, give me a moment to check on this.",True,2025-08-27T00:51:04
10395-3,10395,53192,Do I need to print anything or can I drop it off?,True,2025-08-27T01:14:04
10396-1,10396,51635,"Hi, could you send me an invoice for order #197362? I need it for accounting.",True,2025-07-05T15:13:37
10396-2,10396,906,"Thanks for the details, give me a moment to check on this.",True,2025-07-05T18:29:37
10396-3,10396,51635,Can it include the VAT breakdown?,True,2025-07-05T22:11:37
10396-4,10396,906,"Thanks for the details, give me a moment to check on this.",True,2025-07-05T23:07:37
10396-5,10396,51635,Any news?,True,2025-07-06T01:19:37
10396-6,10396,906,"Thanks for confirming, I've closed this out on our end.",True,2025-07-06T03:39:37
10396-7,10396,51635,Thanks for the help!,True,2025-07-06T03:46:37
10397-1,10397,51452,"I returned my order #988991 13 days ago and haven't seen a refund yet, can you check?",True,2025-08-16T03:26:04
10397-2,10397,911,"I'm sorry for the trouble, checking your account now.",True,2025-08-16T04:07:04
10397-3,10397,51452,It's been longer than the timeline you gave me.,True,2025-08-16T05:47:04
10397-4,10397,911,"Thanks for reaching out, let me look into this for you.",True,2025-08-16T09:57:04
10397-5,10397,51452,"OK, still waiting to hear back.",True,2025-08-16T12:39:04
10397-6,10397,911,"All set on our side now, thanks for your patience.",True,2025-08-16T15:58:04
10397-7,10397,51452,"OK thank you, that answers my question.",True,2025-08-16T17:22:04
10398-1,10398,51495,Order #523262 was supposed to arrive on May 22 and it's still not here. What's going on? Order #523262 shows as delivered but I never received anything. I've checked with neighbours and the building office.,True,2025-06-03T17:29:31
10398-2,10398,903,"I understand the frustration, let's get this sorted out.",True,2025-06-03T21:27:31
10398-3,10398,51495,Do you have an updated delivery estimate?,True,2025-06-03T22:00:31
10398-4,10398,903,"This has been taken care of, apologies again for the inconvenience.",True,2025-06-03T23:36:31
10398-5,10398,51495,"OK thank you, that answers my question.",True,2025-06-03T23:52:31
10399-1,10399,53506,Where can I download a receipt for my recent purchase?,True,2025-08-17T23:57:38
10399-2,10399,917,"Thanks for reaching out, let me look into this for you.",True,2025-08-18T02:39:38
10399-3,10399,53506,I need this fairly soon for my records.,True,2025-08-18T06:53:38
10399-4,10399,917,"This has been taken care of, apologies again for the inconvenience.",True,2025-08-18T08:43:38
10399-5,10399,53506,Thanks for the help!,True,2025-08-18T09:16:38
10400-1,10400,50926,What's the process to send back an item I ordered? It doesn't fit.,True,2025-07-31T00:24:19
10400-2,10400,908,"Thanks for reaching out, let me look into this for you.",True,2025-07-31T04:06:19
10400-3,10400,50926,Do I need to print anything or can I drop it off?,True,2025-07-31T07:33:19
10400-4,10400,908,"Thanks for reaching out, let me look into this for you.",True,2025-07-31T09:24:19
10400-5,10400,50926,Following up on this.,True,2025-07-31T10:10:19
10400-6,10400,908,"I'm sorry for the trouble, checking your account now.",True,2025-07-31T10:28:19
10400-7,10400,50926,Any news?,True,2025-07-31T11:19:19
10400-8,10400,908,"Thanks for confirming, I've closed this out on our end.",True,2025-07-31T12:51:19
10400-9,10400,50926,"Perfect, thank you.",True,2025-07-31T13:57:19
10401-1,10401,51856,"Hi, I'm getting a payment error and can't finish my order.",True,2025-07-11T00:53:07
10401-2,10401,919,"Thanks for reaching out, let me look into this for you.",True,2025-07-11T03:47:07
10401-3,10401,51856,Is there an issue on your end with payments?,True,2025-07-11T06:52:07
10401-4,10401,919,"I understand the frustration, let's get this sorted out.",True,2025-07-11T07:34:07
10401-5,10401,51856,"OK, still waiting to hear back.",True,2025-07-11T10:28:07
10401-6,10401,919,"This has been taken care of, apologies again for the inconvenience.",True,2025-07-11T12:57:07
10401-7,10401,51856,Thanks for the help!,True,2025-07-11T14:00:07
10402-1,10402,51853,"Just wanted to say thank you, my order arrived early and in perfect condition.",True,2025-08-25T12:28:05
10402-2,10402,913,"I'm sorry for the trouble, checking your account now.",True,2025-08-25T15:52:05
10402-3,10402,51853,"Wanted this on record, you don't get enough good feedback.",True,2025-08-25T20:50:05
10402-4,10402,913,"I'm sorry for the trouble, checking your account now.",True,2025-08-26T00:05:05
10402-5,10402,51853,"OK, still waiting to hear back.",True,2025-08-26T01:50:05
10402-6,10402,913,"This has been taken care of, apologies again for the inconvenience.",True,2025-08-26T02:25:05
10402-7,10402,51853,"Great, appreciate the quick resolution.",True,2025-08-26T04:17:05
10403-1,10403,51641,Can you help me change the phone number linked to my account?,True,2025-07-18T11:46:26
10403-2,10403,909,"Thanks for reaching out, let me look into this for you.",True,2025-07-18T14:23:26
10403-3,10403,51641,Is this something I can do myself in settings?,True,2025-07-18T15:03:26
10404-1,10404,52646,I used the code NOVA5 but it didn't apply any discount at checkout.,True,2025-06-18T14:25:15
10404-2,10404,913,"Thanks for reaching out, let me look into this for you.",True,2025-06-18T15:53:15
10404-3,10404,52646,Can you apply it retroactively or refund the difference?,True,2025-06-18T17:03:15
10404-4,10404,913,"I've resolved this on our end, please let us know if you need anything else.",True,2025-06-18T21:14:15
10404-5,10404,52646,"OK thank you, that answers my question.",True,2025-06-18T22:28:15
10405-1,10405,51562,"Hi, my order arrived and the sneakers is broken, it won't turn on at all.",True,2025-07-13T11:08:27
10405-2,10405,908,"I understand the frustration, let's get this sorted out.",True,2025-07-13T13:03:27
10405-3,10405,51562,"I've tried everything, it's definitely faulty.",True,2025-07-13T13:42:27
10405-4,10405,908,"Thanks for the details, give me a moment to check on this.",True,2025-07-13T16:15:27
10405-5,10405,51562,Following up on this.,True,2025-07-13T17:29:27
10405-6,10405,908,"All set on our side now, thanks for your patience.",True,2025-07-13T19:49:27
10405-7,10405,51562,Thanks for the help!,True,2025-07-13T20:39:27
10406-1,10406,52421,"Hi, I was supposed to get a discount but my order #611560 was charged full price.",True,2025-06-10T11:06:49
10406-2,10406,913,"Thanks for reaching out, let me look into this for you.",True,2025-06-10T11:36:49
10406-3,10406,52421,"Actually, sorry, let me explain the real issue. Hi, I didn't get loyalty points for my last order #611560, can you check why?",True,2025-06-10T12:46:49
10406-4,10406,913,"Thanks for reaching out, let me look into this for you.",True,2025-06-10T16:31:49
10406-5,10406,52421,Following up on this.,True,2025-06-10T18:09:49
10407-1,10407,50884,"Hello, just checking on the status of order #532164, it's been a few days and I haven't heard anything.",True,2025-07-28T09:23:21
10407-2,10407,918,"I understand the frustration, let's get this sorted out.",True,2025-07-28T10:51:21
10407-3,10407,50884,Any update on this? It's been a while.,True,2025-07-28T13:15:21
10407-4,10407,918,"Thanks for the details, give me a moment to check on this.",True,2025-07-28T15:12:21
10407-5,10407,50884,Any news?,True,2025-07-28T18:31:21
10407-6,10407,918,"This has been taken care of, apologies again for the inconvenience.",True,2025-07-28T20:10:21
10407-7,10407,50884,"OK thank you, that answers my question.",True,2025-07-28T22:03:21
10408-1,10408,53394,"Hi, the color/size I received doesn't match order #428124 at all.",True,2025-08-05T17:06:05
10408-2,10408,909,"I'm sorry for the trouble, checking your account now.",True,2025-08-05T18:43:05
10408-3,10408,53394,Should I send this one back first?,True,2025-08-05T20:19:05
10408-4,10408,909,"All set on our side now, thanks for your patience.",True,2025-08-05T20:37:05
10408-5,10408,53394,"Great, appreciate the quick resolution.",True,2025-08-05T22:18:05
10409-1,10409,52914,"Hi, I can't log into my account, it keeps saying my password is wrong even after resetting it.",True,2025-07-31T08:45:25
10409-2,10409,919,"Thanks for the details, give me a moment to check on this.",True,2025-07-31T12:34:25
10409-3,10409,52914,Is there another way to verify my identity?,True,2025-07-31T13:26:25
10409-4,10409,919,"This has been taken care of, apologies again for the inconvenience.",True,2025-07-31T15:31:25
10409-5,10409,52914,"Perfect, thank you.",True,2025-07-31T17:01:25
10410-1,10410,51004,"Hi, my delivery is running late, I ordered the wireless headphones over a week ago.",True,2025-08-13T20:48:13
10410-2,10410,907,"I understand the frustration, let's get this sorted out.",True,2025-08-13T23:05:13
10410-3,10410,51004,Do you have an updated delivery estimate?,True,2025-08-14T02:33:13
10410-4,10410,907,"This has been taken care of, apologies again for the inconvenience.",True,2025-08-14T04:57:13
10410-5,10410,51004,"Perfect, thank you.",True,2025-08-14T05:42:13
10411-1,10411,50395,"Hi, my order arrived and teh smartwatch is broken, it won't turn on at all.",True,2025-08-04T11:25:30
10411-2,10411,925,"Thanks for reaching out, let me look into this for you.",True,2025-08-04T13:21:30
10411-3,10411,50395,"I've tried everything, it's definitely faulty.",True,2025-08-04T14:58:30
10411-4,10411,925,"All set on our side now, thanks for your patience.",True,2025-08-04T19:54:30
10411-5,10411,50395,"Great, appreciate the quick resolution.",True,2025-08-04T21:00:30
10412-1,10412,52980,Is there any way to get notified when the smartwatch is restocked?,True,2025-07-15T16:11:27
10412-2,10412,900,"I'm sorry for the trouble, checking your account now.",True,2025-07-15T18:00:27
10412-3,10412,52980,Can I reserve one in advance?,True,2025-07-15T22:46:27
10412-4,10412,900,"Thanks for reaching out, let me look into this for you.",True,2025-07-15T22:59:27
10412-5,10412,52980,Any news?,True,2025-07-16T02:11:27
10412-6,10412,900,"Thanks for reaching out, let me look into this for you.",True,2025-07-16T04:51:27
10412-7,10412,52980,Following up on this.,True,2025-07-16T05:19:27
10412-8,10412,900,"This has been taken care of, apologies again for the inconvenience.",True,2025-07-16T05:45:27
10412-9,10412,52980,"Great, appreciate the quick resolution.",True,2025-07-16T07:23:27
10413-1,10413,52659,"Hello, just checking on the status of order #523158, it's been a few days and I haven't heard anything.",True,2025-07-01T04:48:05
10413-2,10413,915,"I understand the frustration, let's get this sorted out.",True,2025-07-01T07:54:05
10413-3,10413,52659,"Still no movement on the tracking page, is that normal?",True,2025-07-01T10:13:05
10414-1,10414,52145,This might not be the right place but I wasn't sure where else to send this.,True,2025-07-26T04:10:03
10414-2,10414,908,"Thanks for the details, give me a moment to check on this.",True,2025-07-26T06:39:03
10414-3,10414,52145,Let me know if I should contact someone else instead.,True,2025-07-26T07:24:03
10414-4,10414,908,"I understand the frustration, let's get this sorted out.",True,2025-07-26T09:10:03
10414-5,10414,52145,Following up on this.,True,2025-07-26T10:06:03
10415-1,10415,52893,Where can I download a receipt for my recent purchase?,True,2025-06-14T13:10:52
10415-2,10415,924,"I'm sorry for the trouble, checking your account now.",True,2025-06-14T15:46:52
10415-3,10415,52893,I need this fairly soon for my records.,True,2025-06-14T16:47:52
10415-4,10415,924,"Thanks for the details, give me a moment to check on this.",True,2025-06-14T18:35:52
10415-5,10415,52893,Following up on this.,True,2025-06-14T20:41:52
10416-1,10416,51385,"Hi, quick question about your returns policy, can I return an item I already opened?",True,2025-06-22T19:05:52
10416-2,10416,907,"I understand the frustration, let's get this sorted out.",True,2025-06-22T20:32:52
10416-3,10416,51385,"Actually, sorry, let me explain the real issue. Hi, I didn't get loyalty points for my last order #932625, can you check why?",True,2025-06-23T01:21:52
10416-4,10416,907,"Thanks for confirming, I've closed this out on our end.",True,2025-06-23T03:12:52
10416-5,10416,51385,"OK thank you, that answers my question.",True,2025-06-23T04:12:52
10417-1,10417,51982,"Hi, the amount charged to my card doesn't match my order total, can you check?",True,2025-07-16T07:03:50
10417-2,10417,919,"Thanks for reaching out, let me look into this for you.",True,2025-07-16T08:28:50
10417-3,10417,51982,"I have both charges on my statement, want me to send a screenshot?",True,2025-07-16T13:11:50
10417-4,10417,919,"I understand the frustration, let's get this sorted out.",True,2025-07-16T13:45:50
10417-5,10417,51982,Any news?,True,2025-07-16T14:43:50
10417-6,10417,919,"Thanks for reaching out, let me look into this for you.",True,2025-07-16T17:10:50
10417-7,10417,51982,Any news?,True,2025-07-16T20:15:50
10417-8,10417,919,"This has been taken care of, apologies again for the inconvenience.",True,2025-07-16T23:34:50
10417-9,10417,51982,"Perfect, thank you.",True,2025-07-17T00:44:50
10418-1,10418,51872,"Hello, just checking on the status of order #313498, it's been a few days and I haven't heard anything.",True,2025-08-04T20:17:20
10418-2,10418,905,"Thanks for the details, give me a moment to check on this.",True,2025-08-04T23:10:20
10418-3,10418,51872,"Actually, sorry, let me explain the real issue. How many days do I have to return something after delivery?",True,2025-08-05T00:50:20
10418-4,10418,905,"This has been taken care of, apologies again for the inconvenience.",True,2025-08-05T04:25:20
10418-5,10418,51872,"Perfect, thank you.",True,2025-08-05T05:49:20
10419-1,10419,53599,Is there any way to get notified when the winter coat is restocked?,True,2025-06-25T19:32:26
10419-2,10419,920,"I understand the frustration, let's get this sorted out.",True,2025-06-25T22:35:26
10419-3,10419,53599,"I really want this before Jun 11, is that realistic?",True,2025-06-25T23:50:26
10419-4,10419,920,"Thanks for reaching out, let me look into this for you.",True,2025-06-26T00:36:26
10419-5,10419,53599,Any news?,True,2025-06-26T01:26:26
10419-6,10419,920,"All set on our side now, thanks for your patience.",True,2025-06-26T01:53:26
10419-7,10419,53599,"Perfect, thank you.",True,2025-06-26T02:19:26
10420-1,10420,53504,"I returned my order #311944 15 days ago and haven't seen a refund yet, can you check?",True,2025-08-09T06:24:07
10420-2,10420,918,"Thanks for reaching out, let me look into this for you.",True,2025-08-09T07:16:07
10420-3,10420,53504,It's been longer than the timeline you gave me.,True,2025-08-09T08:00:07
10420-4,10420,918,"This has been taken care of, apologies again for the inconvenience.",True,2025-08-09T09:23:07
10420-5,10420,53504,"Great, appreciate the quick resolution.",True,2025-08-09T11:06:07
10421-1,10421,51398,Order #775424 was supposed to arrive on Jun 30 and it's still not here. What's going on?,True,2025-07-02T20:50:29
10421-2,10421,908,"I understand the frustration, let's get this sorted out.",True,2025-07-02T21:01:29
10421-3,10421,51398,"It's been 8 extra days now, this is getting frustrating.",True,2025-07-02T21:46:29
10421-4,10421,908,"All set on our side now, thanks for your patience.",True,2025-07-03T02:26:29
10421-5,10421,51398,Thanks for the help!,True,2025-07-03T02:38:29
10422-1,10422,52533,"I returned my order #250456 5 days ago and haven't seen a refund yet, can you check?",True,2025-08-24T21:44:20
10422-2,10422,923,"Thanks for reaching out, let me look into this for you.",True,2025-08-25T00:29:20
10422-3,10422,52533,It's been longer than teh timeline you gave me.,True,2025-08-25T05:27:20
10422-4,10422,923,"I understand the frustration, let's get this sorted out.",True,2025-08-25T09:40:20
10422-5,10422,52533,Following up on this.,True,2025-08-25T11:02:20
10422-6,10422,923,"I understand the frustration, let's get this sorted out.",True,2025-08-25T13:49:20
10422-7,10422,52533,Following up on this.,True,2025-08-25T15:54:20
10422-8,10422,923,"All set on our side now, thanks for your patience.",True,2025-08-25T17:04:20
10422-9,10422,52533,"OK thank you, that answers my question.",True,2025-08-25T17:53:20
10423-1,10423,50591,"Hi, I have a question but I'm not totally sure it's the right team to ask.",True,2025-06-16T20:52:24
10423-2,10423,909,"I understand the frustration, let's get this sorted out.",True,2025-06-16T21:55:24
10423-3,10423,50591,Sorry if this isn't the right department.,True,2025-06-16T23:09:24
10423-4,10423,909,"Thanks for confirming, I've closed this out on our end.",True,2025-06-17T02:46:24
10423-5,10423,50591,"OK thank you, that answers my question.",True,2025-06-17T03:47:24
10424-1,10424,52962,"Hi, my delivery is running late, I ordered the bluetooth speaker over a week ago.",True,2025-06-20T17:57:45
10424-2,10424,916,"I understand the frustration, let's get this sorted out.",True,2025-06-20T19:18:45
10424-3,10424,52962,"It's been 9 extra days now, this is getting frustrating.",True,2025-06-20T19:54:45
10425-1,10425,52842,"I just opened my package for order #882208 and the sneakers is missing, only the rest of the items were inside.",True,2025-07-31T17:04:11
10425-2,10425,906,"Thanks for reaching out, let me look into this for you.",True,2025-07-31T20:24:11
10425-3,10425,52842,"I checked the box twice, it's definitely not there.",True,2025-07-31T21:23:11
10425-4,10425,906,"Thanks for reaching out, let me look into this for you.",True,2025-07-31T21:37:11
10425-5,10425,52842,"OK, still waiting to hear back.",True,2025-07-31T23:11:11
10425-6,10425,906,"Thanks for the details, give me a moment to check on this.",True,2025-08-01T00:41:11
10425-7,10425,52842,Following up on this.,True,2025-08-01T01:42:11
10426-1,10426,53392,"I moved recently and my order #206429 is still set to go to my old address, can this be fixed?",True,2025-08-04T01:02:11
10426-2,10426,914,"I'm sorry for the trouble, checking your account now.",True,2025-08-04T04:03:11
10426-3,10426,53392,Has the address been updated yet?,True,2025-08-04T05:11:11
10426-4,10426,914,"I'm sorry for the trouble, checking your account now.",True,2025-08-04T06:10:11
10426-5,10426,53392,Any news?,True,2025-08-04T07:57:11
10426-6,10426,914,"I've resolved this on our end, please let us know if you need anything else.",True,2025-08-04T09:44:11
10426-7,10426,53392,"Perfect, thank you.",True,2025-08-04T11:04:11
10427-1,10427,52014,This might not be the right place but I wasn't sure where else to send this.,True,2025-08-20T14:37:21
10427-2,10427,921,"I'm sorry for the trouble, checking your account now.",True,2025-08-20T17:33:21
10427-3,10427,52014,Sorry if this isn't the right department.,True,2025-08-20T20:27:21
10428-1,10428,50786,What benefits come with the premium membership tier?,True,2025-07-18T08:54:57
10428-2,10428,916,"I understand the frustration, let's get this sorted out.",True,2025-07-18T10:08:57
10428-3,10428,50786,Do points expire after a certain time?,True,2025-07-18T10:59:57
10429-1,10429,51239,"Hi, when will I get my money back for the item I sent back?",True,2025-07-13T18:59:24
10429-2,10429,912,"Thanks for the details, give me a moment to check on this.",True,2025-07-13T22:08:24
10429-3,10429,51239,It's been longer than the timeline you gave me.,True,2025-07-14T03:00:24
10429-4,10429,912,"Thanks for reaching out, let me look into this for you.",True,2025-07-14T07:00:24
10429-5,10429,51239,Any news?,True,2025-07-14T10:00:24
10429-6,10429,912,"Thanks for reaching out, let me look into this for you.",True,2025-07-14T12:20:24
10429-7,10429,51239,"OK, still waiting to hear back.",True,2025-07-14T12:35:24
10429-8,10429,912,"This has been taken care of, apologies again for the inconvenience.",True,2025-07-14T13:12:24
10429-9,10429,51239,Thanks for the help!,True,2025-07-14T14:04:24
10430-1,10430,50039,"The password reset link you sent isn't working, can you help me get back in?",True,2025-08-13T10:53:21
10430-2,10430,923,"Thanks for reaching out, let me look into this for you.",True,2025-08-13T14:08:21
10430-3,10430,50039,I've tried clearing my cache and cookies too.,True,2025-08-13T15:53:21
10430-4,10430,923,"This has been taken care of, apologies again for the inconvenience.",True,2025-08-13T16:49:21
10430-5,10430,50039,Thanks for the help!,True,2025-08-13T17:20:21
10431-1,10431,53348,"Hi, the desk lamp shows as out of stock, do yuo know when it'll be available again?",True,2025-07-16T02:00:38
10431-2,10431,906,"I'm sorry for the trouble, checking your account now.",True,2025-07-16T05:49:38
10431-3,10431,53348,"I really want this before Jul 06, is that realistic?",True,2025-07-16T07:02:38
10431-4,10431,906,"This has been taken care of, apologies again for the inconvenience.",True,2025-07-16T08:48:38
10431-5,10431,53348,"OK thank you, that answers my question.",True,2025-07-16T09:13:38
10432-1,10432,51747,The backpack I ordered stopped working after 14 days of normal use.,True,2025-08-06T22:36:15
10432-2,10432,908,"I understand the frustration, let's get this sorted out.",True,2025-08-07T02:10:15
10432-3,10432,51747,"Actually, sorry, let me explain teh real issue. This might not be the right place but I wasn't sure where else to send this.",True,2025-08-07T03:00:15
10432-4,10432,908,"All set on our side now, thanks for your patience.",True,2025-08-07T03:55:15
10432-5,10432,51747,Thanks for the help!,True,2025-08-07T05:29:15
10433-1,10433,52046,This might not be the right place but I wasn't sure where else to send this.,True,2025-06-29T12:47:34
10433-2,10433,909,"I understand the frustration, let's get this sorted out.",True,2025-06-29T14:35:34
10433-3,10433,52046,Sorry if this isn't the right department.,True,2025-06-29T18:42:34
10433-4,10433,909,"This has been taken care of, apologies again for the inconvenience.",True,2025-06-29T22:09:34
10433-5,10433,52046,"Perfect, thank you.",True,2025-06-29T23:54:34
10434-1,10434,51779,"Hi, my delivery is running late, I ordered teh running shoes over a week ago.",True,2025-08-22T09:47:11
10434-2,10434,925,"Thanks for the details, give me a moment to check on this.",True,2025-08-22T13:30:11
10434-3,10434,51779,"It's been 2 extra days now, this is getting frustrating.",True,2025-08-22T15:36:11
10434-4,10434,925,"I understand the frustration, let's get this sorted out.",True,2025-08-22T19:55:11
10434-5,10434,51779,Any news?,True,2025-08-22T21:55:11
10434-6,10434,925,"I've resolved this on our end, please let us know if you need anything else.",True,2025-08-22T22:45:11
10434-7,10434,51779,Thanks for the help!,True,2025-08-22T23:35:11
10435-1,10435,50963,"Hi, when will I get my money back for the item I sent back?",True,2025-08-13T03:32:13
10435-2,10435,916,"Thanks for the details, give me a moment to check on this.",True,2025-08-13T05:04:13
10435-3,10435,50963,My bank still shows no refund received.,True,2025-08-13T06:19:13
10435-4,10435,916,"This has been taken care of, apologies again for the inconvenience.",True,2025-08-13T06:38:13
10435-5,10435,50963,"Great, appreciate the quick resolution.",True,2025-08-13T07:24:13
10436-1,10436,52273,Order #233308 was supposed to arrive on Jun 20 and it's still not here. What's going on?,True,2025-07-01T03:12:44
10436-2,10436,910,"Thanks for reaching out, let me look into this for you.",True,2025-07-01T04:37:44
10436-3,10436,52273,"It's been 12 extra days now, this is getting frustrating.",True,2025-07-01T08:03:44
10436-4,10436,910,"All set on our side now, thanks for your patience.",True,2025-07-01T10:57:44
10436-5,10436,52273,"OK thank you, that answers my question.",True,2025-07-01T11:10:44
10437-1,10437,51490,"Hi, the color/size I received doesn't match order #443109 at all.",True,2025-06-23T10:40:14
10437-2,10437,924,"I'm sorry for the trouble, checking your account now.",True,2025-06-23T14:12:14
10437-3,10437,51490,Should I send this one back first?,True,2025-06-23T15:23:14
10437-4,10437,924,"I'm sorry for the trouble, checking your account now.",True,2025-06-23T16:04:14
10437-5,10437,51490,Following up on this.,True,2025-06-23T18:28:14
10437-6,10437,924,"Thanks for confirming, I've closed this out on our end.",True,2025-06-23T19:50:14
10437-7,10437,51490,Thanks for the help!,True,2025-06-23T20:49:14
10438-1,10438,50118,"Hi, when will I get my money back for the item I sent back?",True,2025-07-09T08:36:05
10438-2,10438,920,"I'm sorry for the trouble, checking your account now.",True,2025-07-09T09:51:05
10438-3,10438,50118,My bank still shows no refund received.,True,2025-07-09T13:53:05
10439-1,10439,52575,"Hi, I'd like to return the yoga mat from order #976686, can you send me a return label?",True,2025-07-07T00:03:11
10439-2,10439,913,"I'm sorry for the trouble, checking your account now.",True,2025-07-07T00:43:11
10439-3,10439,52575,Do I need to print anything or can I drop it off?,True,2025-07-07T01:45:11
10439-4,10439,913,"All set on our side now, thanks for your patience.",True,2025-07-07T03:55:11
10439-5,10439,52575,Thanks for the help!,True,2025-07-07T04:43:11
10440-1,10440,52628,I used teh code SUMMER20 but it didn't apply any discount at checkout.,True,2025-06-15T02:34:35
10440-2,10440,925,"I'm sorry for the trouble, checking your account now.",True,2025-06-15T06:14:35
10440-3,10440,52628,"Actually, sorry, let me explain teh real issue. Hi, I didn't get loyalty points for my last order #953922, can you check why?",True,2025-06-15T10:29:35
10440-4,10440,925,"I'm sorry for the trouble, checking your account now.",True,2025-06-15T11:57:35
10440-5,10440,52628,Any news?,True,2025-06-15T14:15:35
10440-6,10440,925,"I understand the frustration, let's get this sorted out.",True,2025-06-15T15:47:35
10440-7,10440,52628,Following up on this.,True,2025-06-15T18:39:35
10440-8,10440,925,"All set on our side now, thanks for your patience.",True,2025-06-15T20:30:35
10440-9,10440,52628,Thanks for the help!,True,2025-06-15T21:38:35
10441-1,10441,50819,"Hi, quick question about your returns policy, can I return an item I already opened?",True,2025-06-21T21:21:37
10441-2,10441,918,"Thanks for the details, give me a moment to check on this.",True,2025-06-22T00:36:37
10441-3,10441,50819,"Actually, sorry, let me explain the real issue. What benefits come with the premium membership tier?",True,2025-06-22T03:02:37
10441-4,10441,918,"Thanks for the details, give me a moment to check on this.",True,2025-06-22T04:55:37
10441-5,10441,50819,"OK, still waiting to hear back.",True,2025-06-22T06:30:37
10442-1,10442,52668,"Hi, my delivery is running late, I ordered the sneakers over a week ago.",True,2025-07-07T22:14:13
10442-2,10442,921,"I understand the frustration, let's get this sorted out.",True,2025-07-07T23:51:13
10442-3,10442,52668,"It's been 3 extra days now, this is getting frustrating.",True,2025-07-08T00:28:13
10442-4,10442,921,"Thanks for the details, give me a moment to check on this.",True,2025-07-08T05:28:13
10442-5,10442,52668,Following up on this.,True,2025-07-08T06:33:13
10442-6,10442,921,"Thanks for the details, give me a moment to check on this.",True,2025-07-08T06:49:13
10442-7,10442,52668,"OK, still waiting to hear back.",True,2025-07-08T07:02:13
10443-1,10443,52465,The running shoes I ordered stopped working after 11 days of normal use.,True,2025-07-15T18:05:30
10443-2,10443,924,"I understand the frustration, let's get this sorted out.",True,2025-07-15T19:27:30
10443-3,10443,52465,"I've tried everything, it's definitely faulty.",True,2025-07-15T22:52:30
10443-4,10443,924,"This has been taken care of, apologies again for the inconvenience.",True,2025-07-15T23:51:30
10443-5,10443,52465,"Perfect, thank you.",True,2025-07-16T00:50:30
10444-1,10444,50491,"I want to file a complaint, my overall experience with this order has been really disappointing.",True,2025-07-12T14:10:59
10444-2,10444,909,"Thanks for the details, give me a moment to check on this.",True,2025-07-12T16:11:59
10444-3,10444,50491,"Actually, sorry, let me explain the real issue. I got refunded for order #939444 but the amount is way less than what I paid.",True,2025-07-12T18:39:59
10444-4,10444,909,"Thanks for confirming, I've closed this out on our end.",True,2025-07-12T20:07:59
10444-5,10444,50491,Thanks for the help!,True,2025-07-12T20:15:59
10445-1,10445,52362,"The password reset link you sent isn't working, can you help me get back in?",True,2025-08-27T07:54:49
10445-2,10445,901,"I understand the frustration, let's get this sorted out.",True,2025-08-27T08:10:49
10445-3,10445,52362,Is there another way to verify my identity?,True,2025-08-27T13:06:49
10445-4,10445,901,"Thanks for reaching out, let me look into this for you.",True,2025-08-27T15:14:49
10445-5,10445,52362,Any news?,True,2025-08-27T16:37:49
10445-6,10445,901,"Thanks for confirming, I've closed this out on our end.",True,2025-08-27T17:09:49
10445-7,10445,52362,"OK thank you, that answers my question.",True,2025-08-27T18:59:49
10446-1,10446,52214,"Hi, when will I get my money back for the item I sent back?",True,2025-07-29T04:36:22
10446-2,10446,904,"Thanks for the details, give me a moment to check on this.",True,2025-07-29T05:03:22
10446-3,10446,52214,My bank still shows no refund received.,True,2025-07-29T06:23:22
10446-4,10446,904,"I'm sorry for the trouble, checking your account now.",True,2025-07-29T10:23:22
10446-5,10446,52214,Any news?,True,2025-07-29T10:43:22
10447-1,10447,53343,"Hi, I placed order #539328 on Jul 30 and I can't find any tracking info. Can you tell me where it is?",True,2025-08-03T02:21:25
10447-2,10447,925,"Thanks for the details, give me a moment to check on this.",True,2025-08-03T05:21:25
10447-3,10447,53343,Any update on this? It's been a while.,True,2025-08-03T09:41:25
10447-4,10447,925,"Thanks for the details, give me a moment to check on this.",True,2025-08-03T12:37:25
10447-5,10447,53343,Any news?,True,2025-08-03T15:07:25
10447-6,10447,925,"Thanks for confirming, I've closed this out on our end.",True,2025-08-03T17:30:25
10447-7,10447,53343,"Perfect, thank you.",True,2025-08-03T18:03:25
10448-1,10448,53417,"Hello, just checking on the status of order #932143, it's been a few days and I haven't heard anything.",True,2025-06-18T03:24:45
10448-2,10448,922,"I'm sorry for the trouble, checking your account now.",True,2025-06-18T03:53:45
10448-3,10448,53417,Any update on this? It's been a while.,True,2025-06-18T04:15:45
10448-4,10448,922,"I've resolved this on our end, please let us know if you need anything else.",True,2025-06-18T04:40:45
10448-5,10448,53417,"Perfect, thank you.",True,2025-06-18T04:53:45
10449-1,10449,50043,"I returned my order #418543 11 days ago and haven't seen a refund yet, can you check?",True,2025-07-02T05:39:24
10449-2,10449,922,"I understand the frustration, let's get this sorted out.",True,2025-07-02T06:49:24
10449-3,10449,50043,It's been longer than the timeline you gave me.,True,2025-07-02T10:15:24
10449-4,10449,922,"I understand the frustration, let's get this sorted out.",True,2025-07-02T13:24:24
10449-5,10449,50043,Any news?,True,2025-07-02T13:40:24
10449-6,10449,922,"I understand the frustration, let's get this sorted out.",True,2025-07-02T13:59:24
10449-7,10449,50043,Any news?,True,2025-07-02T14:31:24
10449-8,10449,922,"I've resolved this on our end, please let us know if you need anything else.",True,2025-07-02T15:45:24
10449-9,10449,50043,Thanks for the help!,True,2025-07-02T16:21:24
10450-1,10450,51322,"I returned my order #743529 2 days ago and haven't seen a refund yet, can you check?",True,2025-08-04T01:59:54
10450-2,10450,909,"I understand the frustration, let's get this sorted out.",True,2025-08-04T05:02:54
10450-3,10450,51322,It's been longer than the timeline you gave me.,True,2025-08-04T09:46:54
10451-1,10451,50449,Order #609867 was supposed to arrive on Aug 08 and it's still not here. What's going on?,True,2025-08-16T05:16:04
10451-2,10451,921,"I'm sorry for the trouble, checking your account now.",True,2025-08-16T07:27:04
10451-3,10451,50449,"It's been 8 extra days now, this is getting frustrating.",True,2025-08-16T11:24:04
10451-4,10451,921,"I've resolved this on our end, please let us know if you need anything else.",True,2025-08-16T12:25:04
10451-5,10451,50449,"OK thank you, that answers my question.",True,2025-08-16T13:26:04
10452-1,10452,51714,Is there any way to get notified when the running shoes is restocked?,True,2025-07-10T17:05:35
10452-2,10452,915,"Thanks for reaching out, let me look into this for you.",True,2025-07-10T17:45:35
10452-3,10452,51714,"I really want this before Jul 07, is that realistic?",True,2025-07-10T18:07:35
10452-4,10452,915,"I'm sorry for the trouble, checking your account now.",True,2025-07-10T19:01:35
10452-5,10452,51714,Following up on this.,True,2025-07-10T21:05:35
10452-6,10452,915,"All set on our side now, thanks for your patience.",True,2025-07-10T23:34:35
10452-7,10452,51714,Thanks for the help!,True,2025-07-11T00:40:35
10453-1,10453,52292,"Hi, my delivery is running late, I ordered teh wireless headphones over a week ago.",True,2025-06-14T09:58:19
10453-2,10453,901,"I'm sorry for the trouble, checking your account now.",True,2025-06-14T13:58:19
10453-3,10453,52292,"It's been 7 extra days now, this is getting frustrating.",True,2025-06-14T18:13:19
10453-4,10453,901,"I understand the frustration, let's get this sorted out.",True,2025-06-14T19:59:19
10453-5,10453,52292,"OK, still waiting to hear back.",True,2025-06-14T22:11:19
10453-6,10453,901,"I've resolved this on our end, please let us know if you need anything else.",True,2025-06-14T22:46:19
10453-7,10453,52292,"Great, appreciate the quick resolution.",True,2025-06-14T23:09:19
10454-1,10454,51956,"Hi, my delivry is running late, I ordered the leather wallet over a week ago.",True,2025-06-07T14:34:36
10454-2,10454,916,"I'm sorry for the trouble, checking your account now.",True,2025-06-07T14:46:36
10454-3,10454,51956,Do you have an updated delivery estimate?,True,2025-06-07T18:07:36
10454-4,10454,916,"I'm sorry for the trouble, checking your account now.",True,2025-06-07T20:12:36
10454-5,10454,51956,Following up on this.,True,2025-06-07T22:24:36
10455-1,10455,53166,"Hello, just checking on the status of order #188963, it's been a few days and I haven't heard anything.",True,2025-06-03T19:31:26
10455-2,10455,902,"Thanks for the details, give me a moment to check on this.",True,2025-06-03T23:10:26
10455-3,10455,53166,"Still no movement on the tracking page, is that normal?",True,2025-06-04T01:57:26
10455-4,10455,902,"I'm sorry for the trouble, checking your account now.",True,2025-06-04T06:53:26
10455-5,10455,53166,Any news?,True,2025-06-04T09:03:26
10455-6,10455,902,"I understand the frustration, let's get this sorted out.",True,2025-06-04T09:36:26
10455-7,10455,53166,Following up on this.,True,2025-06-04T11:13:26
10455-8,10455,902,"I've resolved this on our end, please let us know if you need anything else.",True,2025-06-04T13:35:26
10455-9,10455,53166,"Perfect, thank you.",True,2025-06-04T14:12:26
10456-1,10456,51282,"Hi, when will I get my money back for the item I sent back?",True,2025-07-22T12:28:12
10456-2,10456,910,"I'm sorry for the trouble, checking your account now.",True,2025-07-22T15:09:12
10456-3,10456,51282,It's been longer than the timeline you gave me.,True,2025-07-22T17:50:12
10456-4,10456,910,"I'm sorry for the trouble, checking your account now.",True,2025-07-22T22:37:12
10456-5,10456,51282,Following up on this.,True,2025-07-23T00:45:12
10456-6,10456,910,"All set on our side now, thanks for your patience.",True,2025-07-23T03:08:12
10456-7,10456,51282,"Great, appreciate the quick resolution.",True,2025-07-23T04:34:12
10457-1,10457,51006,The denim jacket I ordered stopped working after 6 days of normal use.,True,2025-06-25T15:26:59
10457-2,10457,912,"Thanks for reaching out, let me look into this for you.",True,2025-06-25T15:31:59
10457-3,10457,51006,Can I get a replacement or refund?,True,2025-06-25T17:17:59
10458-1,10458,51088,The winter coat I ordered stopped working after 7 days of normal use.,True,2025-07-28T04:07:31
10458-2,10458,901,"Thanks for reaching out, let me look into this for you.",True,2025-07-28T05:23:31
10458-3,10458,51088,"Actually, sorry, let me explain the real issue. Hi, the courier says my package for order #599508 was delivered but it's nowhere to be found.",True,2025-07-28T10:13:31
10459-1,10459,51760,"Hi, my order arrived and the bluetooth speaker is broken, it won't turn on at all.",True,2025-07-27T06:43:38
10459-2,10459,907,"Thanks for reaching out, let me look into this for you.",True,2025-07-27T09:06:38
10459-3,10459,51760,"I've tried everything, it's definitely faulty.",True,2025-07-27T10:38:38
10459-4,10459,907,"Thanks for reaching out, let me look into this for you.",True,2025-07-27T13:06:38
10459-5,10459,51760,"OK, still waiting to hear back.",True,2025-07-27T13:40:38
10459-6,10459,907,"Thanks for confirming, I've closed this out on our end.",True,2025-07-27T15:34:38
10459-7,10459,51760,"Great, appreciate the quick resolution.",True,2025-07-27T16:57:38
10460-1,10460,50978,"Hi, my order arrived and the smartwatch is broken, it won't turn on at all.",True,2025-07-23T18:14:55
10460-2,10460,921,"Thanks for reaching out, let me look into this for you.",True,2025-07-23T19:56:55
10460-3,10460,50978,Can I get a replacement or refund?,True,2025-07-24T00:43:55
10460-4,10460,921,"I understand the frustration, let's get this sorted out.",True,2025-07-24T02:38:55
10460-5,10460,50978,Following up on this.,True,2025-07-24T04:39:55
10460-6,10460,921,"Thanks for the details, give me a moment to check on this.",True,2025-07-24T06:16:55
10460-7,10460,50978,Any news?,True,2025-07-24T06:31:55
10460-8,10460,921,"Thanks for confirming, I've closed this out on our end.",True,2025-07-24T08:50:55
10460-9,10460,50978,"Great, appreciate the quick resolution.",True,2025-07-24T10:12:55
10461-1,10461,53227,"I returned my order #360849 5 days ago and haven't seen a refund yet, can yuo check?",True,2025-06-29T14:24:22
10461-2,10461,912,"Thanks for the details, give me a moment to check on this.",True,2025-06-29T15:57:22
10461-3,10461,53227,"Actually, sorry, let me explain the real issue. Hi, I need to update the email address on my account.",True,2025-06-29T19:22:22
10461-4,10461,912,"This has been taken care of, apologies again for the inconvenience.",True,2025-06-29T23:09:22
10461-5,10461,53227,"Perfect, thank you.",True,2025-06-29T23:48:22
10462-1,10462,50897,"Hi, could you send me an invoice for order #986993? I need it for accounting.",True,2025-07-25T12:45:33
10462-2,10462,918,"Thanks for the details, give me a moment to check on this.",True,2025-07-25T15:04:33
10462-3,10462,50897,"Actually, sorry, let me explain the real issue. Order #986993 shows as delivered but I never received anything. I've checked with neighbours and the building office.",True,2025-07-25T19:05:33
10462-4,10462,918,"I've resolved this on our end, please let us know if you need anything else.",True,2025-07-25T21:12:33
10462-5,10462,50897,Thanks for the help!,True,2025-07-25T21:46:33
10463-1,10463,50687,The sneakers I ordered stopped working after 3 days of normal use.,True,2025-08-27T12:05:12
10463-2,10463,907,"I'm sorry for the trouble, checking your account now.",True,2025-08-27T12:55:12
10463-3,10463,50687,"I've tried everything, it's definitely faulty.",True,2025-08-27T17:38:12
10463-4,10463,907,"Thanks for the details, give me a moment to check on this.",True,2025-08-27T19:53:12
10463-5,10463,50687,Any news?,True,2025-08-27T20:46:12
10464-1,10464,50198,"The password reset link you sent isn't working, can you help me get back in?",True,2025-06-13T00:59:15
10464-2,10464,915,"I understand the frustration, let's get this sorted out.",True,2025-06-13T01:21:15
10464-3,10464,50198,I've tried clearing my cache and cookies too.,True,2025-06-13T02:40:15
10464-4,10464,915,"I understand the frustration, let's get this sorted out.",True,2025-06-13T07:20:15
10464-5,10464,50198,Following up on this.,True,2025-06-13T09:50:15
10464-6,10464,915,"Thanks for confirming, I've closed this out on our end.",True,2025-06-13T13:05:15
10464-7,10464,50198,"Perfect, thank you.",True,2025-06-13T14:32:15
10465-1,10465,52060,"Hello, just checking on the status of order #485353, it's been a few days adn I haven't heard anything.",True,2025-06-04T07:33:13
10465-2,10465,915,"I understand the frustration, let's get this sorted out.",True,2025-06-04T08:33:13
10465-3,10465,52060,"Still no movement on the tracking page, is that normal?",True,2025-06-04T09:58:13
10465-4,10465,915,"Thanks for the details, give me a moment to check on this.",True,2025-06-04T11:19:13
10465-5,10465,52060,"OK, still waiting to hear back.",True,2025-06-04T13:10:13
10465-6,10465,915,"This has been taken care of, apologies again for the inconvenience.",True,2025-06-04T13:56:13
10465-7,10465,52060,"OK thank you, that answers my question.",True,2025-06-04T15:56:13
10466-1,10466,50838,"Hi, the courier says my package for order #252607 was delivered but it's nowhere to be found. Hi, when will I get my money back for the item I sent back?",True,2025-08-27T08:19:03
10466-2,10466,914,"I understand the frustration, let's get this sorted out.",True,2025-08-27T09:54:03
10466-3,10466,50838,Can yuo open an investigation with the carrier?,True,2025-08-27T10:24:03
10466-4,10466,914,"I'm sorry for the trouble, checking your account now.",True,2025-08-27T13:12:03
10466-5,10466,50838,"OK, still waiting to hear back.",True,2025-08-27T13:24:03
10466-6,10466,914,"Thanks for the details, give me a moment to check on this.",True,2025-08-27T14:11:03
10466-7,10466,50838,"OK, still waiting to hear back.",True,2025-08-27T14:36:03
10466-8,10466,914,"All set on our side now, thanks for your patience.",True,2025-08-27T16:56:03
10466-9,10466,50838,"OK thank you, that answers my question.",True,2025-08-27T17:04:03
10467-1,10467,51507,"Hi, I need to update the email address on my account.",True,2025-07-24T07:18:07
10467-2,10467,901,"I understand the frustration, let's get this sorted out.",True,2025-07-24T08:47:07
10467-3,10467,51507,I want to make sure I still get order notifications after the change.,True,2025-07-24T11:13:07
10467-4,10467,901,"Thanks for the details, give me a moment to check on this.",True,2025-07-24T12:10:07
10467-5,10467,51507,"OK, still waiting to hear back.",True,2025-07-24T14:00:07
10467-6,10467,901,"I've resolved this on our end, please let us know if you need anything else.",True,2025-07-24T14:20:07
10467-7,10467,51507,"Great, appreciate the quick resolution.",True,2025-07-24T14:42:07
10468-1,10468,51748,"Hi, I placed order #169445 on Aug 17 and I can't find any tracking info. Can you tell me where it is?",True,2025-08-23T09:11:13
10468-2,10468,917,"I understand the frustration, let's get this sorted out.",True,2025-08-23T09:36:13
10468-3,10468,51748,"Still no movement on the tracking page, is that normal?",True,2025-08-23T12:41:13
10468-4,10468,917,"Thanks for the details, give me a moment to check on this.",True,2025-08-23T15:03:13
10468-5,10468,51748,Following up on this.,True,2025-08-23T17:54:13
10468-6,10468,917,"All set on our side now, thanks for your patience.",True,2025-08-23T19:27:13
10468-7,10468,51748,"Great, appreciate the quick resolution.",True,2025-08-23T21:15:13
10469-1,10469,52084,"Hi, I placed order #720434 on Jul 26 and I can't find any tracking info. Can you tell me where it is?",True,2025-08-05T22:12:25
10469-2,10469,909,"Thanks for reaching out, let me look into this for you.",True,2025-08-05T22:56:25
10469-3,10469,52084,"Still no movement on the tracking page, is that normal?",True,2025-08-06T03:43:25
10469-4,10469,909,"This has been taken care of, apologies again for the inconvenience.",True,2025-08-06T08:43:25
10469-5,10469,52084,"OK thank you, that answers my question.",True,2025-08-06T10:07:25
10470-1,10470,51784,"Hi, I was only refunded part of my order, can you check what happened?",True,2025-06-15T00:31:26
10470-2,10470,912,"I'm sorry for the trouble, checking your account now.",True,2025-06-15T02:26:26
10470-3,10470,51784,I paid $93 and only got a fraction of that back.,True,2025-06-15T05:02:26
10470-4,10470,912,"Thanks for confirming, I've closed this out on our end.",True,2025-06-15T06:36:26
10470-5,10470,51784,Thanks for the help!,True,2025-06-15T08:30:26
10471-1,10471,50614,"I want to file a complaint, my overall experience with this order has been really disappointing.",True,2025-08-21T14:36:05
10471-2,10471,917,"Thanks for the details, give me a moment to check on this.",True,2025-08-21T17:34:05
10471-3,10471,50614,This isn't the first time either.,True,2025-08-21T18:28:05
10471-4,10471,917,"I've resolved this on our end, please let us know if you need anything else.",True,2025-08-21T21:16:05
10471-5,10471,50614,Thanks for the help!,True,2025-08-21T21:26:05
10472-1,10472,50440,"Hi, my order arrived and the backpack is broken, it won't turn on at all.",True,2025-07-27T00:26:53
10472-2,10472,908,"Thanks for the details, give me a moment to check on this.",True,2025-07-27T01:28:53
10472-3,10472,50440,Can I get a replacement or refund?,True,2025-07-27T01:54:53
10472-4,10472,908,"I understand the frustration, let's get this sorted out.",True,2025-07-27T04:57:53
10472-5,10472,50440,Any news?,True,2025-07-27T07:02:53
10472-6,10472,908,"Thanks for confirming, I've closed this out on our end.",True,2025-07-27T09:22:53
10472-7,10472,50440,"Great, appreciate the quick resolution.",True,2025-07-27T10:20:53
10473-1,10473,50985,"Hi, I placed order #716230 on Jun 11 and I can't find any tracking info. Can you tell me where it is?",True,2025-06-15T03:04:02
10473-2,10473,914,"I understand the frustration, let's get this sorted out.",True,2025-06-15T05:12:02
10473-3,10473,50985,Any update on this? It's been a while.,True,2025-06-15T08:51:02
10473-4,10473,914,"Thanks for the details, give me a moment to check on this.",True,2025-06-15T13:43:02
10473-5,10473,50985,"OK, still waiting to hear back.",True,2025-06-15T16:54:02
10473-6,10473,914,"All set on our side now, thanks for your patience.",True,2025-06-15T19:05:02
10473-7,10473,50985,"OK thank you, that answers my question.",True,2025-06-15T19:30:02
10474-1,10474,50764,"Hi, the amount charged to my card doesn't match my order total, can you check?",True,2025-08-27T23:27:25
10474-2,10474,915,"I'm sorry for the trouble, checking your account now.",True,2025-08-28T03:14:25
10474-3,10474,50764,This needs to be corrected soon.,True,2025-08-28T05:32:25
10475-1,10475,50828,"Hi, I placed order #478250 on May 24 and I can't find any tracking info. Can you tell me where it is?",True,2025-06-04T11:59:49
10475-2,10475,923,"Thanks for the details, give me a moment to check on this.",True,2025-06-04T13:29:49
10475-3,10475,50828,"Still no movement on the tracking page, is that normal?",True,2025-06-04T18:10:49
10476-1,10476,52206,"Hi, I placed order #717947 on Jun 23 and I can't find any tracking info. Can you tell me where it is?",True,2025-06-26T21:28:21
10476-2,10476,924,"Thanks for reaching out, let me look into this for you.",True,2025-06-27T01:21:21
10476-3,10476,52206,"Still no movement on teh tracking page, is that normal?",True,2025-06-27T03:28:21
10477-1,10477,50311,"Hi, I need to update the email address on my account.",True,2025-07-19T17:17:52
10477-2,10477,925,"Thanks for the details, give me a moment to check on this.",True,2025-07-19T19:43:52
10477-3,10477,50311,I want to make sure I still get order notifications after the change.,True,2025-07-19T20:52:52
10477-4,10477,925,"I've resolved this on our end, please let us know if you need anything else.",True,2025-07-19T23:50:52
10477-5,10477,50311,"OK thank you, that answers my question.",True,2025-07-20T01:22:52
10478-1,10478,50407,Order #406516 was supposed to arrive on Jul 28 and it's still not here. What's going on?,True,2025-08-06T12:55:16
10478-2,10478,904,"Thanks for reaching out, let me look into this for you.",True,2025-08-06T15:57:16
10478-3,10478,50407,"It's been 4 extra days now, this is getting frustrating.",True,2025-08-06T16:46:16
10478-4,10478,904,"Thanks for reaching out, let me look into this for you.",True,2025-08-06T17:58:16
10478-5,10478,50407,"OK, still waiting to hear back.",True,2025-08-06T19:09:16
10478-6,10478,904,"I'm sorry for the trouble, checking your account now.",True,2025-08-06T20:28:16
10478-7,10478,50407,Any news?,True,2025-08-06T21:07:16
10478-8,10478,904,"Thanks for confirming, I've closed this out on our end.",True,2025-08-06T22:43:16
10478-9,10478,50407,Thanks for the help!,True,2025-08-06T23:53:16
10479-1,10479,51446,"I want to file a complaint, my overall experience with this order has been really disappointing.",True,2025-06-18T05:31:34
10479-2,10479,905,"I'm sorry for the trouble, checking your account now.",True,2025-06-18T09:04:34
10479-3,10479,51446,I'd like to know how this will be addressed.,True,2025-06-18T13:19:34
10479-4,10479,905,"Thanks for confirming, I've closed this out on our end.",True,2025-06-18T13:44:34
10479-5,10479,51446,"OK thank you, that answers my question.",True,2025-06-18T14:02:34
10480-1,10480,53062,"Hi, I was supposed to get a discount but my order #918691 was charged full price.",True,2025-08-07T18:42:14
10480-2,10480,922,"Thanks for reaching out, let me look into this for you.",True,2025-08-07T19:35:14
10480-3,10480,53062,"Actually, sorry, let me explain the real issue. My card keeps getting declined when I try to check out, even though there are funds available.",True,2025-08-07T22:46:14
10480-4,10480,922,"I understand the frustration, let's get this sorted out.",True,2025-08-08T02:06:14
10480-5,10480,53062,Any news?,True,2025-08-08T02:17:14
10480-6,10480,922,"I've resolved this on our end, please let us know if you need anything else.",True,2025-08-08T04:25:14
10480-7,10480,53062,Thanks for the help!,True,2025-08-08T05:46:14
10481-1,10481,52559,"Hi, I'd like to return the leather wallet from order #427216, can you send me a return label?",True,2025-08-16T00:34:40
10481-2,10481,925,"I understand the frustration, let's get this sorted out.",True,2025-08-16T04:07:40
10481-3,10481,52559,Where do I send the package back to?,True,2025-08-16T05:35:40
10481-4,10481,925,"Thanks for the details, give me a moment to check on this.",True,2025-08-16T06:23:40
10481-5,10481,52559,Any news?,True,2025-08-16T06:52:40
10481-6,10481,925,"Thanks for the details, give me a moment to check on this.",True,2025-08-16T08:20:40
10481-7,10481,52559,"OK, still waiting to hear back.",True,2025-08-16T10:14:40
10482-1,10482,51484,"Hi, I'd like to return the phone case from order #229737, can you send me a return label?",True,2025-06-25T01:09:49
10482-2,10482,903,"Thanks for reaching out, let me look into this for you.",True,2025-06-25T04:53:49
10482-3,10482,51484,Where do I send the package back to?,True,2025-06-25T09:44:49
10482-4,10482,903,"Thanks for reaching out, let me look into this for you.",True,2025-06-25T10:45:49
10482-5,10482,51484,Any news?,True,2025-06-25T12:14:49
10482-6,10482,903,"Thanks for the details, give me a moment to check on this.",True,2025-06-25T12:47:49
10482-7,10482,51484,Following up on this.,True,2025-06-25T14:05:49
10482-8,10482,903,"I've resolved this on our end, please let us know if you need anything else.",True,2025-06-25T14:28:49
10482-9,10482,51484,Thanks for the help!,True,2025-06-25T15:48:49
10483-1,10483,52219,"Hi, I need to update the email address on my account.",True,2025-07-24T18:44:35
10483-2,10483,903,"I'm sorry for the trouble, checking your account now.",True,2025-07-24T21:57:35
10483-3,10483,52219,I want to make sure I still get order notifications after the change.,True,2025-07-25T01:35:35
10483-4,10483,903,"Thanks for confirming, I've closed this out on our end.",True,2025-07-25T03:21:35
10483-5,10483,52219,"OK thank you, that answers my question.",True,2025-07-25T03:53:35
10484-1,10484,51685,"Hi, I can't log into my account, it keeps saying my password is wrong even after resetting it.",True,2025-06-23T16:00:39
10484-2,10484,918,"I'm sorry for the trouble, checking your account now.",True,2025-06-23T17:09:39
10484-3,10484,51685,I've tried clearing my cache and cookies too.,True,2025-06-23T18:53:39
10484-4,10484,918,"This has been taken care of, apologies again for the inconvenience.",True,2025-06-23T21:10:39
10484-5,10484,51685,Thanks for the help!,True,2025-06-23T22:50:39
10485-1,10485,51132,The winter coat I received feels much cheaper than it looked in the photos.,True,2025-07-30T07:59:13
10485-2,10485,903,"Thanks for the details, give me a moment to check on this.",True,2025-07-30T09:40:13
10485-3,10485,51132,It just doesn't feel like a $102 item.,True,2025-07-30T13:37:13
10485-4,10485,903,"This has been taken care of, apologies again for the inconvenience.",True,2025-07-30T15:01:13
10485-5,10485,51132,"OK thank you, that answers my question.",True,2025-07-30T16:08:13
10486-1,10486,51774,"Hi, I was supposed to get a discount but my order #884674 was charged full price.",True,2025-08-11T02:58:56
10486-2,10486,914,"Thanks for reaching out, let me look into this for you.",True,2025-08-11T04:52:56
10486-3,10486,51774,The code was definitely still valid.,True,2025-08-11T09:04:56
10486-4,10486,914,"All set on our side now, thanks for your patience.",True,2025-08-11T11:08:56
10486-5,10486,51774,"OK thank you, that answers my question.",True,2025-08-11T13:00:56
10487-1,10487,51794,How many days do I have to return something after delivery?,True,2025-06-22T08:06:41
10487-2,10487,904,"Thanks for the details, give me a moment to check on this.",True,2025-06-22T10:59:41
10487-3,10487,51794,Does that apply to sale items too?,True,2025-06-22T14:35:41
10487-4,10487,904,"Thanks for reaching out, let me look into this for you.",True,2025-06-22T15:17:41
10487-5,10487,51794,Any news?,True,2025-06-22T16:28:41
10488-1,10488,50080,"Hi, when will I get my money back for the item I sent back?",True,2025-08-10T01:24:35
10488-2,10488,910,"I'm sorry for the trouble, checking your account now.",True,2025-08-10T02:38:35
10488-3,10488,50080,My bank still shows no refund received.,True,2025-08-10T06:13:35
10488-4,10488,910,"Thanks for the details, give me a moment to check on this.",True,2025-08-10T08:03:35
10488-5,10488,50080,Any news?,True,2025-08-10T08:24:35
10488-6,10488,910,"I understand the frustration, let's get this sorted out.",True,2025-08-10T10:05:35
10488-7,10488,50080,Following up on this.,True,2025-08-10T11:16:35
10488-8,10488,910,"Thanks for confirming, I've closed this out on our end.",True,2025-08-10T12:51:35
10488-9,10488,50080,Thanks for the help!,True,2025-08-10T14:07:35
10489-1,10489,50947,"I returned my order #874494 12 days ago and haven't seen a refund yet, can you check?",True,2025-06-19T15:44:29
10489-2,10489,913,"I understand the frustration, let's get this sorted out.",True,2025-06-19T19:44:29
10489-3,10489,50947,"Actually, sorry, let me explain the real issue. Hello, just checking on the status of order #874494, it's been a few days and I haven't heard anything.",True,2025-06-19T20:55:29
10489-4,10489,913,"I've resolved this on our end, please let us know if you need anything else.",True,2025-06-19T21:52:29
10489-5,10489,50947,"Perfect, thank you.",True,2025-06-19T22:08:29
10490-1,10490,52692,I used the code SUMMER20 but it didn't apply any discount at checkout.,True,2025-06-01T13:53:59
10490-2,10490,924,"I understand the frustration, let's get this sorted out.",True,2025-06-01T13:58:59
10490-3,10490,52692,Can you apply it retroactively or refund the difference?,True,2025-06-01T17:06:59
10490-4,10490,924,"I've resolved this on our end, please let us know if you need anything else.",True,2025-06-01T18:40:59
10490-5,10490,52692,"Perfect, thank you.",True,2025-06-01T20:10:59
10491-1,10491,53000,Order #583241 was supposed to arrive on Jun 18 and it's still not here. What's going on?,True,2025-06-20T00:43:12
10491-2,10491,905,"Thanks for the details, give me a moment to check on this.",True,2025-06-20T04:02:12
10491-3,10491,53000,"It's been 9 extra days now, this is getting frustrating.",True,2025-06-20T07:53:12
10491-4,10491,905,"I'm sorry for the trouble, checking your account now.",True,2025-06-20T08:35:12
10491-5,10491,53000,Any news?,True,2025-06-20T10:46:12
10491-6,10491,905,"I've resolved this on our end, please let us know if you need anything else.",True,2025-06-20T10:57:12
10491-7,10491,53000,"Great, appreciate the quick resolution.",True,2025-06-20T12:10:12
10492-1,10492,50867,Order #952072 shows as delivered but I never received anything. I've checked with neighbours and the building office.,True,2025-06-10T20:53:27
10492-2,10492,902,"I understand the frustration, let's get this sorted out.",True,2025-06-10T21:42:27
10492-3,10492,50867,Can you open an investigation with the carrier?,True,2025-06-11T00:14:27
10492-4,10492,902,"Thanks for confirming, I've closed this out on our end.",True,2025-06-11T00:34:27
10492-5,10492,50867,Thanks for the help!,True,2025-06-11T00:50:27
10493-1,10493,53018,The desk lamp I ordered stopped working after 13 days of normal use.,True,2025-08-18T00:31:07
10493-2,10493,922,"Thanks for reaching out, let me look into this for you.",True,2025-08-18T04:28:07
10493-3,10493,53018,"I've tried everything, it's definitely faulty.",True,2025-08-18T08:58:07
10493-4,10493,922,"Thanks for reaching out, let me look into this for you.",True,2025-08-18T11:11:07
10493-5,10493,53018,Following up on this.,True,2025-08-18T12:47:07
10493-6,10493,922,"All set on our side now, thanks for your patience.",True,2025-08-18T15:14:07
10493-7,10493,53018,"Great, appreciate the quick resolution.",True,2025-08-18T16:01:07
10494-1,10494,50572,"Hello, just checking on the status of order #255002, it's been a few days and I haven't heard anything.",True,2025-08-03T14:29:40
10494-2,10494,925,"Thanks for reaching out, let me look into this for you.",True,2025-08-03T14:42:40
10494-3,10494,50572,Any update on this? It's been a while.,True,2025-08-03T15:05:40
10494-4,10494,925,"I've resolved this on our end, please let us know if you need anything else.",True,2025-08-03T15:30:40
10494-5,10494,50572,"Great, appreciate the quick resolution.",True,2025-08-03T15:45:40
10495-1,10495,53225,"Hi, the quality of this item really doesn't match the product description on the site.",True,2025-07-26T01:21:01
10495-2,10495,920,"I understand the frustration, let's get this sorted out.",True,2025-07-26T02:39:01
10495-3,10495,53225,It just doesn't feel like a $44 item.,True,2025-07-26T07:16:01
10495-4,10495,920,"I've resolved this on our end, please let us know if you need anything else.",True,2025-07-26T08:43:01
10495-5,10495,53225,"OK thank you, that answers my question.",True,2025-07-26T09:28:01
10496-1,10496,52454,Order #462127 shows as delivered but I never received anything. I've checked with neighbours and the building office.,True,2025-06-24T18:47:56
10496-2,10496,901,"Thanks for the details, give me a moment to check on this.",True,2025-06-24T19:50:56
10496-3,10496,52454,"I've looked everywhere, it's genuinely not here.",True,2025-06-24T23:09:56
10496-4,10496,901,"Thanks for confirming, I've closed this out on our end.",True,2025-06-25T02:26:56
10496-5,10496,52454,Thanks for the help!,True,2025-06-25T04:04:56
10497-1,10497,51665,The bluetooth speaker I ordered stopped working after 14 days of normal use.,True,2025-07-25T19:18:54
10497-2,10497,906,"I understand the frustration, let's get this sorted out.",True,2025-07-25T23:04:54
10497-3,10497,51665,"I've tried everything, it's definitely faulty.",True,2025-07-26T01:23:54
10497-4,10497,906,"Thanks for reaching out, let me look into this for you.",True,2025-07-26T06:17:54
10497-5,10497,51665,Following up on this.,True,2025-07-26T07:33:54
10497-6,10497,906,"Thanks for the details, give me a moment to check on this.",True,2025-07-26T10:50:54
10497-7,10497,51665,"OK, still waiting to hear back.",True,2025-07-26T13:44:54
10498-1,10498,52164,Order #168713 was supposed to arrive on Jun 20 and it's still not here. What's going on?,True,2025-06-25T09:01:15
10498-2,10498,920,"I'm sorry for the trouble, checking your account now.",True,2025-06-25T10:22:15
10498-3,10498,52164,"It's been 8 extra days now, this is getting frustrating.",True,2025-06-25T10:42:15
10498-4,10498,920,"I'm sorry for the trouble, checking your account now.",True,2025-06-25T14:26:15
10498-5,10498,52164,Following up on this.,True,2025-06-25T16:10:15
10499-1,10499,51892,"Hi, when will I get my money back for the item I sent back?",True,2025-06-27T13:03:40
10499-2,10499,901,"I'm sorry for the trouble, checking your account now.",True,2025-06-27T15:27:40
10499-3,10499,51892,It's been longer than the timeline you gave me.,True,2025-06-27T18:07:40
10499-4,10499,901,"I understand the frustration, let's get this sorted out.",True,2025-06-27T18:28:40
10499-5,10499,51892,Any news?,True,2025-06-27T20:14:40
10499-6,10499,901,"All set on our side now, thanks for your patience.",True,2025-06-27T22:09:40
10499-7,10499,51892,Thanks for the help!,True,2025-06-27T23:19:40
10500-1,10500,53401,I got refunded for order #972156 but the amount is way less than what I paid.,True,2025-08-28T12:24:08
10500-2,10500,908,"I'm sorry for the trouble, checking your account now.",True,2025-08-28T13:24:08
10500-3,10500,53401,I paid $102 and only got a fraction of that back.,True,2025-08-28T16:35:08
10500-4,10500,908,"Thanks for reaching out, let me look into this for you.",True,2025-08-28T18:56:08
10500-5,10500,53401,Following up on this.,True,2025-08-28T20:47:08
10501-1,10501,52954,"Hi, I have a question but I'm not totally sure it's the right team to ask.",True,2025-06-05T09:34:38
10501-2,10501,925,"I understand the frustration, let's get this sorted out.",True,2025-06-05T09:49:38
10501-3,10501,52954,Let me know if I should contact someone else instead.,True,2025-06-05T10:16:38
10501-4,10501,925,"I understand the frustration, let's get this sorted out.",True,2025-06-05T11:08:38
10501-5,10501,52954,Any news?,True,2025-06-05T12:41:38
10501-6,10501,925,"I understand the frustration, let's get this sorted out.",True,2025-06-05T13:15:38
10501-7,10501,52954,Any news?,True,2025-06-05T15:33:38
10501-8,10501,925,"I've resolved this on our end, please let us know if you need anything else.",True,2025-06-05T18:04:38
10501-9,10501,52954,"Great, appreciate the quick resolution.",True,2025-06-05T18:10:38
10502-1,10502,52400,"Hi, my order arrived and the sunglasses is broken, it won't turn on at all.",True,2025-07-08T18:37:07
10502-2,10502,903,"Thanks for reaching out, let me look into this for you.",True,2025-07-08T21:14:07
10502-3,10502,52400,"I've tried everything, it's definitely faulty.",True,2025-07-09T00:56:07
10502-4,10502,903,"All set on our side now, thanks for your patience.",True,2025-07-09T02:55:07
10502-5,10502,52400,Thanks for the help!,True,2025-07-09T03:17:07
10503-1,10503,50445,The phone case I ordered stopped working after 4 days of normal use.,True,2025-06-22T01:23:25
10503-2,10503,917,"I'm sorry for the trouble, checking your account now.",True,2025-06-22T04:02:25
10503-3,10503,50445,"I've tried everything, it's definitely faulty.",True,2025-06-22T04:49:25
10503-4,10503,917,"I've resolved this on our end, please let us know if you need anything else.",True,2025-06-22T08:50:25
10503-5,10503,50445,"Perfect, thank you.",True,2025-06-22T09:06:25
10504-1,10504,53397,"Hi, I'd like to return the winter coat from order #616293, can you send me a return label?",True,2025-08-10T19:36:50
10504-2,10504,911,"Thanks for reaching out, let me look into this for you.",True,2025-08-10T20:30:50
10504-3,10504,53397,"Actually, sorry, let me explain the real issue. Order #616293 was supposed to arrive on Jul 28 and it's still not here. What's going on?",True,2025-08-11T01:06:50
10504-4,10504,911,"I've resolved this on our end, please let us know if you need anything else.",True,2025-08-11T01:29:50
10504-5,10504,53397,"Great, appreciate the quick resolution.",True,2025-08-11T02:15:50
10505-1,10505,51457,Order #699828 was supposed to arrive on Jul 13 and it's still not here. What's going on?,True,2025-07-17T08:05:35
10505-2,10505,901,"Thanks for reaching out, let me look into this for you.",True,2025-07-17T08:20:35
10505-3,10505,51457,Do you have an updated delivry estimate?,True,2025-07-17T10:33:35
10505-4,10505,901,"I'm sorry for the trouble, checking your account now.",True,2025-07-17T15:13:35
10505-5,10505,51457,Any news?,True,2025-07-17T16:50:35
10505-6,10505,901,"I understand the frustration, let's get this sorted out.",True,2025-07-17T18:00:35
10505-7,10505,51457,Following up on this.,True,2025-07-17T21:00:35
10506-1,10506,50218,Is there any way to get notified when the sunglasses is restocked?,True,2025-07-12T02:23:44
10506-2,10506,903,"Thanks for the details, give me a moment to check on this.",True,2025-07-12T04:23:44
10506-3,10506,50218,Can I reserve one in advance?,True,2025-07-12T05:57:44
10506-4,10506,903,"I understand the frustration, let's get this sorted out.",True,2025-07-12T09:42:44
10506-5,10506,50218,Any news?,True,2025-07-12T12:40:44
10506-6,10506,903,"Thanks for confirming, I've closed this out on our end.",True,2025-07-12T15:11:44
10506-7,10506,50218,"Perfect, thank you.",True,2025-07-12T15:27:44
10507-1,10507,50601,"I was charged twice for order #424632, can you refund the duplicate?",True,2025-06-27T19:08:01
10507-2,10507,910,"I'm sorry for the trouble, checking your account now.",True,2025-06-27T22:32:01
10507-3,10507,50601,This needs to be corrected soon.,True,2025-06-28T02:22:01
10507-4,10507,910,"Thanks for reaching out, let me look into this for you.",True,2025-06-28T07:20:01
10507-5,10507,50601,Following up on this.,True,2025-06-28T09:14:01
10507-6,10507,910,"Thanks for confirming, I've closed this out on our end.",True,2025-06-28T12:23:01
10507-7,10507,50601,"OK thank you, that answers my question.",True,2025-06-28T12:47:01
10508-1,10508,52629,"Hi, my order arrived and the sunglasses is broken, it won't turn on at all.",True,2025-06-20T15:39:19
10508-2,10508,914,"Thanks for reaching out, let me look into this for you.",True,2025-06-20T18:07:19
10508-3,10508,52629,"I've tried everything, it's definitely faulty.",True,2025-06-20T20:42:19
10508-4,10508,914,"Thanks for reaching out, let me look into this for you.",True,2025-06-20T23:48:19
10508-5,10508,52629,Following up on this.,True,2025-06-21T00:34:19
10508-6,10508,914,"I understand the frustration, let's get this sorted out.",True,2025-06-21T03:08:19
10508-7,10508,52629,"OK, still waiting to hear back.",True,2025-06-21T04:45:19
10509-1,10509,52771,"I was charged twice for order #501010, can you refund the duplicate?",True,2025-06-25T05:10:05
10509-2,10509,904,"I'm sorry for the trouble, checking your account now.",True,2025-06-25T09:00:05
10509-3,10509,52771,This needs to be corrected soon.,True,2025-06-25T10:47:05
10509-4,10509,904,"Thanks for reaching out, let me look into this for you.",True,2025-06-25T13:49:05
10509-5,10509,52771,"OK, still waiting to hear back.",True,2025-06-25T15:03:05
10509-6,10509,904,"I understand the frustration, let's get this sorted out.",True,2025-06-25T16:21:05
10509-7,10509,52771,"OK, still waiting to hear back.",True,2025-06-25T18:49:05
10509-8,10509,904,"All set on our side now, thanks for your patience.",True,2025-06-25T20:00:05
10509-9,10509,52771,"Perfect, thank you.",True,2025-06-25T21:53:05
10510-1,10510,51959,"The password reset link yuo sent isn't working, can you help me get back in?",True,2025-06-01T14:13:42
10510-2,10510,924,"Thanks for reaching out, let me look into this for you.",True,2025-06-01T17:48:42
10510-3,10510,51959,I've tried clearing my cache and cookies too.,True,2025-06-01T18:22:42
10510-4,10510,924,"Thanks for the details, give me a moment to check on this.",True,2025-06-01T19:00:42
10510-5,10510,51959,Any news?,True,2025-06-01T19:30:42
10510-6,10510,924,"All set on our side now, thanks for your patience.",True,2025-06-01T22:21:42
10510-7,10510,51959,"OK thank you, that answers my question.",True,2025-06-01T22:32:42
10511-1,10511,52629,"Hi, when will I get my money back for the item I sent back?",True,2025-06-05T13:52:46
10511-2,10511,913,"I'm sorry for the trouble, checking your account now.",True,2025-06-05T17:43:46
10511-3,10511,52629,"Actually, sorry, let me explain the real issue. Hi, the amount charged to my card doesn't match my order total, can you check?",True,2025-06-05T21:19:46
10511-4,10511,913,"I understand the frustration, let's get this sorted out.",True,2025-06-06T02:13:46
10511-5,10511,52629,Following up on this.,True,2025-06-06T05:28:46
10512-1,10512,50093,"Hi, my order arrived but it's short one item, the box wasn't damaged so I'm not sure what happened.",True,2025-08-01T09:45:34
10512-2,10512,912,"I understand the frustration, let's get this sorted out.",True,2025-08-01T13:44:34
10512-3,10512,50093,Can you send teh missing item or refund it?,True,2025-08-01T14:49:34
10513-1,10513,50001,Order #638228 shows as delivered but I never received anything. I've checked with neighbours and the building office.,True,2025-08-08T07:08:27
10513-2,10513,912,"Thanks for reaching out, let me look into this for you.",True,2025-08-08T09:44:27
10513-3,10513,50001,Can yuo open an investigation with the carrier?,True,2025-08-08T11:20:27
10513-4,10513,912,"Thanks for reaching out, let me look into this for you.",True,2025-08-08T14:00:27
10513-5,10513,50001,Any news?,True,2025-08-08T16:00:27
10514-1,10514,51631,"Hi, I need to update the email address on my account.",True,2025-08-24T10:33:09
10514-2,10514,915,"I'm sorry for the trouble, checking your account now.",True,2025-08-24T14:26:09
10514-3,10514,51631,I want to make sure I still get order notifications after the change.,True,2025-08-24T15:28:09
10514-4,10514,915,"Thanks for confirming, I've closed this out on our end.",True,2025-08-24T19:12:09
10514-5,10514,51631,"OK thank you, that answers my question.",True,2025-08-24T20:57:09
10515-1,10515,53582,"Hi, my order arrived and teh winter coat is broken, it won't turn on at all.",True,2025-06-11T11:11:54
10515-2,10515,917,"I understand the frustration, let's get this sorted out.",True,2025-06-11T14:20:54
10515-3,10515,53582,"I've tried everything, it's definitely faulty.",True,2025-06-11T17:56:54
10515-4,10515,917,"Thanks for confirming, I've closed this out on our end.",True,2025-06-11T21:58:54
10515-5,10515,53582,"OK thank you, that answers my question.",True,2025-06-11T22:33:54
10516-1,10516,51495,"Hi, I placed order #981517 on Jul 14 and I can't find any tracking info. Can you tell me where it is?",True,2025-07-20T05:00:09
10516-2,10516,924,"Thanks for the details, give me a moment to check on this.",True,2025-07-20T08:23:09
10516-3,10516,51495,"Still no movement on the tracking page, is that normal?",True,2025-07-20T13:09:09
10516-4,10516,924,"Thanks for reaching out, let me look into this for you.",True,2025-07-20T16:46:09
10516-5,10516,51495,Following up on this.,True,2025-07-20T19:09:09
10516-6,10516,924,"This has been taken care of, apologies again for the inconvenience.",True,2025-07-20T20:03:09
10516-7,10516,51495,"OK thank you, that answers my question.",True,2025-07-20T20:49:09
10517-1,10517,51761,The denim jacket I ordered stopped working after 2 days of normal use.,True,2025-06-27T06:54:50
10517-2,10517,919,"Thanks for the details, give me a moment to check on this.",True,2025-06-27T09:32:50
10517-3,10517,51761,Can I get a replacement or refund?,True,2025-06-27T14:01:50
10517-4,10517,919,"I've resolved this on our end, please let us know if you need anything else.",True,2025-06-27T15:17:50
10517-5,10517,51761,Thanks for the help!,True,2025-06-27T16:44:50
10518-1,10518,52847,Order #670392 was supposed to arrive on Jun 20 adn it's still not here. What's going on?,True,2025-07-03T11:44:59
10518-2,10518,920,"Thanks for reaching out, let me look into this for you.",True,2025-07-03T14:26:59
10518-3,10518,52847,Do you have an updated delivery estimate?,True,2025-07-03T18:32:59
10518-4,10518,920,"Thanks for confirming, I've closed this out on our end.",True,2025-07-03T23:19:59
10518-5,10518,52847,"OK thank you, that answers my question.",True,2025-07-04T00:28:59
10519-1,10519,51311,"Hi, I placed order #774554 on Jun 27 and I can't find any tracking info. Can you tell me where it is?",True,2025-07-15T22:57:47
10519-2,10519,916,"Thanks for reaching out, let me look into this for you.",True,2025-07-16T02:48:47
10519-3,10519,51311,"Still no movement on the tracking page, is that normal?",True,2025-07-16T06:02:47
10519-4,10519,916,"Thanks for reaching out, let me look into this for you.",True,2025-07-16T10:05:47
10519-5,10519,51311,"OK, still waiting to hear back.",True,2025-07-16T13:07:47
10519-6,10519,916,"This has been taken care of, apologies again for the inconvenience.",True,2025-07-16T13:59:47
10519-7,10519,51311,"Perfect, thank you.",True,2025-07-16T15:43:47
10520-1,10520,52431,Where can I download a receipt for my recent purchase?,True,2025-07-03T03:11:52
10520-2,10520,912,"I'm sorry for the trouble, checking your account now.",True,2025-07-03T04:12:52
10520-3,10520,52431,Can it include the VAT breakdown?,True,2025-07-03T09:01:52
10520-4,10520,912,"All set on our side now, thanks for your patience.",True,2025-07-03T10:35:52
10520-5,10520,52431,"Perfect, thank you.",True,2025-07-03T11:03:52
10521-1,10521,50686,Order #828338 was supposed to arrive on Aug 18 and it's still not here. What's going on?,True,2025-08-26T02:42:37
10521-2,10521,918,"Thanks for the details, give me a moment to check on this.",True,2025-08-26T04:21:37
10521-3,10521,50686,Do you have an updated delivery estimate?,True,2025-08-26T04:44:37
10521-4,10521,918,"Thanks for confirming, I've closed this out on our end.",True,2025-08-26T09:40:37
10521-5,10521,50686,"Perfect, thank you.",True,2025-08-26T11:23:37
10522-1,10522,50491,"Hi, I placed order #972831 on Aug 11 and I can't find any tracking info. Can you tell me where it is?",True,2025-08-15T00:46:36
10522-2,10522,921,"Thanks for reaching out, let me look into this for you.",True,2025-08-15T04:14:36
10522-3,10522,50491,"Still no movement on the tracking page, is that normal?",True,2025-08-15T05:08:36
10522-4,10522,921,"All set on our side now, thanks for your patience.",True,2025-08-15T08:04:36
10522-5,10522,50491,Thanks for the help!,True,2025-08-15T08:34:36
10523-1,10523,53348,"Hello, just checking on the status of order #937606, it's been a few days and I haven't heard anything.",True,2025-08-16T23:50:33
10523-2,10523,913,"Thanks for reaching out, let me look into this for you.",True,2025-08-17T01:07:33
10523-3,10523,53348,"Still no movement on the tracking page, is that normal?",True,2025-08-17T01:35:33
10523-4,10523,913,"Thanks for reaching out, let me look into this for you.",True,2025-08-17T06:15:33
10523-5,10523,53348,Following up on this.,True,2025-08-17T09:23:33
10523-6,10523,913,"I understand the frustration, let's get this sorted out.",True,2025-08-17T11:47:33
10523-7,10523,53348,"OK, still waiting to hear back.",True,2025-08-17T14:20:33
10523-8,10523,913,"This has been taken care of, apologies again for the inconvenience.",True,2025-08-17T17:04:33
10523-9,10523,53348,"OK thank you, that answers my question.",True,2025-08-17T18:45:33
10524-1,10524,51647,"Hi, my order arrived and the winter coat is broken, it won't turn on at all.",True,2025-08-25T02:55:21
10524-2,10524,905,"Thanks for the details, give me a moment to check on this.",True,2025-08-25T05:10:21
10524-3,10524,51647,Can I get a replacement or refund?,True,2025-08-25T07:43:21
10524-4,10524,905,"Thanks for the details, give me a moment to check on this.",True,2025-08-25T11:29:21
10524-5,10524,51647,Following up on this.,True,2025-08-25T14:41:21
10524-6,10524,905,"I'm sorry for the trouble, checking your account now.",True,2025-08-25T16:04:21
10524-7,10524,51647,"OK, still waiting to hear back.",True,2025-08-25T18:22:21
10525-1,10525,50104,"Hi, I placed order #263518 on May 22 and I can't find any tracking info. Can you tell me where it is?",True,2025-06-01T13:40:56
10525-2,10525,904,"Thanks for the details, give me a moment to check on this.",True,2025-06-01T17:09:56
10525-3,10525,50104,Any update on this? It's been a while.,True,2025-06-01T20:01:56
10525-4,10525,904,"I've resolved this on our end, please let us know if you need anything else.",True,2025-06-01T21:57:56
10525-5,10525,50104,"Great, appreciate the quick resolution.",True,2025-06-01T23:08:56
10526-1,10526,52793,"Hi, my order arrived and the winter coat is broken, it won't turn on at all.",True,2025-06-26T21:12:54
10526-2,10526,903,"I understand the frustration, let's get this sorted out.",True,2025-06-27T01:07:54
10526-3,10526,52793,Can I get a replacement or refund?,True,2025-06-27T03:46:54
10526-4,10526,903,"I'm sorry for the trouble, checking your account now.",True,2025-06-27T05:12:54
10526-5,10526,52793,Following up on this.,True,2025-06-27T06:55:54
10526-6,10526,903,"All set on our side now, thanks for your patience.",True,2025-06-27T10:14:54
10526-7,10526,52793,"Great, appreciate the quick resolution.",True,2025-06-27T10:55:54
10527-1,10527,52898,Order #976964 was supposed to arrive on Jun 07 and it's still not here. What's going on? Order #976964 shows as delivered but I never received anything. I've checked with neighbours and the building office.,True,2025-06-10T15:15:47
10527-2,10527,917,"Thanks for reaching out, let me look into this for you.",True,2025-06-10T19:06:47
10527-3,10527,52898,"It's been 5 extra days now, this is getting frustrating.",True,2025-06-10T23:42:47
10527-4,10527,917,"Thanks for confirming, I've closed this out on our end.",True,2025-06-11T03:24:47
10527-5,10527,52898,Thanks for the help!,True,2025-06-11T04:13:47
10528-1,10528,50724,"Hi, I was only refunded part of my order, can you check what happened?",True,2025-07-02T20:46:30
10528-2,10528,925,"Thanks for reaching out, let me look into this for you.",True,2025-07-02T23:29:30
10528-3,10528,50724,"Actually, sorry, let me explain the real issue. I moved recently and my order #372986 is still set to go to my old address, can this be fixed?",True,2025-07-03T04:00:30
10528-4,10528,925,"This has been taken care of, apologies again for the inconvenience.",True,2025-07-03T05:02:30
10528-5,10528,50724,"OK thank you, that answers my question.",True,2025-07-03T06:38:30
10529-1,10529,50812,"I want to file a complaint, my overall experience with this order has been really disappointing.",True,2025-08-06T07:00:13
10529-2,10529,914,"I'm sorry for the trouble, checking your account now.",True,2025-08-06T10:57:13
10529-3,10529,50812,This isn't the first time either.,True,2025-08-06T14:37:13
10529-4,10529,914,"Thanks for reaching out, let me look into this for you.",True,2025-08-06T18:25:13
10529-5,10529,50812,Any news?,True,2025-08-06T21:18:13
10529-6,10529,914,"This has been taken care of, apologies again for the inconvenience.",True,2025-08-06T22:28:13
10529-7,10529,50812,"Great, appreciate the quick resolution.",True,2025-08-06T23:03:13
10530-1,10530,53233,What's the process to send back an item I ordered? It doesn't fit.,True,2025-07-20T04:00:13
10530-2,10530,918,"Thanks for the details, give me a moment to check on this.",True,2025-07-20T04:10:13
10530-3,10530,53233,Where do I send the package back to?,True,2025-07-20T06:33:13
10530-4,10530,918,"Thanks for reaching out, let me look into this for you.",True,2025-07-20T10:58:13
10530-5,10530,53233,Any news?,True,2025-07-20T11:54:13
10531-1,10531,50286,Can you help me change the phone number linked to my account?,True,2025-06-23T10:27:42
10531-2,10531,905,"I'm sorry for the trouble, checking your account now.",True,2025-06-23T14:26:42
10531-3,10531,50286,I want to make sure I stil get order notifications after the change.,True,2025-06-23T15:42:42
10531-4,10531,905,"I've resolved this on our end, please let us know if you need anything else.",True,2025-06-23T16:42:42
10531-5,10531,50286,"Great, appreciate the quick resolution.",True,2025-06-23T17:57:42
10532-1,10532,52124,"Hi, when will I get my money back for the item I sent back?",True,2025-07-22T18:49:28
10532-2,10532,916,"Thanks for reaching out, let me look into this for you.",True,2025-07-22T22:16:28
10532-3,10532,52124,It's been longer than the timeline you gave me.,True,2025-07-23T00:09:28
10532-4,10532,916,"Thanks for the details, give me a moment to check on this.",True,2025-07-23T03:37:28
10532-5,10532,52124,Any news?,True,2025-07-23T04:15:28
10532-6,10532,916,"This has been taken care of, apologies again for the inconvenience.",True,2025-07-23T04:42:28
10532-7,10532,52124,Thanks for the help!,True,2025-07-23T05:13:28
10533-1,10533,53191,"Hi, before I order the smartwatch, does it come in a larger size?",True,2025-08-08T04:49:22
10533-2,10533,923,"I'm sorry for the trouble, checking your account now.",True,2025-08-08T05:15:22
10533-3,10533,53191,"Also, what material is it made from?",True,2025-08-08T09:40:22
10533-4,10533,923,"This has been taken care of, apologies again for the inconvenience.",True,2025-08-08T10:48:22
10533-5,10533,53191,"Great, appreciate the quick resolution.",True,2025-08-08T12:26:22
10534-1,10534,51911,The running shoes I ordered stopped working after 3 days of normal use. I ordered the running shoes but received a completely different item.,True,2025-06-05T20:52:07
10534-2,10534,924,"I'm sorry for the trouble, checking your account now.",True,2025-06-05T22:51:07
10534-3,10534,51911,Can I get a replacement or refund?,True,2025-06-06T01:56:07
10534-4,10534,924,"This has been taken care of, apologies again for the inconvenience.",True,2025-06-06T04:13:07
10534-5,10534,51911,"Perfect, thank you.",True,2025-06-06T04:22:07
10535-1,10535,52196,"Hi, I can't log into my account, it keeps saying my password is wrong even after resetting it.",True,2025-07-12T10:42:41
10535-2,10535,900,"I understand the frustration, let's get this sorted out.",True,2025-07-12T14:09:41
10535-3,10535,52196,I've tried clearing my cache and cookies too.,True,2025-07-12T18:47:41
10535-4,10535,900,"Thanks for the details, give me a moment to check on this.",True,2025-07-12T19:01:41
10535-5,10535,52196,"OK, still waiting to hear back.",True,2025-07-12T19:45:41
10535-6,10535,900,"This has been taken care of, apologies again for the inconvenience.",True,2025-07-12T22:27:41
10535-7,10535,52196,"Great, appreciate the quick resolution.",True,2025-07-12T22:34:41
10536-1,10536,53439,"Quick question, is the desk lamp compatible with older devices?",True,2025-08-07T13:10:47
10536-2,10536,925,"Thanks for reaching out, let me look into this for you.",True,2025-08-07T15:11:47
10536-3,10536,53439,Do you have a size guide I can check?,True,2025-08-07T16:33:47
10536-4,10536,925,"Thanks for the details, give me a moment to check on this.",True,2025-08-07T19:46:47
10536-5,10536,53439,Any news?,True,2025-08-07T21:35:47
10536-6,10536,925,"I've resolved this on our end, please let us know if you need anything else.",True,2025-08-07T22:18:47
10536-7,10536,53439,Thanks for the help!,True,2025-08-07T22:56:47
10537-1,10537,51730,Order #618895 shows as delivered but I never received anything. I've checked with neighbours and teh building office.,True,2025-06-15T17:47:30
10537-2,10537,903,"Thanks for reaching out, let me look into this for you.",True,2025-06-15T19:04:30
10537-3,10537,51730,Can you open an investigation with the carrier?,True,2025-06-15T22:09:30
10537-4,10537,903,"All set on our side now, thanks for your patience.",True,2025-06-15T22:22:30
10537-5,10537,51730,"Great, appreciate the quick resolution.",True,2025-06-15T22:31:30
10538-1,10538,52311,Can you help me change the phone number linked to my account?,True,2025-07-04T13:08:27
10538-2,10538,924,"I'm sorry for the trouble, checking your account now.",True,2025-07-04T13:40:27
10538-3,10538,52311,Is this something I can do myself in settings?,True,2025-07-04T15:58:27
10538-4,10538,924,"I've resolved this on our end, please let us know if you need anything else.",True,2025-07-04T19:50:27
10538-5,10538,52311,Thanks for the help!,True,2025-07-04T21:33:27
10539-1,10539,53301,"Hi, I placed order #518002 on Jul 12 and I can't find any tracking info. Can you tell me where it is?",True,2025-07-21T09:53:14
10539-2,10539,923,"Thanks for reaching out, let me look into this for you.",True,2025-07-21T11:52:14
10539-3,10539,53301,Any update on this? It's been a while.,True,2025-07-21T13:17:14
10539-4,10539,923,"Thanks for reaching out, let me look into this for you.",True,2025-07-21T14:22:14
10539-5,10539,53301,"OK, still waiting to hear back.",True,2025-07-21T16:30:14
10539-6,10539,923,"Thanks for reaching out, let me look into this for you.",True,2025-07-21T17:30:14
10539-7,10539,53301,Any news?,True,2025-07-21T19:24:14
10539-8,10539,923,"Thanks for confirming, I've closed this out on our end.",True,2025-07-21T20:00:14
10539-9,10539,53301,"Great, appreciate the quick resolution.",True,2025-07-21T21:36:14
10540-1,10540,52173,"Hi, when will I get my money back for the item I sent back?",True,2025-06-19T03:48:51
10540-2,10540,908,"I understand the frustration, let's get this sorted out.",True,2025-06-19T05:42:51
10540-3,10540,52173,My bank stil shows no refund received.,True,2025-06-19T08:01:51
10541-1,10541,53369,Order #558725 shows as delivered but I never received anything. I've checked with neighbours and the building office.,True,2025-07-11T00:03:59
10541-2,10541,925,"I understand the frustration, let's get this sorted out.",True,2025-07-11T01:51:59
10541-3,10541,53369,"Actually, sorry, let me explain the real issue. The winter coat I ordered stopped working after 15 days of normal use.",True,2025-07-11T05:38:59
10541-4,10541,925,"Thanks for reaching out, let me look into this for you.",True,2025-07-11T06:00:59
10541-5,10541,53369,Any news?,True,2025-07-11T06:22:59
10541-6,10541,925,"Thanks for confirming, I've closed this out on our end.",True,2025-07-11T09:02:59
10541-7,10541,53369,"Perfect, thank you.",True,2025-07-11T09:22:59
10542-1,10542,53360,"Hi, the phone case shows as out of stock, do you know when it'll be available again?",True,2025-08-03T17:01:54
10542-2,10542,922,"Thanks for the details, give me a moment to check on this.",True,2025-08-03T17:15:54
10542-3,10542,53360,Can I reserve one in advance?,True,2025-08-03T21:39:54
10542-4,10542,922,"I'm sorry for the trouble, checking your account now.",True,2025-08-04T02:19:54
10542-5,10542,53360,"OK, still waiting to hear back.",True,2025-08-04T05:14:54
10542-6,10542,922,"I understand the frustration, let's get this sorted out.",True,2025-08-04T06:14:54
10542-7,10542,53360,Any news?,True,2025-08-04T08:55:54
10542-8,10542,922,"Thanks for confirming, I've closed this out on our end.",True,2025-08-04T12:00:54
10542-9,10542,53360,"Perfect, thank you.",True,2025-08-04T12:53:54
10543-1,10543,50885,I got refunded for order #379103 but the amount is way less than what I paid.,True,2025-06-05T11:16:31
10543-2,10543,915,"Thanks for the details, give me a moment to check on this.",True,2025-06-05T13:52:31
10543-3,10543,50885,Can someone look into the difference?,True,2025-06-05T15:00:31
10543-4,10543,915,"Thanks for the details, give me a moment to check on this.",True,2025-06-05T15:44:31
10543-5,10543,50885,Any news?,True,2025-06-05T16:36:31
10543-6,10543,915,"This has been taken care of, apologies again for the inconvenience.",True,2025-06-05T19:35:31
10543-7,10543,50885,Thanks for the help!,True,2025-06-05T20:39:31
10544-1,10544,53444,"Hi, the color/size I received doesn't match order #792521 at all.",True,2025-07-31T00:11:01
10544-2,10544,905,"I understand the frustration, let's get this sorted out.",True,2025-07-31T04:02:01
10544-3,10544,53444,I still want the item I originally ordered.,True,2025-07-31T05:27:01
10544-4,10544,905,"Thanks for the details, give me a moment to check on this.",True,2025-07-31T05:48:01
10544-5,10544,53444,Following up on this.,True,2025-07-31T08:47:01
10545-1,10545,50566,Can you help me change teh phone number linked to my account?,True,2025-07-12T01:51:56
10545-2,10545,905,"Thanks for reaching out, let me look into this for you.",True,2025-07-12T03:02:56
10545-3,10545,50566,Is this something I can do myself in settings?,True,2025-07-12T06:46:56
10545-4,10545,905,"This has been taken care of, apologies again for the inconvenience.",True,2025-07-12T09:39:56
10545-5,10545,50566,"Great, appreciate the quick resolution.",True,2025-07-12T11:31:56
10546-1,10546,53131,The backpack I ordered stopped working after 14 days of normal use.,True,2025-08-25T00:40:10
10546-2,10546,920,"I understand the frustration, let's get this sorted out.",True,2025-08-25T03:36:10
10546-3,10546,53131,Can I get a replacement or refund?,True,2025-08-25T04:11:10
10546-4,10546,920,"I'm sorry for the trouble, checking your account now.",True,2025-08-25T04:43:10
10546-5,10546,53131,"OK, still waiting to hear back.",True,2025-08-25T07:55:10
10547-1,10547,52024,"Hi, I think I entered the wrong address for order #947752, could you update it before it ships?",True,2025-06-17T02:43:31
10547-2,10547,917,"I understand the frustration, let's get this sorted out.",True,2025-06-17T05:39:31
10547-3,10547,52024,I'm worried it will ship before this gets fixed.,True,2025-06-17T07:22:31
10547-4,10547,917,"I understand the frustration, let's get this sorted out.",True,2025-06-17T07:55:31
10547-5,10547,52024,Following up on this.,True,2025-06-17T11:04:31
10547-6,10547,917,"I understand the frustration, let's get this sorted out.",True,2025-06-17T12:26:31
10547-7,10547,52024,Following up on this.,True,2025-06-17T14:14:31
10547-8,10547,917,"Thanks for confirming, I've closed this out on our end.",True,2025-06-17T15:27:31
10547-9,10547,52024,"Perfect, thank you.",True,2025-06-17T15:35:31
10548-1,10548,50626,Order #472843 was supposed to arrive on Jun 17 adn it's still not here. What's going on?,True,2025-07-06T03:05:09
10548-2,10548,917,"I understand the frustration, let's get this sorted out.",True,2025-07-06T04:18:09
10548-3,10548,50626,"It's been 5 extra days now, this is getting frustrating.",True,2025-07-06T09:00:09
10548-4,10548,917,"I'm sorry for the trouble, checking your account now.",True,2025-07-06T09:31:09
10548-5,10548,50626,Any news?,True,2025-07-06T10:47:09
10548-6,10548,917,"I'm sorry for the trouble, checking your account now.",True,2025-07-06T12:59:09
10548-7,10548,50626,Any news?,True,2025-07-06T15:23:09
10548-8,10548,917,"Thanks for confirming, I've closed this out on our end.",True,2025-07-06T18:07:09
10548-9,10548,50626,Thanks for the help!,True,2025-07-06T18:14:09
10549-1,10549,52402,"Hi, before I order the leather wallet, does it come in a larger size?",True,2025-06-23T14:23:22
10549-2,10549,924,"I'm sorry for the trouble, checking your account now.",True,2025-06-23T15:55:22
10549-3,10549,52402,"Also, what material is it made from?",True,2025-06-23T18:12:22
10549-4,10549,924,"Thanks for confirming, I've closed this out on our end.",True,2025-06-23T20:32:22
10549-5,10549,52402,Thanks for the help!,True,2025-06-23T21:19:22
10550-1,10550,52029,"I returned my order #781874 5 days ago and haven't seen a refund yet, can you check?",True,2025-07-27T02:17:06
10550-2,10550,904,"I understand the frustration, let's get this sorted out.",True,2025-07-27T05:31:06
10550-3,10550,52029,It's been longer than the timeline you gave me.,True,2025-07-27T06:14:06
10550-4,10550,904,"Thanks for reaching out, let me look into this for you.",True,2025-07-27T11:03:06
10550-5,10550,52029,Any news?,True,2025-07-27T12:55:06
10550-6,10550,904,"All set on our side now, thanks for your patience.",True,2025-07-27T15:26:06
10550-7,10550,52029,"OK thank you, that answers my question.",True,2025-07-27T15:41:06
10551-1,10551,50756,"Hi, my order arrived and the phone case is broken, it won't turn on at all.",True,2025-08-26T05:09:16
10551-2,10551,912,"Thanks for the details, give me a moment to check on this.",True,2025-08-26T07:39:16
10551-3,10551,50756,Can I get a replacement or refund?,True,2025-08-26T08:35:16
10551-4,10551,912,"Thanks for the details, give me a moment to check on this.",True,2025-08-26T11:39:16
10551-5,10551,50756,"OK, still waiting to hear back.",True,2025-08-26T14:37:16
10551-6,10551,912,"This has been taken care of, apologies again for the inconvenience.",True,2025-08-26T15:15:16
10551-7,10551,50756,"Great, appreciate the quick resolution.",True,2025-08-26T16:52:16
10552-1,10552,52854,"Hi, my delivery is running late, I ordered the winter coat over a week ago.",True,2025-06-05T01:11:22
10552-2,10552,912,"Thanks for reaching out, let me look into this for you.",True,2025-06-05T01:48:22
10552-3,10552,52854,Do you have an updated delivery estimate?,True,2025-06-05T06:21:22
10552-4,10552,912,"All set on our side now, thanks for your patience.",True,2025-06-05T09:45:22
10552-5,10552,52854,"Great, appreciate the quick resolution.",True,2025-06-05T11:33:22
10553-1,10553,51536,"Hi, I'm getting a payment error and can't finish my order.",True,2025-08-11T11:59:57
10553-2,10553,921,"I understand the frustration, let's get this sorted out.",True,2025-08-11T13:24:57
10553-3,10553,51536,"Actually, sorry, let me explain the real issue. Hi, my order arrived and the winter coat is broken, it won't turn on at all.",True,2025-08-11T16:40:57
10553-4,10553,921,"Thanks for the details, give me a moment to check on this.",True,2025-08-11T20:40:57
10553-5,10553,51536,"OK, still waiting to hear back.",True,2025-08-11T22:11:57
10553-6,10553,921,"I've resolved this on our end, please let us know if you need anything else.",True,2025-08-11T23:10:57
10553-7,10553,51536,"Great, appreciate the quick resolution.",True,2025-08-12T00:09:57
10554-1,10554,53208,"Hi, when will I get my money back for the item I sent back? Hi, the amount charged to my card doesn't match my order total, can you check?",True,2025-06-17T18:39:49
10554-2,10554,904,"I'm sorry for the trouble, checking your account now.",True,2025-06-17T19:25:49
10554-3,10554,53208,It's been longer than the timeline you gave me.,True,2025-06-17T20:35:49
10555-1,10555,53128,"Hello, just checking on the status of order #285469, it's been a few days and I haven't heard anything.",True,2025-07-06T12:16:01
10555-2,10555,910,"Thanks for reaching out, let me look into this for you.",True,2025-07-06T16:12:01
10555-3,10555,53128,"Actually, sorry, let me explain the real issue. This might not be the right place but I wasn't sure where else to send this.",True,2025-07-06T17:17:01
10555-4,10555,910,"I'm sorry for the trouble, checking your account now.",True,2025-07-06T21:33:01
10555-5,10555,53128,"OK, still waiting to hear back.",True,2025-07-06T22:33:01
10555-6,10555,910,"All set on our side now, thanks for your patience.",True,2025-07-06T23:27:01
10555-7,10555,53128,Thanks for the help!,True,2025-07-07T00:28:01
10556-1,10556,53492,"Hi, my delivery is running late, I ordered the wireless headphones over a week ago.",True,2025-07-09T16:24:04
10556-2,10556,905,"Thanks for reaching out, let me look into this for you.",True,2025-07-09T20:10:04
10556-3,10556,53492,Do you have an updated delivery estimate?,True,2025-07-10T00:16:04
10556-4,10556,905,"I'm sorry for the trouble, checking your account now.",True,2025-07-10T03:34:04
10556-5,10556,53492,"OK, still waiting to hear back.",True,2025-07-10T05:03:04
10556-6,10556,905,"I'm sorry for the trouble, checking your account now.",True,2025-07-10T05:44:04
10556-7,10556,53492,Any news?,True,2025-07-10T08:02:04
10556-8,10556,905,"All set on our side now, thanks for your patience.",True,2025-07-10T09:16:04
10556-9,10556,53492,Thanks for the help!,True,2025-07-10T09:27:04
10557-1,10557,52671,"Hi, my delivery is running late, I ordered the denim jacket over a week ago.",True,2025-06-14T06:09:55
10557-2,10557,914,"I understand the frustration, let's get this sorted out.",True,2025-06-14T10:04:55
10557-3,10557,52671,"Actually, sorry, let me explain the real issue. I was charged twice for order #180429, can you refund the duplicate?",True,2025-06-14T11:59:55
10557-4,10557,914,"Thanks for confirming, I've closed this out on our end.",True,2025-06-14T13:34:55
10557-5,10557,52671,"Great, appreciate the quick resolution.",True,2025-06-14T15:06:55
10558-1,10558,52683,The leather wallet I ordered stopped working after 2 days of normal use.,True,2025-08-17T01:51:04
10558-2,10558,917,"Thanks for the details, give me a moment to check on this.",True,2025-08-17T02:54:04
10558-3,10558,52683,"I've tried everything, it's definitely faulty.",True,2025-08-17T07:43:04
10558-4,10558,917,"I'm sorry for the trouble, checking your account now.",True,2025-08-17T10:09:04
10558-5,10558,52683,"OK, still waiting to hear back.",True,2025-08-17T11:43:04
10558-6,10558,917,"I've resolved this on our end, please let us know if you need anything else.",True,2025-08-17T13:11:04
10558-7,10558,52683,Thanks for the help!,True,2025-08-17T14:21:04
10559-1,10559,53451,Order #802573 shows as delivered but I never received anything. I've checked with neighbours and the building office.,True,2025-06-16T16:17:17
10559-2,10559,913,"Thanks for reaching out, let me look into this for you.",True,2025-06-16T18:17:17
10559-3,10559,53451,Can you open an investigation with the carrier?,True,2025-06-16T18:34:17
10559-4,10559,913,"Thanks for the details, give me a moment to check on this.",True,2025-06-16T19:59:17
10559-5,10559,53451,Following up on this.,True,2025-06-16T22:26:17
10560-1,10560,53130,"Hi, quick question about your returns policy, can I return an item I already opened?",True,2025-06-28T20:37:20
10560-2,10560,922,"Thanks for reaching out, let me look into this for you.",True,2025-06-29T00:09:20
10560-3,10560,53130,Is there a restocking fee?,True,2025-06-29T04:55:20
10560-4,10560,922,"This has been taken care of, apologies again for the inconvenience.",True,2025-06-29T07:14:20
10560-5,10560,53130,"Great, appreciate the quick resolution.",True,2025-06-29T09:05:20
10561-1,10561,52326,"Hi, I have a question but I'm not totally sure it's the right team to ask.",True,2025-08-28T19:38:07
10561-2,10561,925,"I'm sorry for the trouble, checking your account now.",True,2025-08-28T19:55:07
10561-3,10561,52326,Let me know if I should contact someone else instead.,True,2025-08-28T21:30:07
10561-4,10561,925,"This has been taken care of, apologies again for the inconvenience.",True,2025-08-28T22:42:07
10561-5,10561,52326,"Great, appreciate the quick resolution.",True,2025-08-28T23:16:07
10562-1,10562,51777,How many days do I have to return something after delivery?,True,2025-08-22T20:00:01
10562-2,10562,912,"Thanks for the details, give me a moment to check on this.",True,2025-08-22T20:53:01
10562-3,10562,51777,Does that apply to sale items too?,True,2025-08-23T00:19:01
10562-4,10562,912,"All set on our side now, thanks for your patience.",True,2025-08-23T02:56:01
10562-5,10562,51777,"Great, appreciate the quick resolution.",True,2025-08-23T03:41:01
10563-1,10563,53220,"Hi, the amount charged to my card doesn't match my order total, can you check? I returned my order #677064 7 days ago and haven't seen a refund yet, can you check?",True,2025-08-11T06:34:48
10563-2,10563,915,"Thanks for reaching out, let me look into this for you.",True,2025-08-11T09:46:48
10563-3,10563,53220,This needs to be corrected soon.,True,2025-08-11T13:50:48
10564-1,10564,53416,"Hello, just checking on the status of order #553876, it's been a few days and I haven't heard anything.",True,2025-08-22T04:30:44
10564-2,10564,902,"Thanks for reaching out, let me look into this for you.",True,2025-08-22T05:47:44
10564-3,10564,53416,"Actually, sorry, let me explain the real issue. How many days do I have to return something after delivery?",True,2025-08-22T09:45:44
10564-4,10564,902,"I understand the frustration, let's get this sorted out.",True,2025-08-22T12:12:44
10564-5,10564,53416,Following up on this.,True,2025-08-22T12:32:44
10564-6,10564,902,"This has been taken care of, apologies again for the inconvenience.",True,2025-08-22T15:19:44
10564-7,10564,53416,"OK thank you, that answers my question.",True,2025-08-22T16:19:44
10565-1,10565,52972,"I returned my order #581415 5 days ago and haven't seen a refund yet, can you check?",True,2025-07-07T21:17:10
10565-2,10565,918,"Thanks for reaching out, let me look into this for you.",True,2025-07-07T23:59:10
10565-3,10565,52972,It's been longer than the timeline you gave me.,True,2025-07-08T03:15:10
10566-1,10566,50091,"My card keeps getting declined when I try to check out, even though there are funds available.",True,2025-08-20T04:57:44
10566-2,10566,902,"Thanks for the details, give me a moment to check on this.",True,2025-08-20T08:16:44
10566-3,10566,50091,"Actually, sorry, let me explain the real issue. Hi, I placed order #475921 on Aug 05 and I can't find any tracking info. Can you tell me where it is?",True,2025-08-20T09:37:44
10566-4,10566,902,"I've resolved this on our end, please let us know if you need anything else.",True,2025-08-20T10:47:44
10566-5,10566,50091,"Great, appreciate the quick resolution.",True,2025-08-20T12:17:44
10567-1,10567,50395,"Hi, my order arrived and the phone case is broken, it won't turn on at all.",True,2025-08-15T23:37:41
10567-2,10567,917,"Thanks for reaching out, let me look into this for you.",True,2025-08-16T01:53:41
10567-3,10567,50395,"I've tried everything, it's definitely faulty.",True,2025-08-16T05:53:41
10567-4,10567,917,"Thanks for the details, give me a moment to check on this.",True,2025-08-16T08:18:41
10567-5,10567,50395,"OK, still waiting to hear back.",True,2025-08-16T09:36:41
10568-1,10568,51306,I used the code NOVA5 but it didn't apply any discount at checkout.,True,2025-06-12T12:09:00
10568-2,10568,913,"Thanks for the details, give me a moment to check on this.",True,2025-06-12T13:10:00
10568-3,10568,51306,Can you apply it retroactively or refund the difference?,True,2025-06-12T16:49:00
10568-4,10568,913,"Thanks for the details, give me a moment to check on this.",True,2025-06-12T18:47:00
10568-5,10568,51306,"OK, still waiting to hear back.",True,2025-06-12T20:57:00
10568-6,10568,913,"All set on our side now, thanks for your patience.",True,2025-06-12T23:15:00
10568-7,10568,51306,"Perfect, thank you.",True,2025-06-13T01:13:00
10569-1,10569,50659,"Hello, just checking on teh status of order #540071, it's been a few days and I haven't heard anything.",True,2025-07-12T04:46:15
10569-2,10569,922,"Thanks for reaching out, let me look into this for you.",True,2025-07-12T08:03:15
10569-3,10569,50659,Any update on this? It's been a while.,True,2025-07-12T08:59:15
10569-4,10569,922,"I'm sorry for the trouble, checking your account now.",True,2025-07-12T12:19:15
10569-5,10569,50659,"OK, still waiting to hear back.",True,2025-07-12T14:27:15
10569-6,10569,922,"Thanks for reaching out, let me look into this for you.",True,2025-07-12T17:25:15
10569-7,10569,50659,"OK, still waiting to hear back.",True,2025-07-12T18:55:15
10569-8,10569,922,"I've resolved this on our end, please let us know if you need anything else.",True,2025-07-12T20:54:15
10569-9,10569,50659,"Perfect, thank you.",True,2025-07-12T22:34:15
10570-1,10570,50179,"Hi, my order arrived and the wireless headphones is broken, it won't turn on at all.",True,2025-08-13T16:44:27
10570-2,10570,901,"I understand the frustration, let's get this sorted out.",True,2025-08-13T17:25:27
10570-3,10570,50179,"I've tried everything, it's definitely faulty.",True,2025-08-13T21:06:27
10570-4,10570,901,"All set on our side now, thanks for your patience.",True,2025-08-14T00:47:27
10570-5,10570,50179,Thanks for the help!,True,2025-08-14T01:52:27
10571-1,10571,51942,"Hello, just checking on the status of order #907940, it's been a few days and I haven't heard anything.",True,2025-08-13T19:31:34
10571-2,10571,906,"I understand the frustration, let's get this sorted out.",True,2025-08-13T19:53:34
10571-3,10571,51942,Any update on this? It's been a while.,True,2025-08-13T22:34:34
10571-4,10571,906,"This has been taken care of, apologies again for the inconvenience.",True,2025-08-14T01:48:34
10571-5,10571,51942,"Great, appreciate the quick resolution.",True,2025-08-14T02:36:34
10572-1,10572,51783,"Hi, my order arrived and the graphic t-shirt is broken, it won't turn on at all.",True,2025-07-11T18:14:12
10572-2,10572,901,"Thanks for the details, give me a moment to check on this.",True,2025-07-11T21:43:12
10572-3,10572,51783,"I've tried everything, it's definitely faulty.",True,2025-07-12T01:20:12
10572-4,10572,901,"Thanks for confirming, I've closed this out on our end.",True,2025-07-12T06:06:12
10572-5,10572,51783,"OK thank you, that answers my question.",True,2025-07-12T07:55:12
10573-1,10573,51374,"Hi, my delivery is running late, I ordered the desk lamp over a week ago. Hi, the courier says my package for order #691995 was delivered but it's nowhere to be found.",True,2025-08-27T11:09:25
10573-2,10573,911,"Thanks for reaching out, let me look into this for you.",True,2025-08-27T14:21:25
10573-3,10573,51374,"It's been 15 extra days now, this is getting frustrating.",True,2025-08-27T15:23:25
10573-4,10573,911,"Thanks for reaching out, let me look into this for you.",True,2025-08-27T16:24:25
10573-5,10573,51374,Following up on this.,True,2025-08-27T18:32:25
10573-6,10573,911,"Thanks for reaching out, let me look into this for you.",True,2025-08-27T20:21:25
10573-7,10573,51374,Following up on this.,True,2025-08-27T23:04:25
10573-8,10573,911,"All set on our side now, thanks for your patience.",True,2025-08-27T23:18:25
10573-9,10573,51374,"OK thank you, that answers my question.",True,2025-08-28T00:53:25
10574-1,10574,50688,"I returned my order #345165 6 days ago and haven't seen a refund yet, can you check?",True,2025-08-05T06:29:39
10574-2,10574,920,"Thanks for the details, give me a moment to check on this.",True,2025-08-05T10:24:39
10574-3,10574,50688,My bank still shows no refund recieved.,True,2025-08-05T15:23:39
10574-4,10574,920,"Thanks for reaching out, let me look into this for you.",True,2025-08-05T16:53:39
10574-5,10574,50688,Any news?,True,2025-08-05T17:23:39
10574-6,10574,920,"Thanks for the details, give me a moment to check on this.",True,2025-08-05T18:01:39
10574-7,10574,50688,Following up on this.,True,2025-08-05T19:05:39
10575-1,10575,51794,"Hello, just checking on the status of order #564458, it's been a few days and I haven't heard anything.",True,2025-08-15T23:32:31
10575-2,10575,909,"Thanks for reaching out, let me look into this for you.",True,2025-08-15T23:49:31
10575-3,10575,51794,"Still no movement on the tracking page, is that normal?",True,2025-08-16T03:20:31
10575-4,10575,909,"Thanks for reaching out, let me look into this for you.",True,2025-08-16T06:05:31
10575-5,10575,51794,Following up on this.,True,2025-08-16T07:07:31
10575-6,10575,909,"All set on our side now, thanks for your patience.",True,2025-08-16T09:45:31
10575-7,10575,51794,"Great, appreciate the quick resolution.",True,2025-08-16T10:34:31
10576-1,10576,50263,This is a formal request for a copy of all personal data you have on file for me.,True,2025-07-28T01:23:39
10576-2,10576,902,"Thanks for the details, give me a moment to check on this.",True,2025-07-28T04:23:39
10576-3,10576,50263,How long will this take to process?,True,2025-07-28T05:48:39
10576-4,10576,902,"Thanks for confirming, I've closed this out on our end.",True,2025-07-28T09:03:39
10576-5,10576,50263,Thanks for the help!,True,2025-07-28T10:10:39
10577-1,10577,52239,"Hi, I placed order #829234 on Jul 06 and I can't find any tracking info. Can you tell me where it is?",True,2025-07-14T11:06:16
10577-2,10577,912,"I'm sorry for the trouble, checking your account now.",True,2025-07-14T12:46:16
10577-3,10577,52239,Any update on this? It's been a while.,True,2025-07-14T13:06:16
10577-4,10577,912,"This has been taken care of, apologies again for the inconvenience.",True,2025-07-14T16:37:16
10577-5,10577,52239,"Perfect, thank you.",True,2025-07-14T17:24:16
10578-1,10578,50298,"I just opened my package for order #510164 and the backpack is missing, only the rest of the items were inside.",True,2025-07-05T12:59:20
10578-2,10578,915,"Thanks for reaching out, let me look into this for you.",True,2025-07-05T13:28:20
10578-3,10578,50298,"I checked the box twice, it's definitely not there.",True,2025-07-05T13:45:20
10578-4,10578,915,"Thanks for reaching out, let me look into this for you.",True,2025-07-05T17:30:20
10578-5,10578,50298,"OK, still waiting to hear back.",True,2025-07-05T19:11:20
10578-6,10578,915,"Thanks for confirming, I've closed this out on our end.",True,2025-07-05T19:22:20
10578-7,10578,50298,"Perfect, thank you.",True,2025-07-05T20:32:20
10579-1,10579,50362,"Hi, my delivery is running late, I ordered the graphic t-shirt over a week ago.",True,2025-06-21T00:28:50
10579-2,10579,912,"I understand the frustration, let's get this sorted out.",True,2025-06-21T03:41:50
10579-3,10579,50362,"It's been 12 extra days now, this is getting frustrating.",True,2025-06-21T06:30:50
10580-1,10580,51515,I got refunded for order #585875 but the amount is way less than what I paid.,True,2025-06-08T01:49:16
10580-2,10580,911,"Thanks for reaching out, let me look into this for you.",True,2025-06-08T04:56:16
10580-3,10580,51515,I paid $47 and only got a fraction of that back.,True,2025-06-08T06:38:16
10580-4,10580,911,"This has been taken care of, apologies again for the inconvenience.",True,2025-06-08T08:14:16
10580-5,10580,51515,"Perfect, thank you.",True,2025-06-08T08:27:16
10581-1,10581,52811,"I was charged twice for order #627573, can you refund the duplicate?",True,2025-07-10T11:30:06
10581-2,10581,911,"I'm sorry for the trouble, checking your account now.",True,2025-07-10T13:35:06
10581-3,10581,52811,This needs to be corrected soon.,True,2025-07-10T14:33:06
10581-4,10581,911,"Thanks for reaching out, let me look into this for you.",True,2025-07-10T19:27:06
10581-5,10581,52811,"OK, still waiting to hear back.",True,2025-07-10T21:03:06
10581-6,10581,911,"This has been taken care of, apologies again for the inconvenience.",True,2025-07-10T23:15:06
10581-7,10581,52811,"OK thank you, that answers my question.",True,2025-07-10T23:28:06
10582-1,10582,53291,"Hi, I think I entered teh wrong address for order #156015, could you update it before it ships?",True,2025-08-27T12:18:56
10582-2,10582,916,"I'm sorry for the trouble, checking your account now.",True,2025-08-27T15:03:56
10582-3,10582,53291,Has teh address been updated yet?,True,2025-08-27T16:22:56
10582-4,10582,916,"All set on our side now, thanks for your patience.",True,2025-08-27T17:17:56
10582-5,10582,53291,"Great, appreciate the quick resolution.",True,2025-08-27T18:45:56
10583-1,10583,52467,"Hi, my delivery is running late, I ordered the denim jacket over a week ago.",True,2025-06-01T22:17:43
10583-2,10583,922,"I understand the frustration, let's get this sorted out.",True,2025-06-02T01:25:43
10583-3,10583,52467,Do you have an updated delivery estimate?,True,2025-06-02T05:49:43
10583-4,10583,922,"I've resolved this on our end, please let us know if you need anything else.",True,2025-06-02T06:51:43
10583-5,10583,52467,"Great, appreciate the quick resolution.",True,2025-06-02T08:51:43
10584-1,10584,51667,This might not be the right place but I wasn't sure where else to send this.,True,2025-06-01T06:18:43
10584-2,10584,908,"I'm sorry for the trouble, checking your account now.",True,2025-06-01T08:59:43
10584-3,10584,51667,Let me know if I should contact someone else instead.,True,2025-06-01T10:16:43
10584-4,10584,908,"Thanks for reaching out, let me look into this for you.",True,2025-06-01T10:37:43
10584-5,10584,51667,Following up on this.,True,2025-06-01T12:33:43
10585-1,10585,52384,"Hi, I've had several issues with my last few orders and I'm not happy with the service.",True,2025-06-20T20:35:07
10585-2,10585,923,"I understand the frustration, let's get this sorted out.",True,2025-06-20T21:10:07
10585-3,10585,52384,This isn't the first time either.,True,2025-06-21T01:29:07
10586-1,10586,53084,"I want to file a complaint, my overall experience with this order has been really disappointing.",True,2025-08-03T18:06:25
10586-2,10586,901,"Thanks for the details, give me a moment to check on this.",True,2025-08-03T21:26:25
10586-3,10586,53084,This isn't the first time either.,True,2025-08-04T00:09:25
10586-4,10586,901,"All set on our side now, thanks for your patience.",True,2025-08-04T03:59:25
10586-5,10586,53084,"Great, appreciate the quick resolution.",True,2025-08-04T05:21:25
10587-1,10587,51543,Order #241232 was supposed to arrive on May 29 and it's still not here. What's going on?,True,2025-06-12T18:50:54
10587-2,10587,905,"Thanks for the details, give me a moment to check on this.",True,2025-06-12T22:04:54
10587-3,10587,51543,Do you have an updated delivery estimate?,True,2025-06-13T02:58:54
10587-4,10587,905,"Thanks for reaching out, let me look into this for you.",True,2025-06-13T07:31:54
10587-5,10587,51543,Following up on this.,True,2025-06-13T09:57:54
10587-6,10587,905,"Thanks for reaching out, let me look into this for you.",True,2025-06-13T12:13:54
10587-7,10587,51543,Following up on this.,True,2025-06-13T15:32:54
10587-8,10587,905,"This has been taken care of, apologies again for the inconvenience.",True,2025-06-13T17:26:54
10587-9,10587,51543,"Perfect, thank you.",True,2025-06-13T19:03:54
10588-1,10588,50903,"Hi, I need to update the email address on my account.",True,2025-08-13T06:32:15
10588-2,10588,906,"Thanks for reaching out, let me look into this for you.",True,2025-08-13T07:28:15
10588-3,10588,50903,I want to make sure I stil get order notifications after the change.,True,2025-08-13T09:41:15
10588-4,10588,906,"All set on our side now, thanks for your patience.",True,2025-08-13T14:21:15
10588-5,10588,50903,"OK thank you, that answers my question.",True,2025-08-13T15:13:15
10589-1,10589,51355,Can you help me change the phone number linked to my account?,True,2025-07-24T09:56:45
10589-2,10589,925,"I understand the frustration, let's get this sorted out.",True,2025-07-24T11:10:45
10589-3,10589,51355,Is this something I can do myself in settings?,True,2025-07-24T14:37:45
10590-1,10590,52193,"Hi, I've had several issues with my last few orders and I'm not happy with the service.",True,2025-07-23T03:03:21
10590-2,10590,922,"Thanks for the details, give me a moment to check on this.",True,2025-07-23T04:49:21
10590-3,10590,52193,This isn't the first time either.,True,2025-07-23T08:47:21
10591-1,10591,51088,"Hi, I think I entered the wrong address for order #800131, could you update it before it ships?",True,2025-08-24T22:26:52
10591-2,10591,905,"I'm sorry for the trouble, checking your account now.",True,2025-08-24T23:50:52
10591-3,10591,51088,I'm worried it will ship before this gets fixed.,True,2025-08-25T00:28:52
10591-4,10591,905,"Thanks for confirming, I've closed this out on our end.",True,2025-08-25T05:28:52
10591-5,10591,51088,Thanks for the help!,True,2025-08-25T06:01:52
10592-1,10592,52174,Order #486253 was supposed to arrive on May 26 and it's still not here. What's going on?,True,2025-06-13T22:23:59
10592-2,10592,911,"I understand the frustration, let's get this sorted out.",True,2025-06-13T23:13:59
10592-3,10592,52174,Do you have an updated delivery estimate?,True,2025-06-14T03:41:59
10592-4,10592,911,"This has been taken care of, apologies again for the inconvenience.",True,2025-06-14T08:06:59
10592-5,10592,52174,Thanks for the help!,True,2025-06-14T10:02:59
10593-1,10593,51821,"Hi, when will I get my money back for the item I sent back?",True,2025-07-23T13:08:27
10593-2,10593,914,"Thanks for the details, give me a moment to check on this.",True,2025-07-23T15:54:27
10593-3,10593,51821,"Actually, sorry, let me explain the real issue. This might not be teh right place but I wasn't sure where else to send this.",True,2025-07-23T17:22:27
10593-4,10593,914,"I've resolved this on our end, please let us know if you need anything else.",True,2025-07-23T20:40:27
10593-5,10593,51821,Thanks for the help!,True,2025-07-23T20:49:27
10594-1,10594,52987,I got refunded for order #987810 but the amount is way less than what I paid.,True,2025-06-17T22:59:20
10594-2,10594,904,"Thanks for reaching out, let me look into this for you.",True,2025-06-18T02:30:20
10594-3,10594,52987,I paid $21 and only got a fraction of that back.,True,2025-06-18T06:53:20
10594-4,10594,904,"All set on our side now, thanks for your patience.",True,2025-06-18T08:44:20
10594-5,10594,52987,"Great, appreciate the quick resolution.",True,2025-06-18T09:33:20
10595-1,10595,52357,Order #234029 shows as delivered but I never received anything. I've checked with neighbours and the building office.,True,2025-07-15T02:42:50
10595-2,10595,923,"I'm sorry for the trouble, checking your account now.",True,2025-07-15T03:35:50
10595-3,10595,52357,Can you open an investigation with the carrier?,True,2025-07-15T03:45:50
10595-4,10595,923,"I'm sorry for the trouble, checking your account now.",True,2025-07-15T05:48:50
10595-5,10595,52357,"OK, still waiting to hear back.",True,2025-07-15T06:31:50
10595-6,10595,923,"All set on our side now, thanks for your patience.",True,2025-07-15T08:29:50
10595-7,10595,52357,"OK thank you, that answers my question.",True,2025-07-15T08:38:50
10596-1,10596,52094,"Just some feedback, it would be great if the website had a size comparison tool.",True,2025-07-16T07:32:50
10596-2,10596,905,"Thanks for the details, give me a moment to check on this.",True,2025-07-16T08:02:50
10596-3,10596,52094,"Just a thought, not urgent at all.",True,2025-07-16T12:55:50
10596-4,10596,905,"I'm sorry for the trouble, checking your account now.",True,2025-07-16T17:50:50
10596-5,10596,52094,"OK, still waiting to hear back.",True,2025-07-16T21:00:50
10596-6,10596,905,"Thanks for confirming, I've closed this out on our end.",True,2025-07-16T23:16:50
10596-7,10596,52094,"Perfect, thank you.",True,2025-07-17T00:51:50
10597-1,10597,51328,Order #327216 was supposed to arrive on Jun 07 and it's still not here. What's going on?,True,2025-06-12T22:13:09
10597-2,10597,914,"I'm sorry for the trouble, checking your account now.",True,2025-06-13T01:09:09
10597-3,10597,51328,"It's been 4 extra days now, this is getting frustrating.",True,2025-06-13T02:53:09
10597-4,10597,914,"All set on our side now, thanks for your patience.",True,2025-06-13T06:04:09
10597-5,10597,51328,"Perfect, thank you.",True,2025-06-13T06:36:09
10598-1,10598,50273,"Hi, when will I get my money back for the item I sent back?",True,2025-06-06T01:04:17
10598-2,10598,920,"Thanks for reaching out, let me look into this for you.",True,2025-06-06T02:27:17
10598-3,10598,50273,My bank still shows no refund received.,True,2025-06-06T07:24:17
10598-4,10598,920,"Thanks for confirming, I've closed this out on our end.",True,2025-06-06T08:10:17
10598-5,10598,50273,Thanks for the help!,True,2025-06-06T09:39:17
10599-1,10599,52338,"Hello, just checking on the status of order #865982, it's been a few days and I haven't heard anything.",True,2025-07-04T06:10:24
10599-2,10599,923,"Thanks for reaching out, let me look into this for you.",True,2025-07-04T07:49:24
10599-3,10599,52338,"Still no movement on the tracking page, is that normal?",True,2025-07-04T11:38:24
10599-4,10599,923,"I've resolved this on our end, please let us know if you need anything else.",True,2025-07-04T14:43:24
10599-5,10599,52338,"OK thank you, that answers my question.",True,2025-07-04T16:01:24
10600-1,10600,52034,"Hi, could yuo send me an invoice for order #950608? I need it for accounting.",True,2025-06-06T11:30:30
10600-2,10600,911,"Thanks for reaching out, let me look into this for you.",True,2025-06-06T12:09:30
10600-3,10600,52034,I need this fairly soon for my records.,True,2025-06-06T13:35:30
10600-4,10600,911,"I'm sorry for the trouble, checking your account now.",True,2025-06-06T14:22:30
10600-5,10600,52034,Any news?,True,2025-06-06T17:35:30
10600-6,10600,911,"I understand the frustration, let's get this sorted out.",True,2025-06-06T20:23:30
10600-7,10600,52034,Following up on this.,True,2025-06-06T22:31:30
10600-8,10600,911,"Thanks for confirming, I've closed this out on our end.",True,2025-06-07T01:06:30
10600-9,10600,52034,"OK thank you, that answers my question.",True,2025-06-07T01:15:30
10601-1,10601,50327,"Hi, my delivery is running late, I ordered the yoga mat over a week ago.",True,2025-08-10T03:09:11
10601-2,10601,925,"Thanks for the details, give me a moment to check on this.",True,2025-08-10T04:07:11
10601-3,10601,50327,"It's been 14 extra days now, this is getting frustrating.",True,2025-08-10T06:00:11
10601-4,10601,925,"I understand the frustration, let's get this sorted out.",True,2025-08-10T06:56:11
10601-5,10601,50327,Any news?,True,2025-08-10T08:30:11
10601-6,10601,925,"All set on our side now, thanks for your patience.",True,2025-08-10T09:28:11
10601-7,10601,50327,"Great, appreciate the quick resolution.",True,2025-08-10T09:56:11
10602-1,10602,53449,"I returned my order #396525 9 days ago and haven't seen a refund yet, can yuo check?",True,2025-07-15T06:18:51
10602-2,10602,900,"Thanks for the details, give me a moment to check on this.",True,2025-07-15T08:04:51
10602-3,10602,53449,My bank still shows no refund received.,True,2025-07-15T10:52:51
10602-4,10602,900,"Thanks for the details, give me a moment to check on this.",True,2025-07-15T14:51:51
10602-5,10602,53449,Any news?,True,2025-07-15T15:23:51
10602-6,10602,900,"All set on our side now, thanks for your patience.",True,2025-07-15T16:24:51
10602-7,10602,53449,Thanks for the help!,True,2025-07-15T17:23:51
10603-1,10603,51445,"Hello, just checking on teh status of order #875018, it's been a few days and I haven't heard anything.",True,2025-07-13T19:17:12
10603-2,10603,910,"I understand the frustration, let's get this sorted out.",True,2025-07-13T21:47:12
10603-3,10603,51445,"Still no movement on the tracking page, is that normal?",True,2025-07-13T23:51:12
10603-4,10603,910,"I'm sorry for the trouble, checking your account now.",True,2025-07-14T03:59:12
10603-5,10603,51445,Any news?,True,2025-07-14T05:43:12
10603-6,10603,910,"This has been taken care of, apologies again for the inconvenience.",True,2025-07-14T06:21:12
10603-7,10603,51445,"OK thank you, that answers my question.",True,2025-07-14T07:25:12
10604-1,10604,53495,"Hi, my order arrived and the sneakers is broken, it won't turn on at all.",True,2025-08-23T09:23:33
10604-2,10604,910,"Thanks for the details, give me a moment to check on this.",True,2025-08-23T10:35:33
10604-3,10604,53495,Can I get a replacement or refund?,True,2025-08-23T12:38:33
10604-4,10604,910,"Thanks for the details, give me a moment to check on this.",True,2025-08-23T14:59:33
10604-5,10604,53495,"OK, still waiting to hear back.",True,2025-08-23T17:45:33
10604-6,10604,910,"This has been taken care of, apologies again for the inconvenience.",True,2025-08-23T19:36:33
10604-7,10604,53495,"Great, appreciate the quick resolution.",True,2025-08-23T21:17:33
10605-1,10605,50927,"Hi, my order arrived but it's short one item, the box wasn't damaged so I'm not sure what happened.",True,2025-08-19T19:59:26
10605-2,10605,918,"I'm sorry for the trouble, checking your account now.",True,2025-08-19T23:09:26
10605-3,10605,50927,Can you send the missing item or refund it?,True,2025-08-20T03:51:26
10605-4,10605,918,"I understand the frustration, let's get this sorted out.",True,2025-08-20T04:05:26
10605-5,10605,50927,"OK, still waiting to hear back.",True,2025-08-20T04:48:26
10605-6,10605,918,"I'm sorry for the trouble, checking your account now.",True,2025-08-20T07:54:26
10605-7,10605,50927,Any news?,True,2025-08-20T08:33:26
10605-8,10605,918,"All set on our side now, thanks for your patience.",True,2025-08-20T08:54:26
10605-9,10605,50927,"Perfect, thank you.",True,2025-08-20T10:54:26
10606-1,10606,50540,"Hi, I placed order #391648 on Jun 04 and I can't find any tracking info. Can you tell me where it is?",True,2025-06-23T05:58:00
10606-2,10606,924,"Thanks for the details, give me a moment to check on this.",True,2025-06-23T09:46:00
10606-3,10606,50540,"Actually, sorry, let me explain the real issue. Just wanted to say thank you, my order arrived early and in perfect condition.",True,2025-06-23T10:50:00
10606-4,10606,924,"Thanks for the details, give me a moment to check on this.",True,2025-06-23T13:50:00
10606-5,10606,50540,Following up on this.,True,2025-06-23T16:15:00
10606-6,10606,924,"I understand the frustration, let's get this sorted out.",True,2025-06-23T18:57:00
10606-7,10606,50540,Any news?,True,2025-06-23T19:55:00
10606-8,10606,924,"Thanks for confirming, I've closed this out on our end.",True,2025-06-23T22:34:00
10606-9,10606,50540,"OK thank you, that answers my question.",True,2025-06-23T22:39:00
10607-1,10607,51069,"Hi, my order arrived but it's short one item, teh box wasn't damaged so I'm not sure what happened.",True,2025-06-28T03:44:12
10607-2,10607,922,"I understand the frustration, let's get this sorted out.",True,2025-06-28T04:37:12
10607-3,10607,51069,"I checked teh box twice, it's definitely not there.",True,2025-06-28T06:07:12
10607-4,10607,922,"This has been taken care of, apologies again for the inconvenience.",True,2025-06-28T08:24:12
10607-5,10607,51069,"OK thank you, that answers my question.",True,2025-06-28T09:02:12
10608-1,10608,52716,"Hi, I'm getting a payment error and can't finish my order.",True,2025-07-08T20:04:32
10608-2,10608,914,"I understand the frustration, let's get this sorted out.",True,2025-07-08T21:20:32
10608-3,10608,52716,I've tried two different cards now.,True,2025-07-08T21:55:32
10608-4,10608,914,"I understand the frustration, let's get this sorted out.",True,2025-07-08T22:50:32
10608-5,10608,52716,Any news?,True,2025-07-09T00:52:32
10608-6,10608,914,"This has been taken care of, apologies again for the inconvenience.",True,2025-07-09T01:18:32
10608-7,10608,52716,"Perfect, thank you.",True,2025-07-09T01:27:32
10609-1,10609,52197,Order #954659 was supposed to arrive on Jun 16 and it's still not here. What's going on?,True,2025-07-04T08:52:03
10609-2,10609,925,"I'm sorry for the trouble, checking your account now.",True,2025-07-04T09:37:03
10609-3,10609,52197,"It's been 6 extra days now, this is getting frustrating.",True,2025-07-04T11:29:03
10609-4,10609,925,"I'm sorry for the trouble, checking your account now.",True,2025-07-04T16:05:03
10609-5,10609,52197,"OK, still waiting to hear back.",True,2025-07-04T16:17:03
10609-6,10609,925,"I'm sorry for the trouble, checking your account now.",True,2025-07-04T16:31:03
10609-7,10609,52197,Any news?,True,2025-07-04T18:05:03
10610-1,10610,50808,"Hi, the quality of this item really doesn't match the product description on the site.",True,2025-07-11T03:19:04
10610-2,10610,908,"Thanks for reaching out, let me look into this for you.",True,2025-07-11T07:14:04
10610-3,10610,50808,Is this normal for this product line?,True,2025-07-11T08:52:04
10610-4,10610,908,"This has been taken care of, apologies again for the inconvenience.",True,2025-07-11T12:11:04
10610-5,10610,50808,"Perfect, thank you.",True,2025-07-11T12:45:04
10611-1,10611,51109,"Hello, just checking on the status of order #666423, it's been a few days and I haven't heard anything.",True,2025-08-12T03:01:08
10611-2,10611,922,"Thanks for the details, give me a moment to check on this.",True,2025-08-12T03:19:08
10611-3,10611,51109,"Still no movement on the tracking page, is that normal?",True,2025-08-12T03:58:08
10611-4,10611,922,"I understand the frustration, let's get this sorted out.",True,2025-08-12T06:20:08
10611-5,10611,51109,"OK, still waiting to hear back.",True,2025-08-12T09:36:08
10611-6,10611,922,"Thanks for confirming, I've closed this out on our end.",True,2025-08-12T11:47:08
10611-7,10611,51109,"Perfect, thank you.",True,2025-08-12T12:33:08
10612-1,10612,51582,"Hi, I can't log into my account, it keeps saying my password is wrong even after resetting it.",True,2025-06-21T16:44:34
10612-2,10612,911,"Thanks for the details, give me a moment to check on this.",True,2025-06-21T16:59:34
10612-3,10612,51582,Is there another way to verify my identity?,True,2025-06-21T20:26:34
10612-4,10612,911,"This has been taken care of, apologies again for the inconvenience.",True,2025-06-22T01:09:34
10612-5,10612,51582,"OK thank you, that answers my question.",True,2025-06-22T01:45:34
10613-1,10613,53253,This might not be the right place but I wasn't sure where else to send this.,True,2025-06-08T16:40:05
10613-2,10613,905,"Thanks for reaching out, let me look into this for you.",True,2025-06-08T19:55:05
10613-3,10613,53253,Sorry if this isn't the right department.,True,2025-06-08T20:42:05
10613-4,10613,905,"This has been taken care of, apologies again for the inconvenience.",True,2025-06-09T01:00:05
10613-5,10613,53253,"Great, appreciate the quick resolution.",True,2025-06-09T02:21:05
10614-1,10614,52450,"Hello, just checking on the status of order #206979, it's been a few days and I haven't heard anything.",True,2025-08-21T16:23:48
10614-2,10614,910,"I'm sorry for the trouble, checking your account now.",True,2025-08-21T17:06:48
10614-3,10614,52450,"Actually, sorry, let me explain the real issue. Hi, the color/size I received doesn't match order #206979 at all.",True,2025-08-21T18:13:48
10614-4,10614,910,"I understand the frustration, let's get this sorted out.",True,2025-08-21T20:36:48
10614-5,10614,52450,"OK, still waiting to hear back.",True,2025-08-21T21:35:48
10614-6,10614,910,"This has been taken care of, apologies again for the inconvenience.",True,2025-08-22T00:54:48
10614-7,10614,52450,"Perfect, thank you.",True,2025-08-22T01:24:48
10615-1,10615,51248,"Hi, my order arrived and the backpack is broken, it won't turn on at all.",True,2025-07-16T10:17:32
10615-2,10615,916,"Thanks for the details, give me a moment to check on this.",True,2025-07-16T12:58:32
10615-3,10615,51248,Can I get a replacement or refund?,True,2025-07-16T14:45:32
10615-4,10615,916,"This has been taken care of, apologies again for the inconvenience.",True,2025-07-16T19:09:32
10615-5,10615,51248,"OK thank you, that answers my question.",True,2025-07-16T20:04:32
10616-1,10616,50955,"Hi, I was only refunded part of my order, can you check what happened?",True,2025-08-23T20:34:31
10616-2,10616,908,"I'm sorry for the trouble, checking your account now.",True,2025-08-23T21:15:31
10616-3,10616,50955,Can someone look into the difference?,True,2025-08-23T21:39:31
10616-4,10616,908,"I've resolved this on our end, please let us know if you need anything else.",True,2025-08-23T23:09:31
10616-5,10616,50955,"OK thank you, that answers my question.",True,2025-08-23T23:55:31
10617-1,10617,51647,The denim jacket I received feels much cheaper than it looked in the photos.,True,2025-07-13T04:02:42
10617-2,10617,907,"Thanks for the details, give me a moment to check on this.",True,2025-07-13T06:52:42
10617-3,10617,51647,It just doesn't feel like a $174 item.,True,2025-07-13T07:51:42
10617-4,10617,907,"I'm sorry for the trouble, checking your account now.",True,2025-07-13T09:45:42
10617-5,10617,51647,Following up on this.,True,2025-07-13T12:42:42
10617-6,10617,907,"This has been taken care of, apologies again for the inconvenience.",True,2025-07-13T13:02:42
10617-7,10617,51647,"Great, appreciate the quick resolution.",True,2025-07-13T14:37:42
10618-1,10618,50386,"I moved recently and my order #794939 is still set to go to my old address, can this be fixed?",True,2025-07-04T20:53:47
10618-2,10618,905,"Thanks for reaching out, let me look into this for you.",True,2025-07-04T23:27:47
10618-3,10618,50386,"Actually, sorry, let me explain the real issue. This might not be the right place but I wasn't sure where else to send this.",True,2025-07-05T04:08:47
10618-4,10618,905,"This has been taken care of, apologies again for the inconvenience.",True,2025-07-05T07:37:47
10618-5,10618,50386,Thanks for the help!,True,2025-07-05T09:29:47
10619-1,10619,52614,"Hi, my order arrived and the yoga mat is broken, it won't turn on at all.",True,2025-08-15T17:19:20
10619-2,10619,916,"I'm sorry for the trouble, checking your account now.",True,2025-08-15T18:39:20
10619-3,10619,52614,"I've tried everything, it's definitely faulty.",True,2025-08-15T19:46:20
10619-4,10619,916,"I'm sorry for the trouble, checking your account now.",True,2025-08-15T23:39:20
10619-5,10619,52614,"OK, still waiting to hear back.",True,2025-08-16T00:08:20
10619-6,10619,916,"I've resolved this on our end, please let us know if you need anything else.",True,2025-08-16T01:04:20
10619-7,10619,52614,"Perfect, thank you.",True,2025-08-16T01:14:20
10620-1,10620,51152,Can you help me change the phone number linked to my account?,True,2025-07-17T12:28:58
10620-2,10620,923,"Thanks for reaching out, let me look into this for you.",True,2025-07-17T14:47:58
10620-3,10620,51152,I want to make sure I still get order notifications after the change.,True,2025-07-17T16:19:58
10620-4,10620,923,"Thanks for confirming, I've closed this out on our end.",True,2025-07-17T16:58:58
10620-5,10620,51152,"Great, appreciate the quick resolution.",True,2025-07-17T17:05:58
10621-1,10621,53063,"Hi, when will I get my money back for the item I sent back?",True,2025-06-18T14:28:34
10621-2,10621,905,"Thanks for reaching out, let me look into this for you.",True,2025-06-18T17:34:34
10621-3,10621,53063,It's been longer than the timeline you gave me.,True,2025-06-18T20:45:34
10621-4,10621,905,"Thanks for reaching out, let me look into this for you.",True,2025-06-18T22:22:34
10621-5,10621,53063,Any news?,True,2025-06-18T22:47:34
10621-6,10621,905,"Thanks for confirming, I've closed this out on our end.",True,2025-06-19T00:38:34
10621-7,10621,53063,"OK thank you, that answers my question.",True,2025-06-19T01:03:34
10622-1,10622,53456,"The password reset link you sent isn't working, can you help me get back in?",True,2025-06-19T19:46:56
10622-2,10622,917,"I understand the frustration, let's get this sorted out.",True,2025-06-19T22:09:56
10622-3,10622,53456,Is there another way to verify my identity?,True,2025-06-19T23:49:56
10622-4,10622,917,"All set on our side now, thanks for your patience.",True,2025-06-20T03:51:56
10622-5,10622,53456,Thanks for the help!,True,2025-06-20T05:35:56
10623-1,10623,50823,"Hi, before I order the desk lamp, does it come in a larger size?",True,2025-06-14T20:49:06
10623-2,10623,907,"Thanks for reaching out, let me look into this for you.",True,2025-06-15T00:02:06
10623-3,10623,50823,Do you have a size guide I can check?,True,2025-06-15T03:39:06
10623-4,10623,907,"I understand the frustration, let's get this sorted out.",True,2025-06-15T04:37:06
10623-5,10623,50823,Following up on this.,True,2025-06-15T07:28:06
10624-1,10624,53155,"Hi, when will I get my money back for the item I sent back?",True,2025-07-13T12:22:38
10624-2,10624,902,"Thanks for the details, give me a moment to check on this.",True,2025-07-13T15:24:38
10624-3,10624,53155,My bank still shows no refund received.,True,2025-07-13T18:33:38
10624-4,10624,902,"I understand the frustration, let's get this sorted out.",True,2025-07-13T20:00:38
10624-5,10624,53155,Following up on this.,True,2025-07-13T21:44:38
10624-6,10624,902,"This has been taken care of, apologies again for the inconvenience.",True,2025-07-13T23:36:38
10624-7,10624,53155,"Perfect, thank you.",True,2025-07-14T00:59:38
10625-1,10625,51261,"I want to file a complaint, my overall experience with this order has been really disappointing.",True,2025-07-22T11:21:57
10625-2,10625,919,"I'm sorry for the trouble, checking your account now.",True,2025-07-22T15:12:57
10625-3,10625,51261,I'd like to know how this will be addressed.,True,2025-07-22T15:33:57
10625-4,10625,919,"I'm sorry for the trouble, checking your account now.",True,2025-07-22T18:00:57
10625-5,10625,51261,Any news?,True,2025-07-22T20:48:57
10625-6,10625,919,"All set on our side now, thanks for your patience.",True,2025-07-22T22:46:57
10625-7,10625,51261,"OK thank you, that answers my question.",True,2025-07-22T22:59:57
10626-1,10626,51257,"I returned my order #747817 8 days ago and haven't seen a refund yet, can you check?",True,2025-06-24T04:51:35
10626-2,10626,921,"Thanks for the details, give me a moment to check on this.",True,2025-06-24T05:58:35
10626-3,10626,51257,"Actually, sorry, let me explain the real issue. Hi, the amount charged to my card doesn't match my order total, can you check?",True,2025-06-24T10:02:35
10626-4,10626,921,"I've resolved this on our end, please let us know if you need anything else.",True,2025-06-24T14:45:35
10626-5,10626,51257,"Perfect, thank you.",True,2025-06-24T15:23:35
10627-1,10627,51338,Order #246319 was supposed to arrive on Aug 05 adn it's still not here. What's going on?,True,2025-08-20T19:03:02
10627-2,10627,905,"Thanks for reaching out, let me look into this for you.",True,2025-08-20T20:39:02
10627-3,10627,51338,"It's been 8 extra days now, this is getting frustrating.",True,2025-08-20T22:42:02
10627-4,10627,905,"I'm sorry for the trouble, checking your account now.",True,2025-08-21T03:36:02
10627-5,10627,51338,"OK, still waiting to hear back.",True,2025-08-21T06:36:02
10627-6,10627,905,"I understand the frustration, let's get this sorted out.",True,2025-08-21T08:10:02
10627-7,10627,51338,Following up on this.,True,2025-08-21T09:38:02
10627-8,10627,905,"Thanks for confirming, I've closed this out on our end.",True,2025-08-21T12:06:02
10627-9,10627,51338,Thanks for the help!,True,2025-08-21T12:44:02
10628-1,10628,50059,"Hi, when will I get my money back for the item I sent back?",True,2025-07-11T16:39:50
10628-2,10628,904,"Thanks for the details, give me a moment to check on this.",True,2025-07-11T20:26:50
10628-3,10628,50059,It's been longer than the timeline you gave me.,True,2025-07-11T22:20:50
10628-4,10628,904,"This has been taken care of, apologies again for the inconvenience.",True,2025-07-12T01:48:50
10628-5,10628,50059,"OK thank you, that answers my question.",True,2025-07-12T03:38:50
10629-1,10629,52953,"Hi, my delivery is running late, I ordered the wireless headphones over a week ago.",True,2025-07-19T07:35:30
10629-2,10629,900,"Thanks for the details, give me a moment to check on this.",True,2025-07-19T08:57:30
10629-3,10629,52953,"It's been 3 extra days now, this is getting frustrating.",True,2025-07-19T10:14:30
10629-4,10629,900,"Thanks for confirming, I've closed this out on our end.",True,2025-07-19T13:45:30
10629-5,10629,52953,"OK thank you, that answers my question.",True,2025-07-19T15:01:30
10630-1,10630,51547,What's the process to send back an item I ordered? It doesn't fit.,True,2025-06-12T11:21:07
10630-2,10630,904,"I'm sorry for the trouble, checking your account now.",True,2025-06-12T15:04:07
10630-3,10630,51547,Do I need to print anything or can I drop it off?,True,2025-06-12T16:17:07
10631-1,10631,51059,"Hi, I think I entered the wrong address for order #402591, could you update it before it ships?",True,2025-08-21T23:45:24
10631-2,10631,915,"I understand the frustration, let's get this sorted out.",True,2025-08-21T23:51:24
10631-3,10631,51059,Has the address been updated yet?,True,2025-08-22T00:42:24
10631-4,10631,915,"I've resolved this on our end, please let us know if you need anything else.",True,2025-08-22T03:50:24
10631-5,10631,51059,"Great, appreciate the quick resolution.",True,2025-08-22T03:55:24
10632-1,10632,52937,I ordered the laptop sleeve but received a completely different item.,True,2025-08-24T00:37:49
10632-2,10632,924,"I'm sorry for the trouble, checking your account now.",True,2025-08-24T02:05:49
10632-3,10632,52937,Should I send this one back first?,True,2025-08-24T03:47:49
10632-4,10632,924,"Thanks for the details, give me a moment to check on this.",True,2025-08-24T05:24:49
10632-5,10632,52937,Following up on this.,True,2025-08-24T06:09:49
10632-6,10632,924,"I've resolved this on our end, please let us know if you need anything else.",True,2025-08-24T07:39:49
10632-7,10632,52937,"Perfect, thank you.",True,2025-08-24T08:48:49
10633-1,10633,51376,"Hi, when will I get my money back for the item I sent back?",True,2025-07-28T22:57:03
10633-2,10633,901,"I'm sorry for the trouble, checking your account now.",True,2025-07-29T02:19:03
10633-3,10633,51376,My bank still shows no refund received.,True,2025-07-29T05:01:03
10633-4,10633,901,"Thanks for confirming, I've closed this out on our end.",True,2025-07-29T07:42:03
10633-5,10633,51376,"Perfect, thank you.",True,2025-07-29T08:02:03
10634-1,10634,50832,The running shoes I ordered stopped working after 10 days of normal use.,True,2025-07-15T10:46:32
10634-2,10634,901,"I'm sorry for the trouble, checking your account now.",True,2025-07-15T14:46:32
10634-3,10634,50832,"I've tried everything, it's definitely faulty.",True,2025-07-15T18:34:32
10634-4,10634,901,"This has been taken care of, apologies again for the inconvenience.",True,2025-07-15T23:06:32
10634-5,10634,50832,Thanks for the help!,True,2025-07-16T00:54:32
10635-1,10635,50039,What's the process to send back an item I ordered? It doesn't fit.,True,2025-07-10T13:49:11
10635-2,10635,909,"I understand the frustration, let's get this sorted out.",True,2025-07-10T14:51:11
10635-3,10635,50039,Do I need to print anything or can I drop it off?,True,2025-07-10T19:23:11
10635-4,10635,909,"Thanks for reaching out, let me look into this for you.",True,2025-07-10T20:24:11
10635-5,10635,50039,Any news?,True,2025-07-10T22:05:11
10635-6,10635,909,"All set on our side now, thanks for your patience.",True,2025-07-11T01:10:11
10635-7,10635,50039,"OK thank you, that answers my question.",True,2025-07-11T01:50:11
10636-1,10636,52426,This might not be the right place but I wasn't sure where else to send this.,True,2025-08-24T20:17:04
10636-2,10636,925,"Thanks for reaching out, let me look into this for you.",True,2025-08-24T22:49:04
10636-3,10636,52426,"Actually, sorry, let me explain teh real issue. Hi, I can't log into my account, it keeps saying my password is wrong even after resetting it.",True,2025-08-24T23:17:04
10636-4,10636,925,"I've resolved this on our end, please let us know if you need anything else.",True,2025-08-25T04:10:04
10636-5,10636,52426,"Great, appreciate the quick resolution.",True,2025-08-25T05:23:04
10637-1,10637,52717,"Hi, the color/size I received doesn't match order #508800 at all.",True,2025-06-27T04:01:10
10637-2,10637,916,"I understand the frustration, let's get this sorted out.",True,2025-06-27T07:36:10
10637-3,10637,52717,Should I send this one back first?,True,2025-06-27T10:34:10
10637-4,10637,916,"I've resolved this on our end, please let us know if you need anything else.",True,2025-06-27T15:10:10
10637-5,10637,52717,Thanks for the help!,True,2025-06-27T17:02:10
10638-1,10638,53358,"Hi, the color/size I received doesn't match order #573802 at all.",True,2025-07-20T04:37:12
10638-2,10638,904,"I'm sorry for the trouble, checking your account now.",True,2025-07-20T06:49:12
10638-3,10638,53358,Should I send this one back first?,True,2025-07-20T11:26:12
10638-4,10638,904,"This has been taken care of, apologies again for the inconvenience.",True,2025-07-20T16:03:12
10638-5,10638,53358,Thanks for the help!,True,2025-07-20T17:29:12
10639-1,10639,52367,I used the code SAVE10 but it didn't apply any discount at checkout.,True,2025-08-29T17:36:31
10639-2,10639,907,"Thanks for the details, give me a moment to check on this.",True,2025-08-29T19:15:31
10639-3,10639,52367,Can you apply it retroactively or refund the difference?,True,2025-08-29T20:40:31
10639-4,10639,907,"Thanks for the details, give me a moment to check on this.",True,2025-08-29T22:43:31
10639-5,10639,52367,Following up on this.,True,2025-08-29T23:15:31
10639-6,10639,907,"I've resolved this on our end, please let us know if you need anything else.",True,2025-08-30T02:13:31
10639-7,10639,52367,"OK thank you, that answers my question.",True,2025-08-30T03:54:31
10640-1,10640,50518,Order #703637 was supposed to arrive on Jul 30 and it's still not here. What's going on?,True,2025-08-07T21:56:47
10640-2,10640,921,"Thanks for the details, give me a moment to check on this.",True,2025-08-07T23:21:47
10640-3,10640,50518,"It's been 11 extra days now, this is getting frustrating.",True,2025-08-08T00:33:47
10640-4,10640,921,"All set on our side now, thanks for your patience.",True,2025-08-08T04:21:47
10640-5,10640,50518,Thanks for the help!,True,2025-08-08T06:11:47
10641-1,10641,50555,"Hi, when will I get my money back for teh item I sent back?",True,2025-07-12T23:09:13
10641-2,10641,909,"I understand the frustration, let's get this sorted out.",True,2025-07-13T01:47:13
10641-3,10641,50555,It's been longer than the timeline you gave me.,True,2025-07-13T06:47:13
10641-4,10641,909,"Thanks for the details, give me a moment to check on this.",True,2025-07-13T07:27:13
10641-5,10641,50555,Any news?,True,2025-07-13T09:56:13
10641-6,10641,909,"All set on our side now, thanks for your patience.",True,2025-07-13T11:56:13
10641-7,10641,50555,"Great, appreciate the quick resolution.",True,2025-07-13T12:58:13
10642-1,10642,52395,"I was charged twice for order #221309, can you refund the duplicate?",True,2025-07-03T12:01:22
10642-2,10642,915,"I understand the frustration, let's get this sorted out.",True,2025-07-03T12:52:22
10642-3,10642,52395,"I have both charges on my statement, want me to send a screenshot?",True,2025-07-03T13:16:22
10642-4,10642,915,"I understand the frustration, let's get this sorted out.",True,2025-07-03T18:04:22
10642-5,10642,52395,"OK, still waiting to hear back.",True,2025-07-03T19:58:22
10643-1,10643,50281,Can you help me change the phone number linked to my account?,True,2025-06-07T23:12:02
10643-2,10643,922,"I'm sorry for the trouble, checking your account now.",True,2025-06-07T23:26:02
10643-3,10643,50281,I want to make sure I still get order notifications after the change.,True,2025-06-08T04:22:02
10643-4,10643,922,"This has been taken care of, apologies again for the inconvenience.",True,2025-06-08T04:36:02
10643-5,10643,50281,"Great, appreciate the quick resolution.",True,2025-06-08T05:35:02
10644-1,10644,51856,The graphic t-shirt I ordered stopped working after 2 days of normal use.,True,2025-07-23T16:52:14
10644-2,10644,903,"Thanks for reaching out, let me look into this for you.",True,2025-07-23T20:37:14
10644-3,10644,51856,"I've tried everything, it's definitely faulty.",True,2025-07-23T22:15:14
10644-4,10644,903,"Thanks for the details, give me a moment to check on this.",True,2025-07-24T02:43:14
10644-5,10644,51856,Following up on this.,True,2025-07-24T05:30:14
10644-6,10644,903,"All set on our side now, thanks for your patience.",True,2025-07-24T07:36:14
10644-7,10644,51856,"Perfect, thank you.",True,2025-07-24T09:17:14
10645-1,10645,53066,"Hi, I was only refunded part of my order, can you check what happened?",True,2025-07-15T16:31:07
10645-2,10645,914,"Thanks for reaching out, let me look into this for you.",True,2025-07-15T19:52:07
10645-3,10645,53066,Can someone look into the difference?,True,2025-07-15T21:45:07
10645-4,10645,914,"Thanks for reaching out, let me look into this for you.",True,2025-07-16T02:12:07
10645-5,10645,53066,Any news?,True,2025-07-16T04:31:07
10645-6,10645,914,"Thanks for confirming, I've closed this out on our end.",True,2025-07-16T05:33:07
10645-7,10645,53066,"Perfect, thank you.",True,2025-07-16T07:01:07
10646-1,10646,51657,I used the code SAVE10 but it didn't apply any discount at checkout.,True,2025-07-11T21:57:00
10646-2,10646,909,"I understand the frustration, let's get this sorted out.",True,2025-07-12T00:45:00
10646-3,10646,51657,The code was definitely still valid.,True,2025-07-12T01:06:00
10646-4,10646,909,"I've resolved this on our end, please let us know if you need anything else.",True,2025-07-12T04:14:00
10646-5,10646,51657,Thanks for the help!,True,2025-07-12T04:52:00
10647-1,10647,50348,"I returned my order #240457 14 days ago and haven't seen a refund yet, can you check?",True,2025-07-30T09:07:22
10647-2,10647,919,"I'm sorry for the trouble, checking your account now.",True,2025-07-30T09:37:22
10647-3,10647,50348,My bank still shows no refund received.,True,2025-07-30T11:08:22
10647-4,10647,919,"Thanks for reaching out, let me look into this for you.",True,2025-07-30T16:00:22
10647-5,10647,50348,Any news?,True,2025-07-30T18:49:22
10647-6,10647,919,"I've resolved this on our end, please let us know if you need anything else.",True,2025-07-30T22:01:22
10647-7,10647,50348,"Great, appreciate the quick resolution.",True,2025-07-30T23:27:22
10648-1,10648,52405,"My card keeps getting declined when I try to check out, even though there are funds available.",True,2025-07-14T04:55:09
10648-2,10648,923,"I'm sorry for the trouble, checking your account now.",True,2025-07-14T08:23:09
10648-3,10648,52405,Is there an issue on your end with payments?,True,2025-07-14T10:07:09
10649-1,10649,50441,Order #501155 was supposed to arrive on May 19 and it's still not here. What's going on?,True,2025-06-05T16:45:02
10649-2,10649,917,"Thanks for reaching out, let me look into this for you.",True,2025-06-05T17:33:02
10649-3,10649,50441,"It's been 3 extra days now, this is getting frustrating.",True,2025-06-05T19:00:02
10649-4,10649,917,"I'm sorry for the trouble, checking your account now.",True,2025-06-05T19:26:02
10649-5,10649,50441,Any news?,True,2025-06-05T21:16:02
10649-6,10649,917,"All set on our side now, thanks for your patience.",True,2025-06-06T00:30:02
10649-7,10649,50441,"OK thank you, that answers my question.",True,2025-06-06T01:00:02
10650-1,10650,52477,"Hi, the courier says my package for order #449740 was delivered but it's nowhere to be found. Hi, when will I get my money back for the item I sent back?",True,2025-06-09T17:14:31
10650-2,10650,910,"I'm sorry for the trouble, checking your account now.",True,2025-06-09T18:02:31
10650-3,10650,52477,"I've looked everywhere, it's genuinely not here.",True,2025-06-09T18:59:31
10650-4,10650,910,"I understand the frustration, let's get this sorted out.",True,2025-06-09T20:53:31
10650-5,10650,52477,"OK, still waiting to hear back.",True,2025-06-09T23:27:31
10650-6,10650,910,"I've resolved this on our end, please let us know if you need anything else.",True,2025-06-10T02:47:31
10650-7,10650,52477,"OK thank you, that answers my question.",True,2025-06-10T04:15:31
10651-1,10651,53564,"I was charged twice for order #620070, can you refund the duplicate?",True,2025-08-07T16:09:26
10651-2,10651,922,"I'm sorry for the trouble, checking your account now.",True,2025-08-07T16:51:26
10651-3,10651,53564,This needs to be corrected soon.,True,2025-08-07T19:35:26
10651-4,10651,922,"Thanks for confirming, I've closed this out on our end.",True,2025-08-07T20:52:26
10651-5,10651,53564,"Great, appreciate the quick resolution.",True,2025-08-07T20:58:26
10652-1,10652,50581,"Hello, just checking on the status of order #384790, it's been a few days and I haven't heard anything.",True,2025-07-31T11:13:46
10652-2,10652,923,"Thanks for the details, give me a moment to check on this.",True,2025-07-31T12:48:46
10652-3,10652,50581,Any update on this? It's been a while.,True,2025-07-31T13:46:46
10652-4,10652,923,"Thanks for confirming, I've closed this out on our end.",True,2025-07-31T15:02:46
10652-5,10652,50581,"Perfect, thank you.",True,2025-07-31T16:24:46
10653-1,10653,51412,"Hi, I placed order #138855 on Jul 15 and I can't find any tracking info. Can you tell me where it is?",True,2025-07-20T03:45:22
10653-2,10653,922,"Thanks for the details, give me a moment to check on this.",True,2025-07-20T06:49:22
10653-3,10653,51412,"Still no movement on the tracking page, is that normal?",True,2025-07-20T11:33:22
10653-4,10653,922,"I'm sorry for the trouble, checking your account now.",True,2025-07-20T16:06:22
10653-5,10653,51412,Any news?,True,2025-07-20T17:10:22
10654-1,10654,52093,The running shoes I ordered stopped working after 11 days of normal use.,True,2025-08-14T17:12:42
10654-2,10654,923,"I'm sorry for the trouble, checking your account now.",True,2025-08-14T20:25:42
10654-3,10654,52093,"Actually, sorry, let me explain the real issue. Hi, I need to update the email address on my account.",True,2025-08-14T23:56:42
10654-4,10654,923,"Thanks for confirming, I've closed this out on our end.",True,2025-08-15T02:03:42
10654-5,10654,52093,"OK thank you, that answers my question.",True,2025-08-15T02:42:42
10655-1,10655,50917,"I just opened my package for order #296599 and the desk lamp is missing, only the rest of the items were inside.",True,2025-07-08T08:08:20
10655-2,10655,918,"I'm sorry for the trouble, checking your account now.",True,2025-07-08T11:57:20
10655-3,10655,50917,"I checked teh box twice, it's definitely not there.",True,2025-07-08T13:58:20
10655-4,10655,918,"I understand the frustration, let's get this sorted out.",True,2025-07-08T14:17:20
10655-5,10655,50917,Any news?,True,2025-07-08T15:30:20
10655-6,10655,918,"Thanks for confirming, I've closed this out on our end.",True,2025-07-08T18:50:20
10655-7,10655,50917,"Great, appreciate the quick resolution.",True,2025-07-08T19:53:20
10656-1,10656,50496,"Hi, I placed order #997448 on Aug 09 and I can't find any tracking info. Can you tell me where it is?",True,2025-08-12T15:57:00
10656-2,10656,908,"I understand the frustration, let's get this sorted out.",True,2025-08-12T18:54:00
10656-3,10656,50496,"Still no movement on the tracking page, is that normal?",True,2025-08-12T19:26:00
10657-1,10657,51003,"Hi, could you send me an invoice for order #718121? I need it for accounting.",True,2025-08-23T20:44:38
10657-2,10657,901,"Thanks for reaching out, let me look into this for you.",True,2025-08-23T22:43:38
10657-3,10657,51003,Can it include the VAT breakdown?,True,2025-08-23T23:42:38
10657-4,10657,901,"Thanks for the details, give me a moment to check on this.",True,2025-08-24T04:36:38
10657-5,10657,51003,Following up on this.,True,2025-08-24T06:10:38
10657-6,10657,901,"All set on our side now, thanks for your patience.",True,2025-08-24T06:56:38
10657-7,10657,51003,Thanks for the help!,True,2025-08-24T07:20:38
10658-1,10658,51486,"Hi, when will I get my money back for the item I sent back?",True,2025-06-22T18:28:17
10658-2,10658,906,"Thanks for reaching out, let me look into this for you.",True,2025-06-22T18:46:17
10658-3,10658,51486,It's been longer than the timeline you gave me.,True,2025-06-22T19:25:17
10658-4,10658,906,"Thanks for reaching out, let me look into this for you.",True,2025-06-22T19:43:17
10658-5,10658,51486,Following up on this.,True,2025-06-22T22:49:17
10659-1,10659,50611,"Hi, quick question about your returns policy, can I return an item I already opened?",True,2025-07-19T07:43:22
10659-2,10659,912,"I understand the frustration, let's get this sorted out.",True,2025-07-19T08:37:22
10659-3,10659,50611,Does that apply to sale items too?,True,2025-07-19T11:26:22
10659-4,10659,912,"I've resolved this on our end, please let us know if you need anything else.",True,2025-07-19T13:29:22
10659-5,10659,50611,Thanks for the help!,True,2025-07-19T14:11:22
10660-1,10660,50439,"Hi, the color/size I recieved doesn't match order #924497 at all.",True,2025-07-09T02:36:04
10660-2,10660,917,"Thanks for the details, give me a moment to check on this.",True,2025-07-09T02:55:04
10660-3,10660,50439,Should I send this one back first?,True,2025-07-09T06:43:04
10660-4,10660,917,"This has been taken care of, apologies again for the inconvenience.",True,2025-07-09T07:05:04
10660-5,10660,50439,"Great, appreciate the quick resolution.",True,2025-07-09T08:16:04
10661-1,10661,50520,"Hi, when will I get my money back for teh item I sent back?",True,2025-08-24T05:11:40
10661-2,10661,918,"I'm sorry for the trouble, checking your account now.",True,2025-08-24T06:39:40
10661-3,10661,50520,My bank still shows no refund recieved.,True,2025-08-24T09:01:40
10661-4,10661,918,"I'm sorry for the trouble, checking your account now.",True,2025-08-24T11:47:40
10661-5,10661,50520,Any news?,True,2025-08-24T13:49:40
10662-1,10662,51363,"My card keeps getting declined when I try to check out, even though there are funds available.",True,2025-07-16T10:33:46
10662-2,10662,907,"I understand the frustration, let's get this sorted out.",True,2025-07-16T10:59:46
10662-3,10662,51363,I've tried two different cards now.,True,2025-07-16T14:38:46
10662-4,10662,907,"Thanks for reaching out, let me look into this for you.",True,2025-07-16T16:11:46
10662-5,10662,51363,"OK, still waiting to hear back.",True,2025-07-16T19:14:46
10662-6,10662,907,"I'm sorry for the trouble, checking your account now.",True,2025-07-16T21:21:46
10662-7,10662,51363,Any news?,True,2025-07-16T23:11:46
10662-8,10662,907,"Thanks for confirming, I've closed this out on our end.",True,2025-07-16T23:21:46
10662-9,10662,51363,"OK thank you, that answers my question.",True,2025-07-17T00:56:46
10663-1,10663,51130,"Hi, when will I get my money back for the item I sent back?",True,2025-07-27T13:28:56
10663-2,10663,902,"Thanks for reaching out, let me look into this for you.",True,2025-07-27T16:01:56
10663-3,10663,51130,My bank stil shows no refund received.,True,2025-07-27T17:57:56
10663-4,10663,902,"Thanks for the details, give me a moment to check on this.",True,2025-07-27T19:02:56
10663-5,10663,51130,Following up on this.,True,2025-07-27T21:20:56
10664-1,10664,51259,"Hi, I'm getting a payment error and can't finish my order.",True,2025-07-09T03:55:56
10664-2,10664,901,"Thanks for the details, give me a moment to check on this.",True,2025-07-09T04:41:56
10664-3,10664,51259,I've tried two different cards now.,True,2025-07-09T07:02:56
10664-4,10664,901,"Thanks for the details, give me a moment to check on this.",True,2025-07-09T07:20:56
10664-5,10664,51259,Following up on this.,True,2025-07-09T08:42:56
10664-6,10664,901,"Thanks for reaching out, let me look into this for you.",True,2025-07-09T09:14:56
10664-7,10664,51259,Following up on this.,True,2025-07-09T09:49:56
10664-8,10664,901,"This has been taken care of, apologies again for the inconvenience.",True,2025-07-09T13:00:56
10664-9,10664,51259,Thanks for the help!,True,2025-07-09T14:14:56
10665-1,10665,51256,"I moved recently and my order #627108 is still set to go to my old address, can this be fixed?",True,2025-07-24T09:47:50
10665-2,10665,907,"Thanks for the details, give me a moment to check on this.",True,2025-07-24T09:56:50
10665-3,10665,51256,Has the address been updated yet?,True,2025-07-24T10:56:50
10666-1,10666,53285,Order #520949 was supposed to arrive on Aug 16 and it's still not here. What's going on?,True,2025-08-18T13:40:01
10666-2,10666,923,"Thanks for reaching out, let me look into this for you.",True,2025-08-18T15:23:01
10666-3,10666,53285,"It's been 11 extra days now, this is getting frustrating.",True,2025-08-18T16:02:01
10666-4,10666,923,"I've resolved this on our end, please let us know if you need anything else.",True,2025-08-18T17:35:01
10666-5,10666,53285,"OK thank you, that answers my question.",True,2025-08-18T18:56:01
10667-1,10667,50054,Where can I download a receipt for my recent purchase?,True,2025-08-25T06:26:30
10667-2,10667,906,"Thanks for reaching out, let me look into this for you.",True,2025-08-25T06:42:30
10667-3,10667,50054,Can it include the VAT breakdown?,True,2025-08-25T10:10:30
10667-4,10667,906,"Thanks for reaching out, let me look into this for you.",True,2025-08-25T13:21:30
10667-5,10667,50054,Following up on this.,True,2025-08-25T16:35:30
10667-6,10667,906,"All set on our side now, thanks for your patience.",True,2025-08-25T17:51:30
10667-7,10667,50054,"OK thank you, that answers my question.",True,2025-08-25T19:44:30
10668-1,10668,52575,"I returned my order #454101 13 days ago and haven't seen a refund yet, can you check?",True,2025-08-27T05:13:28
10668-2,10668,903,"I understand the frustration, let's get this sorted out.",True,2025-08-27T05:18:28
10668-3,10668,52575,My bank still shows no refund recieved.,True,2025-08-27T06:38:28
10669-1,10669,53419,The yoga mat I ordered stopped working after 8 days of normal use.,True,2025-06-19T11:01:43
10669-2,10669,904,"I understand the frustration, let's get this sorted out.",True,2025-06-19T11:16:43
10669-3,10669,53419,"I've tried everything, it's definitely faulty.",True,2025-06-19T15:00:43
10669-4,10669,904,"I've resolved this on our end, please let us know if you need anything else.",True,2025-06-19T15:13:43
10669-5,10669,53419,"Perfect, thank you.",True,2025-06-19T16:44:43
10670-1,10670,50695,"Hi, my delivery is running late, I ordered the smartwatch over a week ago.",True,2025-08-19T00:27:18
10670-2,10670,920,"Thanks for the details, give me a moment to check on this.",True,2025-08-19T02:09:18
10670-3,10670,50695,Do you have an updated delivery estimate?,True,2025-08-19T06:12:18
10670-4,10670,920,"Thanks for the details, give me a moment to check on this.",True,2025-08-19T09:41:18
10670-5,10670,50695,Any news?,True,2025-08-19T10:07:18
10670-6,10670,920,"This has been taken care of, apologies again for the inconvenience.",True,2025-08-19T12:55:18
10670-7,10670,50695,"Perfect, thank you.",True,2025-08-19T14:13:18
10671-1,10671,53013,"Hi, I was supposed to get a discount but my order #507261 was charged full price.",True,2025-08-21T10:23:19
10671-2,10671,903,"Thanks for the details, give me a moment to check on this.",True,2025-08-21T13:56:19
10671-3,10671,53013,Can you apply it retroactively or refund the difference?,True,2025-08-21T15:26:19
10671-4,10671,903,"I'm sorry for the trouble, checking your account now.",True,2025-08-21T16:33:19
10671-5,10671,53013,"OK, still waiting to hear back.",True,2025-08-21T19:10:19
10671-6,10671,903,"All set on our side now, thanks for your patience.",True,2025-08-21T20:33:19
10671-7,10671,53013,Thanks for the help!,True,2025-08-21T21:42:19
10672-1,10672,53025,Where can I download a receipt for my recent purchase?,True,2025-08-13T16:21:04
10672-2,10672,913,"I understand the frustration, let's get this sorted out.",True,2025-08-13T19:52:04
10672-3,10672,53025,I need this fairly soon for my records.,True,2025-08-13T22:30:04
10673-1,10673,50012,"Hi, I'm getting a payment error and can't finish my order.",True,2025-06-11T18:50:56
10673-2,10673,910,"Thanks for the details, give me a moment to check on this.",True,2025-06-11T21:16:56
10673-3,10673,50012,I've tried two different cards now.,True,2025-06-12T00:10:56
10673-4,10673,910,"Thanks for reaching out, let me look into this for you.",True,2025-06-12T01:30:56
10673-5,10673,50012,Any news?,True,2025-06-12T03:34:56
10674-1,10674,50403,"Hi, I can't log into my account, it keeps saying my password is wrong even after resetting it.",True,2025-06-15T02:05:24
10674-2,10674,910,"Thanks for the details, give me a moment to check on this.",True,2025-06-15T05:31:24
10674-3,10674,50403,"Actually, sorry, let me explain the real issue. Hi, my order arrived and the sneakers is broken, it won't turn on at all.",True,2025-06-15T09:23:24
10674-4,10674,910,"I've resolved this on our end, please let us know if you need anything else.",True,2025-06-15T10:45:24
10674-5,10674,50403,"OK thank you, that answers my question.",True,2025-06-15T10:53:24
10675-1,10675,53091,Order #796862 shows as delivered but I never received anything. I've checked with neighbours and the building office.,True,2025-07-29T08:45:48
10675-2,10675,920,"Thanks for the details, give me a moment to check on this.",True,2025-07-29T10:58:48
10675-3,10675,53091,"Actually, sorry, let me explain the real issue. I ordered the smartwatch but received a completely different item.",True,2025-07-29T15:03:48
10675-4,10675,920,"I understand the frustration, let's get this sorted out.",True,2025-07-29T17:25:48
10675-5,10675,53091,Following up on this.,True,2025-07-29T20:30:48
10676-1,10676,51837,"I returned my order #495572 9 days ago and haven't seen a refund yet, can you check?",True,2025-06-13T09:19:00
10676-2,10676,913,"Thanks for the details, give me a moment to check on this.",True,2025-06-13T09:59:00
10676-3,10676,51837,It's been longer than the timeline you gave me.,True,2025-06-13T11:13:00
10676-4,10676,913,"Thanks for reaching out, let me look into this for you.",True,2025-06-13T15:41:00
10676-5,10676,51837,Following up on this.,True,2025-06-13T17:35:00
10676-6,10676,913,"All set on our side now, thanks for your patience.",True,2025-06-13T20:42:00
10676-7,10676,51837,"OK thank you, that answers my question.",True,2025-06-13T21:53:00
10677-1,10677,53184,"Hello, just checking on the status of order #650320, it's been a few days and I haven't heard anything.",True,2025-07-02T13:42:50
10677-2,10677,907,"Thanks for the details, give me a moment to check on this.",True,2025-07-02T15:36:50
10677-3,10677,53184,"Still no movement on the tracking page, is that normal?",True,2025-07-02T15:50:50
10677-4,10677,907,"Thanks for confirming, I've closed this out on our end.",True,2025-07-02T18:44:50
10677-5,10677,53184,"OK thank you, that answers my question.",True,2025-07-02T19:53:50
10678-1,10678,51787,Order #919206 shows as delivered but I never received anything. I've checked with neighbours and the building office.,True,2025-08-18T12:29:01
10678-2,10678,902,"I'm sorry for the trouble, checking your account now.",True,2025-08-18T15:34:01
10678-3,10678,51787,"I've looked everywhere, it's genuinely not here.",True,2025-08-18T17:13:01
10678-4,10678,902,"Thanks for confirming, I've closed this out on our end.",True,2025-08-18T21:29:01
10678-5,10678,51787,"Perfect, thank you.",True,2025-08-18T23:20:01
10679-1,10679,52014,"I moved recently and my order #746749 is still set to go to my old address, can this be fixed?",True,2025-06-06T04:58:49
10679-2,10679,903,"I understand the frustration, let's get this sorted out.",True,2025-06-06T08:36:49
10679-3,10679,52014,Has the address been updated yet?,True,2025-06-06T08:50:49
10680-1,10680,52779,"Hi, I placed order #672907 on Aug 14 and I can't find any tracking info. Can you tell me where it is?",True,2025-08-15T10:35:04
10680-2,10680,912,"Thanks for reaching out, let me look into this for you.",True,2025-08-15T13:59:04
10680-3,10680,52779,Any update on this? It's been a while.,True,2025-08-15T17:04:04
10680-4,10680,912,"This has been taken care of, apologies again for the inconvenience.",True,2025-08-15T17:30:04
10680-5,10680,52779,"OK thank you, that answers my question.",True,2025-08-15T18:27:04
10681-1,10681,53493,"The winter coat I ordered stopped working after 5 days of normal use. Hi, the color/size I received doesn't match order #920531 at all.",True,2025-07-11T02:26:10
10681-2,10681,903,"Thanks for the details, give me a moment to check on this.",True,2025-07-11T05:44:10
10681-3,10681,53493,"I've tried everything, it's definitely faulty.",True,2025-07-11T08:07:10
10681-4,10681,903,"Thanks for the details, give me a moment to check on this.",True,2025-07-11T09:37:10
10681-5,10681,53493,Following up on this.,True,2025-07-11T10:14:10
10681-6,10681,903,"I'm sorry for the trouble, checking your account now.",True,2025-07-11T12:58:10
10681-7,10681,53493,Following up on this.,True,2025-07-11T16:16:10
10681-8,10681,903,"This has been taken care of, apologies again for the inconvenience.",True,2025-07-11T17:23:10
10681-9,10681,53493,"OK thank you, that answers my question.",True,2025-07-11T19:05:10
10682-1,10682,50910,"Hi, my order arrived and the denim jacket is broken, it won't turn on at all.",True,2025-06-28T04:00:49
10682-2,10682,911,"Thanks for the details, give me a moment to check on this.",True,2025-06-28T06:49:49
10682-3,10682,50910,"I've tried everything, it's definitely faulty.",True,2025-06-28T10:01:49
10682-4,10682,911,"All set on our side now, thanks for your patience.",True,2025-06-28T14:21:49
10682-5,10682,50910,"OK thank you, that answers my question.",True,2025-06-28T14:28:49
10683-1,10683,51714,"I returned my order #122754 10 days ago and haven't seen a refund yet, can you check?",True,2025-07-04T01:49:48
10683-2,10683,923,"Thanks for the details, give me a moment to check on this.",True,2025-07-04T05:12:48
10683-3,10683,51714,It's been longer than the timeline you gave me.,True,2025-07-04T07:23:48
10683-4,10683,923,"I'm sorry for the trouble, checking your account now.",True,2025-07-04T07:50:48
10683-5,10683,51714,Any news?,True,2025-07-04T08:40:48
10683-6,10683,923,"This has been taken care of, apologies again for the inconvenience.",True,2025-07-04T09:39:48
10683-7,10683,51714,"Great, appreciate the quick resolution.",True,2025-07-04T09:44:48
10684-1,10684,51409,"Hi, my delivery is running late, I ordered the bluetooth speaker over a week ago.",True,2025-08-20T12:44:46
10684-2,10684,901,"I'm sorry for the trouble, checking your account now.",True,2025-08-20T16:09:46
10684-3,10684,51409,"It's been 14 extra days now, this is getting frustrating.",True,2025-08-20T17:58:46
10684-4,10684,901,"Thanks for the details, give me a moment to check on this.",True,2025-08-20T19:46:46
10684-5,10684,51409,Any news?,True,2025-08-20T20:59:46
10684-6,10684,901,"I understand the frustration, let's get this sorted out.",True,2025-08-20T21:50:46
10684-7,10684,51409,"OK, still waiting to hear back.",True,2025-08-20T22:33:46
10684-8,10684,901,"This has been taken care of, apologies again for the inconvenience.",True,2025-08-21T01:00:46
10684-9,10684,51409,"Great, appreciate the quick resolution.",True,2025-08-21T01:20:46
10685-1,10685,50662,"My card keeps getting declined when I try to check out, even though there are funds available.",True,2025-08-11T00:06:21
10685-2,10685,918,"I'm sorry for the trouble, checking your account now.",True,2025-08-11T01:53:21
10685-3,10685,50662,Is there an issue on your end with payments?,True,2025-08-11T02:41:21
10685-4,10685,918,"This has been taken care of, apologies again for the inconvenience.",True,2025-08-11T06:46:21
10685-5,10685,50662,Thanks for the help!,True,2025-08-11T06:59:21
10686-1,10686,51400,"Hi, my delivery is running late, I ordered the running shoes over a week ago.",True,2025-06-09T21:37:37
10686-2,10686,919,"I understand the frustration, let's get this sorted out.",True,2025-06-09T22:52:37
10686-3,10686,51400,"It's been 13 extra days now, this is getting frustrating.",True,2025-06-10T01:45:37
10686-4,10686,919,"I understand the frustration, let's get this sorted out.",True,2025-06-10T06:15:37
10686-5,10686,51400,Any news?,True,2025-06-10T07:29:37
10687-1,10687,51837,The graphic t-shirt I ordered stopped working after 6 days of normal use.,True,2025-06-03T09:46:00
10687-2,10687,925,"Thanks for the details, give me a moment to check on this.",True,2025-06-03T10:49:00
10687-3,10687,51837,"Actually, sorry, let me explain the real issue. Just some feedback, it would be great if the website had a size comparison tool.",True,2025-06-03T14:00:00
10687-4,10687,925,"All set on our side now, thanks for your patience.",True,2025-06-03T15:21:00
10687-5,10687,51837,Thanks for the help!,True,2025-06-03T15:56:00
10688-1,10688,51068,Is there any way to get notified when the denim jacket is restocked?,True,2025-06-12T13:06:23
10688-2,10688,914,"Thanks for reaching out, let me look into this for you.",True,2025-06-12T15:29:23
10688-3,10688,51068,"I really want this before Jun 07, is that realistic?",True,2025-06-12T17:11:23
10688-4,10688,914,"I understand the frustration, let's get this sorted out.",True,2025-06-12T19:55:23
10688-5,10688,51068,"OK, still waiting to hear back.",True,2025-06-12T22:11:23
10688-6,10688,914,"Thanks for confirming, I've closed this out on our end.",True,2025-06-13T00:11:23
10688-7,10688,51068,"Great, appreciate the quick resolution.",True,2025-06-13T02:02:23
10689-1,10689,51451,"Hi, my delivery is running late, I ordered the yoga mat over a week ago.",True,2025-07-27T04:58:03
10689-2,10689,903,"I'm sorry for the trouble, checking your account now.",True,2025-07-27T05:52:03
10689-3,10689,51451,Do you have an updated delivery estimate?,True,2025-07-27T08:46:03
10689-4,10689,903,"Thanks for reaching out, let me look into this for you.",True,2025-07-27T12:23:03
10689-5,10689,51451,Following up on this.,True,2025-07-27T15:42:03
10689-6,10689,903,"This has been taken care of, apologies again for the inconvenience.",True,2025-07-27T17:00:03
10689-7,10689,51451,"Great, appreciate the quick resolution.",True,2025-07-27T18:29:03
10690-1,10690,50328,"Hi, my delivery is running late, I ordered the wireless headphones over a week ago.",True,2025-06-16T08:41:35
10690-2,10690,925,"I'm sorry for the trouble, checking your account now.",True,2025-06-16T10:31:35
10690-3,10690,50328,"It's been 14 extra days now, this is getting frustrating.",True,2025-06-16T12:49:35
10691-1,10691,51177,"I was charged twice for order #734896, can you refund teh duplicate?",True,2025-07-25T01:39:00
10691-2,10691,918,"Thanks for reaching out, let me look into this for you.",True,2025-07-25T05:15:00
10691-3,10691,51177,This needs to be corrected soon.,True,2025-07-25T08:29:00
10691-4,10691,918,"All set on our side now, thanks for your patience.",True,2025-07-25T10:18:00
10691-5,10691,51177,Thanks for the help!,True,2025-07-25T11:45:00
10692-1,10692,53020,"Hi, when will I get my money back for the item I sent back?",True,2025-06-20T23:44:15
10692-2,10692,924,"Thanks for reaching out, let me look into this for you.",True,2025-06-21T03:27:15
10692-3,10692,53020,My bank still shows no refund received.,True,2025-06-21T04:00:15
10692-4,10692,924,"All set on our side now, thanks for your patience.",True,2025-06-21T05:23:15
10692-5,10692,53020,"Perfect, thank you.",True,2025-06-21T06:19:15
10693-1,10693,51941,"Hi, my delivery is running late, I ordered the wireless headphones over a week ago.",True,2025-07-06T13:58:18
10693-2,10693,913,"I'm sorry for the trouble, checking your account now.",True,2025-07-06T16:51:18
10693-3,10693,51941,"It's been 2 extra days now, this is getting frustrating.",True,2025-07-06T18:55:18
10693-4,10693,913,"I'm sorry for the trouble, checking your account now.",True,2025-07-06T20:50:18
10693-5,10693,51941,"OK, still waiting to hear back.",True,2025-07-06T22:45:18
10693-6,10693,913,"Thanks for the details, give me a moment to check on this.",True,2025-07-06T22:58:18
10693-7,10693,51941,Following up on this.,True,2025-07-07T00:20:18
10694-1,10694,51130,"Hi, I was only refunded part of my order, can you check what happened?",True,2025-08-08T03:55:12
10694-2,10694,909,"I'm sorry for the trouble, checking your account now.",True,2025-08-08T06:57:12
10694-3,10694,51130,Can someone look into the difference?,True,2025-08-08T09:15:12
10694-4,10694,909,"I understand the frustration, let's get this sorted out.",True,2025-08-08T09:48:12
10694-5,10694,51130,Any news?,True,2025-08-08T10:15:12
10695-1,10695,53423,"Hi, my delivery is running late, I ordered the wireless headphones over a week ago.",True,2025-07-22T09:27:12
10695-2,10695,915,"Thanks for the details, give me a moment to check on this.",True,2025-07-22T10:40:12
10695-3,10695,53423,Do you have an updated delivery estimate?,True,2025-07-22T14:29:12
10695-4,10695,915,"I understand the frustration, let's get this sorted out.",True,2025-07-22T17:58:12
10695-5,10695,53423,"OK, still waiting to hear back.",True,2025-07-22T20:33:12
10695-6,10695,915,"All set on our side now, thanks for your patience.",True,2025-07-22T21:25:12
10695-7,10695,53423,"Perfect, thank you.",True,2025-07-22T23:08:12
10696-1,10696,51712,"I got refunded for order #307471 but the amount is way less than what I paid. Hi, the amount charged to my card doesn't match my order total, can you check?",True,2025-06-26T13:34:44
10696-2,10696,917,"Thanks for the details, give me a moment to check on this.",True,2025-06-26T14:37:44
10696-3,10696,51712,Can someone look into the difference?,True,2025-06-26T17:27:44
10696-4,10696,917,"All set on our side now, thanks for your patience.",True,2025-06-26T19:54:44
10696-5,10696,51712,"Perfect, thank you.",True,2025-06-26T20:29:44
10697-1,10697,52382,"I just opened my package for order #548099 and the backpack is missing, only the rest of the items were inside.",True,2025-07-19T13:44:04
10697-2,10697,924,"Thanks for reaching out, let me look into this for you.",True,2025-07-19T15:25:04
10697-3,10697,52382,Can you send the missing item or refund it?,True,2025-07-19T20:12:04
10697-4,10697,924,"Thanks for the details, give me a moment to check on this.",True,2025-07-19T23:21:04
10697-5,10697,52382,Any news?,True,2025-07-20T01:17:04
10697-6,10697,924,"I understand the frustration, let's get this sorted out.",True,2025-07-20T02:00:04
10697-7,10697,52382,Any news?,True,2025-07-20T03:09:04
10698-1,10698,52127,The laptop sleeve I ordered stopped working after 9 days of normal use.,True,2025-08-07T22:51:38
10698-2,10698,911,"I understand the frustration, let's get this sorted out.",True,2025-08-08T01:54:38
10698-3,10698,52127,Can I get a replacement or refund?,True,2025-08-08T06:51:38
10698-4,10698,911,"Thanks for confirming, I've closed this out on our end.",True,2025-08-08T07:11:38
10698-5,10698,52127,"OK thank you, that answers my question.",True,2025-08-08T08:52:38
10699-1,10699,51819,"Hi, the courier says my package for order #128363 was delivered but it's nowhere to be found.",True,2025-07-24T21:32:32
10699-2,10699,908,"I'm sorry for the trouble, checking your account now.",True,2025-07-24T22:11:32
10699-3,10699,51819,Can you open an investigation with the carrier?,True,2025-07-24T23:54:32
10699-4,10699,908,"Thanks for reaching out, let me look into this for you.",True,2025-07-25T02:27:32
10699-5,10699,51819,Any news?,True,2025-07-25T04:48:32
10699-6,10699,908,"Thanks for confirming, I've closed this out on our end.",True,2025-07-25T07:08:32
10699-7,10699,51819,"Great, appreciate the quick resolution.",True,2025-07-25T07:55:32
10700-1,10700,51586,Order #812756 was supposed to arrive on Jul 17 and it's still not here. What's going on?,True,2025-07-23T02:57:26
10700-2,10700,915,"Thanks for the details, give me a moment to check on this.",True,2025-07-23T03:07:26
10700-3,10700,51586,"It's been 10 extra days now, this is getting frustrating.",True,2025-07-23T04:27:26
10700-4,10700,915,"Thanks for reaching out, let me look into this for you.",True,2025-07-23T05:37:26
10700-5,10700,51586,Following up on this.,True,2025-07-23T06:54:26
10700-6,10700,915,"I've resolved this on our end, please let us know if you need anything else.",True,2025-07-23T09:27:26
10700-7,10700,51586,"OK thank you, that answers my question.",True,2025-07-23T10:41:26
10701-1,10701,50765,Order #809011 was supposed to arrive on Jul 06 and it's still not here. What's going on?,True,2025-07-07T14:39:48
10701-2,10701,901,"I'm sorry for the trouble, checking your account now.",True,2025-07-07T15:14:48
10701-3,10701,50765,Do you have an updated delivery estimate?,True,2025-07-07T18:58:48
10701-4,10701,901,"I've resolved this on our end, please let us know if you need anything else.",True,2025-07-07T21:07:48
10701-5,10701,50765,"OK thank you, that answers my question.",True,2025-07-07T22:20:48
10702-1,10702,51659,The yoga mat I received feels much cheaper than it looked in the photos.,True,2025-06-03T17:59:13
10702-2,10702,918,"I understand the frustration, let's get this sorted out.",True,2025-06-03T19:35:13
10702-3,10702,51659,"Actually, sorry, let me explain the real issue. The yoga mat I ordered stopped working after 12 days of normal use.",True,2025-06-03T23:35:13
10702-4,10702,918,"I understand the frustration, let's get this sorted out.",True,2025-06-04T00:17:13
10702-5,10702,51659,"OK, still waiting to hear back.",True,2025-06-04T01:15:13
10702-6,10702,918,"This has been taken care of, apologies again for the inconvenience.",True,2025-06-04T02:59:13
10702-7,10702,51659,"Great, appreciate the quick resolution.",True,2025-06-04T03:38:13
10703-1,10703,53324,Is there any way to get notified when the laptop sleeve is restocked?,True,2025-08-11T06:04:55
10703-2,10703,901,"Thanks for the details, give me a moment to check on this.",True,2025-08-11T07:45:55
10703-3,10703,53324,"I really want this before Aug 08, is that realistic?",True,2025-08-11T09:48:55
10703-4,10703,901,"Thanks for reaching out, let me look into this for you.",True,2025-08-11T12:53:55
10703-5,10703,53324,Any news?,True,2025-08-11T13:29:55
10703-6,10703,901,"Thanks for the details, give me a moment to check on this.",True,2025-08-11T16:25:55
10703-7,10703,53324,Following up on this.,True,2025-08-11T19:03:55
10703-8,10703,901,"I've resolved this on our end, please let us know if you need anything else.",True,2025-08-11T22:01:55
10703-9,10703,53324,Thanks for the help!,True,2025-08-11T22:48:55
10704-1,10704,51949,"I returned my order #412836 2 days ago and haven't seen a refund yet, can you check?",True,2025-08-28T23:00:09
10704-2,10704,901,"I'm sorry for the trouble, checking your account now.",True,2025-08-29T00:47:09
10704-3,10704,51949,"Actually, sorry, let me explain the real issue. Hi, I'd like to return the laptop sleeve from order #412836, can you send me a return label?",True,2025-08-29T05:27:09
10704-4,10704,901,"Thanks for the details, give me a moment to check on this.",True,2025-08-29T08:08:09
10704-5,10704,51949,Following up on this.,True,2025-08-29T08:25:09
10704-6,10704,901,"All set on our side now, thanks for your patience.",True,2025-08-29T08:39:09
10704-7,10704,51949,"Great, appreciate the quick resolution.",True,2025-08-29T09:56:09
10705-1,10705,50308,"Hi, my order arrived and the graphic t-shirt is broken, it won't turn on at all.",True,2025-07-09T12:01:59
10705-2,10705,913,"Thanks for reaching out, let me look into this for you.",True,2025-07-09T15:41:59
10705-3,10705,50308,"I've tried everything, it's definitely faulty.",True,2025-07-09T17:53:59
10705-4,10705,913,"This has been taken care of, apologies again for the inconvenience.",True,2025-07-09T21:56:59
10705-5,10705,50308,"Great, appreciate the quick resolution.",True,2025-07-09T22:54:59
10706-1,10706,51335,Order #365375 was supposed to arrive on Jul 17 and it's still not here. What's going on?,True,2025-07-28T08:43:41
10706-2,10706,925,"I'm sorry for the trouble, checking your account now.",True,2025-07-28T11:36:41
10706-3,10706,51335,"It's been 12 extra days now, this is getting frustrating.",True,2025-07-28T14:18:41
10706-4,10706,925,"I've resolved this on our end, please let us know if you need anything else.",True,2025-07-28T17:39:41
10706-5,10706,51335,"Great, appreciate the quick resolution.",True,2025-07-28T18:03:41
10707-1,10707,51659,"Hi, the color/size I received doesn't match order #570663 at all.",True,2025-07-26T12:39:24
10707-2,10707,922,"I understand the frustration, let's get this sorted out.",True,2025-07-26T13:40:24
10707-3,10707,51659,"Actually, sorry, let me explain the real issue. Hi, the denim jacket shows as out of stock, do you know when it'll be available again?",True,2025-07-26T16:00:24
10707-4,10707,922,"I'm sorry for the trouble, checking your account now.",True,2025-07-26T18:32:24
10707-5,10707,51659,Following up on this.,True,2025-07-26T20:24:24
10708-1,10708,52041,"Hi, when will I get my money back for the item I sent back?",True,2025-06-26T03:54:45
10708-2,10708,907,"I understand the frustration, let's get this sorted out.",True,2025-06-26T06:14:45
10708-3,10708,52041,It's been longer than the timeline you gave me.,True,2025-06-26T08:49:45
10708-4,10708,907,"I'm sorry for the trouble, checking your account now.",True,2025-06-26T13:49:45
10708-5,10708,52041,Following up on this.,True,2025-06-26T14:33:45
10709-1,10709,52539,"Hello, just checking on the status of order #575744, it's been a few days and I haven't heard anything.",True,2025-07-08T22:50:25
10709-2,10709,904,"I'm sorry for the trouble, checking your account now.",True,2025-07-09T02:25:25
10709-3,10709,52539,Any update on this? It's been a while.,True,2025-07-09T07:15:25
10709-4,10709,904,"Thanks for confirming, I've closed this out on our end.",True,2025-07-09T09:15:25
10709-5,10709,52539,"OK thank you, that answers my question.",True,2025-07-09T11:10:25
10710-1,10710,50767,"Hi, I think I entered the wrong address for order #359060, could you update it before it ships?",True,2025-07-10T11:42:00
10710-2,10710,911,"Thanks for reaching out, let me look into this for you.",True,2025-07-10T15:02:00
10710-3,10710,50767,Has the address been updated yet?,True,2025-07-10T16:31:00
10710-4,10710,911,"All set on our side now, thanks for your patience.",True,2025-07-10T16:56:00
10710-5,10710,50767,"OK thank you, that answers my question.",True,2025-07-10T17:07:00
10711-1,10711,53035,"Hi, I can't log into my account, it keeps saying my password is wrong even after resetting it.",True,2025-08-17T15:12:02
10711-2,10711,920,"I'm sorry for the trouble, checking your account now.",True,2025-08-17T16:39:02
10711-3,10711,53035,Is there another way to verify my identity?,True,2025-08-17T21:27:02
10711-4,10711,920,"Thanks for confirming, I've closed this out on our end.",True,2025-08-17T22:44:02
10711-5,10711,53035,"Perfect, thank you.",True,2025-08-18T00:11:02
10712-1,10712,50046,"Hi, my delivery is running late, I ordered the smartwatch over a week ago.",True,2025-08-04T13:45:41
10712-2,10712,910,"I understand the frustration, let's get this sorted out.",True,2025-08-04T16:13:41
10712-3,10712,50046,"Actually, sorry, let me explain the real issue. The smartwatch I ordered stopped working after 7 days of normal use.",True,2025-08-04T17:27:41
10712-4,10712,910,"Thanks for reaching out, let me look into this for you.",True,2025-08-04T21:02:41
10712-5,10712,50046,Any news?,True,2025-08-04T21:33:41
10712-6,10712,910,"I've resolved this on our end, please let us know if you need anything else.",True,2025-08-05T00:31:41
10712-7,10712,50046,"OK thank you, that answers my question.",True,2025-08-05T01:33:41
10713-1,10713,53103,"Hi, your support team helped me out so quickly yesterday, really appreciated it.",True,2025-08-06T16:15:41
10713-2,10713,924,"Thanks for reaching out, let me look into this for you.",True,2025-08-06T17:17:41
10713-3,10713,53103,Keep up the great work!,True,2025-08-06T19:06:41
10713-4,10713,924,"Thanks for reaching out, let me look into this for you.",True,2025-08-06T21:57:41
10713-5,10713,53103,"OK, still waiting to hear back.",True,2025-08-06T22:10:41
10713-6,10713,924,"I understand the frustration, let's get this sorted out.",True,2025-08-07T00:27:41
10713-7,10713,53103,"OK, still waiting to hear back.",True,2025-08-07T02:43:41
10713-8,10713,924,"Thanks for confirming, I've closed this out on our end.",True,2025-08-07T05:37:41
10713-9,10713,53103,Thanks for the help!,True,2025-08-07T06:26:41
10714-1,10714,50600,I used the code NOVA5 but it didn't apply any discount at checkout.,True,2025-07-27T14:48:47
10714-2,10714,922,"Thanks for the details, give me a moment to check on this.",True,2025-07-27T18:20:47
10714-3,10714,50600,Can you apply it retroactively or refund the difference?,True,2025-07-27T21:08:47
10714-4,10714,922,"I understand the frustration, let's get this sorted out.",True,2025-07-27T21:18:47
10714-5,10714,50600,"OK, still waiting to hear back.",True,2025-07-27T23:18:47
10714-6,10714,922,"Thanks for confirming, I've closed this out on our end.",True,2025-07-28T01:21:47
10714-7,10714,50600,"Great, appreciate the quick resolution.",True,2025-07-28T03:16:47
10715-1,10715,52833,"Hi, I'm getting a payment error and can't finish my order.",True,2025-06-07T22:29:49
10715-2,10715,915,"Thanks for the details, give me a moment to check on this.",True,2025-06-08T00:51:49
10715-3,10715,52833,Is there an issue on your end with payments?,True,2025-06-08T01:41:49
10716-1,10716,50005,"Hi, the quality of this item really doesn't match the product description on the site.",True,2025-08-07T12:53:05
10716-2,10716,911,"I understand the frustration, let's get this sorted out.",True,2025-08-07T16:28:05
10716-3,10716,50005,"Actually, sorry, let me explain the real issue. Hi, could you send me an invoice for order #946998? I need it for accounting.",True,2025-08-07T16:39:05
10716-4,10716,911,"Thanks for the details, give me a moment to check on this.",True,2025-08-07T16:55:05
10716-5,10716,50005,"OK, still waiting to hear back.",True,2025-08-07T18:24:05
10716-6,10716,911,"I've resolved this on our end, please let us know if you need anything else.",True,2025-08-07T20:52:05
10716-7,10716,50005,"Great, appreciate the quick resolution.",True,2025-08-07T22:34:05
10717-1,10717,52410,"Hi, I've had several issues with my last few orders and I'm not happy with the service.",True,2025-06-15T14:13:49
10717-2,10717,912,"Thanks for reaching out, let me look into this for you.",True,2025-06-15T16:36:49
10717-3,10717,52410,I'd like to know how this will be addressed.,True,2025-06-15T18:03:49
10717-4,10717,912,"I've resolved this on our end, please let us know if you need anything else.",True,2025-06-15T20:57:49
10717-5,10717,52410,"OK thank you, that answers my question.",True,2025-06-15T22:57:49
10718-1,10718,53551,"Hi, when will I get my money back for the item I sent back?",True,2025-07-02T04:18:46
10718-2,10718,906,"I understand the frustration, let's get this sorted out.",True,2025-07-02T04:36:46
10718-3,10718,53551,It's been longer than the timeline you gave me.,True,2025-07-02T08:55:46
10719-1,10719,52215,This might not be the right place but I wasn't sure where else to send this.,True,2025-07-28T06:30:56
10719-2,10719,923,"Thanks for reaching out, let me look into this for you.",True,2025-07-28T08:01:56
10719-3,10719,52215,Let me know if I should contact someone else instead.,True,2025-07-28T11:06:56
10719-4,10719,923,"I've resolved this on our end, please let us know if you need anything else.",True,2025-07-28T14:40:56
10719-5,10719,52215,"OK thank you, that answers my question.",True,2025-07-28T16:01:56
10720-1,10720,50074,"Quick question, is the backpack compatible with older devices?",True,2025-08-22T08:58:30
10720-2,10720,910,"I'm sorry for the trouble, checking your account now.",True,2025-08-22T11:56:30
10720-3,10720,50074,"Actually, sorry, let me explain the real issue. Hi, I can't log into my account, it keeps saying my password is wrong even after resetting it.",True,2025-08-22T13:46:30
10720-4,10720,910,"All set on our side now, thanks for your patience.",True,2025-08-22T14:28:30
10720-5,10720,50074,"Great, appreciate the quick resolution.",True,2025-08-22T16:06:30
10721-1,10721,51671,"Hi, I'd like to return the winter coat from order #895810, can yuo send me a return label?",True,2025-06-17T08:47:15
10721-2,10721,904,"I understand the frustration, let's get this sorted out.",True,2025-06-17T10:56:15
10721-3,10721,51671,"Actually, sorry, let me explain the real issue. Hi, the winter coat shows as out of stock, do yuo know when it'll be available again?",True,2025-06-17T11:09:15
10721-4,10721,904,"Thanks for confirming, I've closed this out on our end.",True,2025-06-17T11:45:15
10721-5,10721,51671,"OK thank you, that answers my question.",True,2025-06-17T12:20:15
10722-1,10722,52650,I ordered the wireless headphones but recieved a completely different item.,True,2025-08-16T05:22:00
10722-2,10722,920,"Thanks for the details, give me a moment to check on this.",True,2025-08-16T06:03:00
10722-3,10722,52650,I still want the item I originally ordered.,True,2025-08-16T07:22:00
10722-4,10722,920,"I understand the frustration, let's get this sorted out.",True,2025-08-16T09:14:00
10722-5,10722,52650,Following up on this.,True,2025-08-16T10:58:00
10722-6,10722,920,"All set on our side now, thanks for your patience.",True,2025-08-16T13:07:00
10722-7,10722,52650,Thanks for the help!,True,2025-08-16T13:41:00
10723-1,10723,50202,"Hi, my delivery is running late, I ordered the graphic t-shirt over a week ago.",True,2025-07-10T04:11:02
10723-2,10723,919,"Thanks for the details, give me a moment to check on this.",True,2025-07-10T04:27:02
10723-3,10723,50202,Do you have an updated delivery estimate?,True,2025-07-10T07:03:02
10723-4,10723,919,"Thanks for reaching out, let me look into this for you.",True,2025-07-10T09:08:02
10723-5,10723,50202,"OK, still waiting to hear back.",True,2025-07-10T11:40:02
10723-6,10723,919,"Thanks for confirming, I've closed this out on our end.",True,2025-07-10T14:31:02
10723-7,10723,50202,"Perfect, thank you.",True,2025-07-10T15:20:02
10724-1,10724,51630,Where can I download a receipt for my recent purchase?,True,2025-06-16T06:43:38
10724-2,10724,912,"I understand the frustration, let's get this sorted out.",True,2025-06-16T07:48:38
10724-3,10724,51630,I need this fairly soon for my records.,True,2025-06-16T08:50:38
10724-4,10724,912,"Thanks for confirming, I've closed this out on our end.",True,2025-06-16T10:11:38
10724-5,10724,51630,"Perfect, thank you.",True,2025-06-16T10:17:38
10725-1,10725,50536,How many days do I have to return something after delivery?,True,2025-06-06T17:22:23
10725-2,10725,906,"I understand the frustration, let's get this sorted out.",True,2025-06-06T19:15:23
10725-3,10725,50536,Is there a restocking fee?,True,2025-06-06T20:13:23
10725-4,10725,906,"I've resolved this on our end, please let us know if you need anything else.",True,2025-06-06T23:59:23
10725-5,10725,50536,"Great, appreciate the quick resolution.",True,2025-06-07T00:51:23
10726-1,10726,52419,"Hello, just checking on the status of order #493610, it's been a few days and I haven't heard anything.",True,2025-07-22T14:59:16
10726-2,10726,910,"Thanks for reaching out, let me look into this for you.",True,2025-07-22T17:01:16
10726-3,10726,52419,"Actually, sorry, let me explain the real issue. Hi, your support team helped me out so quickly yesterday, really appreciated it.",True,2025-07-22T17:51:16
10726-4,10726,910,"I understand the frustration, let's get this sorted out.",True,2025-07-22T20:34:16
10726-5,10726,52419,"OK, still waiting to hear back.",True,2025-07-22T23:12:16
10726-6,10726,910,"I've resolved this on our end, please let us know if you need anything else.",True,2025-07-23T01:11:16
10726-7,10726,52419,"Great, appreciate the quick resolution.",True,2025-07-23T02:26:16
10727-1,10727,52569,Have you considered adding more filters to the search page? Would make browsing easier.,True,2025-07-07T01:02:35
10727-2,10727,921,"Thanks for reaching out, let me look into this for you.",True,2025-07-07T04:46:35
10727-3,10727,52569,"Just a thought, not urgent at all.",True,2025-07-07T05:47:35
10727-4,10727,921,"Thanks for confirming, I've closed this out on our end.",True,2025-07-07T07:20:35
10727-5,10727,52569,"Great, appreciate the quick resolution.",True,2025-07-07T07:55:35
10728-1,10728,53220,"I returned my order #371661 15 days ago and haven't seen a refund yet, can you check?",True,2025-07-22T11:24:55
10728-2,10728,921,"I understand the frustration, let's get this sorted out.",True,2025-07-22T13:26:55
10728-3,10728,53220,My bank still shows no refund received.,True,2025-07-22T15:11:55
10728-4,10728,921,"I'm sorry for the trouble, checking your account now.",True,2025-07-22T17:22:55
10728-5,10728,53220,Following up on this.,True,2025-07-22T18:29:55
10729-1,10729,52356,"I returned my order #298074 14 days ago and haven't seen a refund yet, can you check?",True,2025-06-01T00:17:04
10729-2,10729,903,"I'm sorry for the trouble, checking your account now.",True,2025-06-01T02:36:04
10729-3,10729,52356,My bank still shows no refund received.,True,2025-06-01T02:50:04
10729-4,10729,903,"All set on our side now, thanks for your patience.",True,2025-06-01T03:43:04
10729-5,10729,52356,"OK thank you, that answers my question.",True,2025-06-01T04:04:04
10730-1,10730,50826,"Hi, I placed order #972769 on May 30 and I can't find any tracking info. Can you tell me where it is?",True,2025-06-12T07:34:01
10730-2,10730,917,"I'm sorry for the trouble, checking your account now.",True,2025-06-12T08:17:01
10730-3,10730,50826,"Still no movement on the tracking page, is that normal?",True,2025-06-12T12:39:01
10730-4,10730,917,"I've resolved this on our end, please let us know if you need anything else.",True,2025-06-12T13:27:01
10730-5,10730,50826,"OK thank you, that answers my question.",True,2025-06-12T14:22:01
10731-1,10731,50849,Where can I download a receipt for my recent purchase?,True,2025-06-22T16:00:24
10731-2,10731,917,"I understand the frustration, let's get this sorted out.",True,2025-06-22T18:48:24
10731-3,10731,50849,Can it include the VAT breakdown?,True,2025-06-22T21:30:24
10731-4,10731,917,"Thanks for confirming, I've closed this out on our end.",True,2025-06-23T01:53:24
10731-5,10731,50849,"Perfect, thank you.",True,2025-06-23T02:58:24
10732-1,10732,51520,"Hi, when will I get my money back for the item I sent back?",True,2025-08-16T15:03:59
10732-2,10732,918,"Thanks for the details, give me a moment to check on this.",True,2025-08-16T18:54:59
10732-3,10732,51520,It's been longer than the timeline you gave me.,True,2025-08-16T22:34:59
10732-4,10732,918,"I'm sorry for the trouble, checking your account now.",True,2025-08-17T01:25:59
10732-5,10732,51520,Following up on this.,True,2025-08-17T02:01:59
10733-1,10733,51055,"Hello, just checking on the status of order #876043, it's been a few days and I haven't heard anything.",True,2025-07-17T01:33:27
10733-2,10733,919,"I understand the frustration, let's get this sorted out.",True,2025-07-17T04:56:27
10733-3,10733,51055,Any update on this? It's been a while.,True,2025-07-17T07:37:27
10733-4,10733,919,"All set on our side now, thanks for your patience.",True,2025-07-17T08:52:27
10733-5,10733,51055,"OK thank you, that answers my question.",True,2025-07-17T10:51:27
10734-1,10734,52705,"Hi, I've had several issues with my last few orders and I'm not happy with the service.",True,2025-06-27T05:50:35
10734-2,10734,903,"I'm sorry for the trouble, checking your account now.",True,2025-06-27T09:47:35
10734-3,10734,52705,I'd like to know how this will be addressed.,True,2025-06-27T14:28:35
10735-1,10735,50263,This is a formal request for a copy of all personal data you have on file for me.,True,2025-07-18T21:50:09
10735-2,10735,916,"Thanks for reaching out, let me look into this for you.",True,2025-07-18T23:34:09
10735-3,10735,50263,How long will this take to process?,True,2025-07-19T03:00:09
10735-4,10735,916,"Thanks for the details, give me a moment to check on this.",True,2025-07-19T04:52:09
10735-5,10735,50263,Following up on this.,True,2025-07-19T07:29:09
10735-6,10735,916,"Thanks for confirming, I've closed this out on our end.",True,2025-07-19T09:13:09
10735-7,10735,50263,"Perfect, thank you.",True,2025-07-19T10:53:09
10736-1,10736,52323,"Hi, before I order the leather wallet, does it come in a larger size?",True,2025-06-18T13:10:56
10736-2,10736,924,"I'm sorry for the trouble, checking your account now.",True,2025-06-18T13:30:56
10736-3,10736,52323,"Also, what material is it made from?",True,2025-06-18T17:13:56
10736-4,10736,924,"Thanks for confirming, I've closed this out on our end.",True,2025-06-18T20:39:56
10736-5,10736,52323,"Perfect, thank you.",True,2025-06-18T21:25:56
10737-1,10737,51353,What's the process to send back an item I ordered? It doesn't fit.,True,2025-07-18T13:56:25
10737-2,10737,915,"I understand the frustration, let's get this sorted out.",True,2025-07-18T16:15:25
10737-3,10737,51353,"Actually, sorry, let me explain the real issue. Hi, the quality of this item really doesn't match the product description on teh site.",True,2025-07-18T19:17:25
10737-4,10737,915,"All set on our side now, thanks for your patience.",True,2025-07-18T20:03:25
10737-5,10737,51353,"Great, appreciate the quick resolution.",True,2025-07-18T20:21:25
10738-1,10738,53153,"Hi, I think I entered the wrong address for order #250701, could you update it before it ships?",True,2025-07-13T23:46:59
10738-2,10738,916,"Thanks for reaching out, let me look into this for you.",True,2025-07-14T01:46:59
10738-3,10738,53153,I'm worried it will ship before this gets fixed.,True,2025-07-14T04:01:59
10738-4,10738,916,"All set on our side now, thanks for your patience.",True,2025-07-14T05:50:59
10738-5,10738,53153,"Great, appreciate the quick resolution.",True,2025-07-14T06:14:59
10739-1,10739,53265,The wireless headphones I ordered stopped working after 11 days of normal use.,True,2025-06-05T09:58:34
10739-2,10739,922,"Thanks for reaching out, let me look into this for you.",True,2025-06-05T11:53:34
10739-3,10739,53265,"Actually, sorry, let me explain the real issue. This might not be the right place but I wasn't sure where else to send this.",True,2025-06-05T16:06:34
10739-4,10739,922,"This has been taken care of, apologies again for the inconvenience.",True,2025-06-05T20:25:34
10739-5,10739,53265,"Perfect, thank you.",True,2025-06-05T21:41:34
10740-1,10740,50053,Order #890113 was supposed to arrive on May 22 and it's still not here. What's going on?,True,2025-06-04T20:16:29
10740-2,10740,909,"Thanks for reaching out, let me look into this for you.",True,2025-06-04T21:25:29
10740-3,10740,50053,"It's been 13 extra days now, this is getting frustrating.",True,2025-06-05T00:27:29
10740-4,10740,909,"I understand the frustration, let's get this sorted out.",True,2025-06-05T01:48:29
10740-5,10740,50053,"OK, still waiting to hear back.",True,2025-06-05T01:58:29
10740-6,10740,909,"All set on our side now, thanks for your patience.",True,2025-06-05T05:11:29
10740-7,10740,50053,Thanks for the help!,True,2025-06-05T05:34:29
10741-1,10741,51360,"Hello, just checking on the status of order #300498, it's been a few days and I haven't heard anything.",True,2025-08-16T14:21:55
10741-2,10741,916,"Thanks for the details, give me a moment to check on this.",True,2025-08-16T17:02:55
10741-3,10741,51360,"Still no movement on the tracking page, is that normal?",True,2025-08-16T18:10:55
10741-4,10741,916,"I'm sorry for the trouble, checking your account now.",True,2025-08-16T20:36:55
10741-5,10741,51360,"OK, still waiting to hear back.",True,2025-08-16T21:37:55
10741-6,10741,916,"I'm sorry for the trouble, checking your account now.",True,2025-08-16T23:55:55
10741-7,10741,51360,Any news?,True,2025-08-17T02:40:55
10741-8,10741,916,"Thanks for confirming, I've closed this out on our end.",True,2025-08-17T05:34:55
10741-9,10741,51360,"Perfect, thank you.",True,2025-08-17T07:08:55
10742-1,10742,51758,"Hi, my order arrived and the sneakers is broken, it won't turn on at all.",True,2025-07-03T19:43:46
10742-2,10742,900,"Thanks for reaching out, let me look into this for you.",True,2025-07-03T20:37:46
10742-3,10742,51758,Can I get a replacement or refund?,True,2025-07-04T00:03:46
10742-4,10742,900,"I'm sorry for the trouble, checking your account now.",True,2025-07-04T01:46:46
10742-5,10742,51758,Following up on this.,True,2025-07-04T04:44:46
10742-6,10742,900,"I've resolved this on our end, please let us know if you need anything else.",True,2025-07-04T07:48:46
10742-7,10742,51758,Thanks for the help!,True,2025-07-04T09:36:46
10743-1,10743,51562,"I returned my order #675415 2 days ago and haven't seen a refund yet, can you check?",True,2025-07-22T06:10:19
10743-2,10743,911,"Thanks for reaching out, let me look into this for you.",True,2025-07-22T08:23:19
10743-3,10743,51562,"Actually, sorry, let me explain the real issue. Hi, I'd like to delete my account and all data you hold on me, please confirm once done.",True,2025-07-22T09:50:19
10743-4,10743,911,"I understand the frustration, let's get this sorted out.",True,2025-07-22T10:18:19
10743-5,10743,51562,Any news?,True,2025-07-22T11:48:19
10743-6,10743,911,"Thanks for confirming, I've closed this out on our end.",True,2025-07-22T15:00:19
10743-7,10743,51562,"Perfect, thank you.",True,2025-07-22T15:12:19
10744-1,10744,52568,"Hi, I'd like to return the running shoes from order #722170, can yuo send me a return label?",True,2025-07-16T04:24:20
10744-2,10744,925,"Thanks for reaching out, let me look into this for you.",True,2025-07-16T07:03:20
10744-3,10744,52568,Where do I send the package back to?,True,2025-07-16T11:58:20
10745-1,10745,50841,"Hi, the denim jacket shows as out of stock, do you know when it'll be available again?",True,2025-06-15T03:48:01
10745-2,10745,916,"Thanks for the details, give me a moment to check on this.",True,2025-06-15T06:34:01
10745-3,10745,50841,"I really want this before Jun 12, is that realistic?",True,2025-06-15T07:29:01
10745-4,10745,916,"I understand the frustration, let's get this sorted out.",True,2025-06-15T08:58:01
10745-5,10745,50841,"OK, still waiting to hear back.",True,2025-06-15T11:55:01
10745-6,10745,916,"I'm sorry for the trouble, checking your account now.",True,2025-06-15T14:15:01
10745-7,10745,50841,Following up on this.,True,2025-06-15T14:31:01
10745-8,10745,916,"Thanks for confirming, I've closed this out on our end.",True,2025-06-15T16:46:01
10745-9,10745,50841,Thanks for the help!,True,2025-06-15T17:40:01
10746-1,10746,50898,"Hi, my delivery is running late, I ordered the graphic t-shirt over a week ago.",True,2025-07-24T15:44:35
10746-2,10746,915,"Thanks for reaching out, let me look into this for you.",True,2025-07-24T17:09:35
10746-3,10746,50898,"Actually, sorry, let me explain the real issue. Have you considered adding more filters to the search page? Would make browsing easier.",True,2025-07-24T20:54:35
10746-4,10746,915,"I'm sorry for the trouble, checking your account now.",True,2025-07-25T01:29:35
10746-5,10746,50898,Any news?,True,2025-07-25T02:27:35
10746-6,10746,915,"I've resolved this on our end, please let us know if you need anything else.",True,2025-07-25T04:07:35
10746-7,10746,50898,"OK thank you, that answers my question.",True,2025-07-25T05:54:35
10747-1,10747,51322,I used the code WELCOME15 but it didn't apply any discount at checkout.,True,2025-06-04T21:17:43
10747-2,10747,910,"I'm sorry for the trouble, checking your account now.",True,2025-06-05T00:31:43
10747-3,10747,51322,Can you apply it retroactively or refund the difference?,True,2025-06-05T05:05:43
10748-1,10748,51263,"Hi, the graphic t-shirt shows as out of stock, do you know when it'll be available again?",True,2025-07-30T07:00:58
10748-2,10748,915,"Thanks for reaching out, let me look into this for you.",True,2025-07-30T08:45:58
10748-3,10748,51263,Can I reserve one in advance?,True,2025-07-30T09:14:58
10748-4,10748,915,"Thanks for reaching out, let me look into this for you.",True,2025-07-30T13:14:58
10748-5,10748,51263,"OK, still waiting to hear back.",True,2025-07-30T14:00:58
10749-1,10749,51687,"Hi, I'd like to delete my account and all data you hold on me, please confirm once done.",True,2025-06-27T17:02:01
10749-2,10749,915,"I understand the frustration, let's get this sorted out.",True,2025-06-27T20:21:01
10749-3,10749,51687,How long will this take to process?,True,2025-06-28T00:50:01
10750-1,10750,50956,"Hi, the amount charged to my card doesn't match my order total, can you check?",True,2025-08-27T12:56:35
10750-2,10750,903,"I'm sorry for the trouble, checking your account now.",True,2025-08-27T13:59:35
10750-3,10750,50956,This needs to be corrected soon.,True,2025-08-27T15:38:35
10751-1,10751,51013,"Hi, I've had several issues with my last few orders and I'm not happy with the service.",True,2025-07-06T09:55:01
10751-2,10751,918,"Thanks for the details, give me a moment to check on this.",True,2025-07-06T11:31:01
10751-3,10751,51013,I'd like to know how this will be addressed.,True,2025-07-06T12:23:01
10751-4,10751,918,"Thanks for reaching out, let me look into this for you.",True,2025-07-06T14:50:01
10751-5,10751,51013,"OK, still waiting to hear back.",True,2025-07-06T16:48:01
10751-6,10751,918,"I've resolved this on our end, please let us know if you need anything else.",True,2025-07-06T18:51:01
10751-7,10751,51013,"Great, appreciate the quick resolution.",True,2025-07-06T19:16:01
10752-1,10752,50405,"I just opened my package for order #602805 and the desk lamp is missing, only the rest of the items were inside.",True,2025-06-28T07:02:53
10752-2,10752,907,"I understand the frustration, let's get this sorted out.",True,2025-06-28T09:24:53
10752-3,10752,50405,"I checked the box twice, it's definitely not there.",True,2025-06-28T12:01:53
10752-4,10752,907,"I understand the frustration, let's get this sorted out.",True,2025-06-28T12:25:53
10752-5,10752,50405,Any news?,True,2025-06-28T15:17:53
10752-6,10752,907,"Thanks for confirming, I've closed this out on our end.",True,2025-06-28T15:34:53
10752-7,10752,50405,"Great, appreciate the quick resolution.",True,2025-06-28T17:09:53
10753-1,10753,50504,"Hi, when will I get my money back for the item I sent back?",True,2025-07-08T19:38:26
10753-2,10753,919,"I'm sorry for the trouble, checking your account now.",True,2025-07-08T20:17:26
10753-3,10753,50504,"Actually, sorry, let me explain teh real issue. Hi, I think I entered the wrong address for order #181746, could you update it before it ships?",True,2025-07-08T22:44:26
10753-4,10753,919,"I understand the frustration, let's get this sorted out.",True,2025-07-09T02:30:26
10753-5,10753,50504,Any news?,True,2025-07-09T04:44:26
10753-6,10753,919,"I've resolved this on our end, please let us know if you need anything else.",True,2025-07-09T07:32:26
10753-7,10753,50504,"OK thank you, that answers my question.",True,2025-07-09T08:37:26
10754-1,10754,53335,"Hi, my order arrived and the sneakers is broken, it won't turn on at all.",True,2025-06-27T17:44:01
10754-2,10754,912,"I understand the frustration, let's get this sorted out.",True,2025-06-27T21:31:01
10754-3,10754,53335,"I've tried everything, it's definitely faulty.",True,2025-06-27T22:07:01
10754-4,10754,912,"This has been taken care of, apologies again for the inconvenience.",True,2025-06-28T02:58:01
10754-5,10754,53335,"Great, appreciate the quick resolution.",True,2025-06-28T03:51:01
10755-1,10755,51458,"Hi, quick question about your returns policy, can I return an item I already opened? What's the process to send back an item I ordered? It doesn't fit.",True,2025-07-29T04:42:11
10755-2,10755,918,"I'm sorry for the trouble, checking your account now.",True,2025-07-29T04:47:11
10755-3,10755,51458,Is there a restocking fee?,True,2025-07-29T07:48:11
10755-4,10755,918,"I'm sorry for the trouble, checking your account now.",True,2025-07-29T08:30:11
10755-5,10755,51458,Any news?,True,2025-07-29T09:49:11
10755-6,10755,918,"Thanks for confirming, I've closed this out on our end.",True,2025-07-29T12:53:11
10755-7,10755,51458,"Great, appreciate the quick resolution.",True,2025-07-29T13:59:11
10756-1,10756,53092,"Hi, I've had several issues with my last few orders and I'm not happy with the service.",True,2025-06-07T00:24:16
10756-2,10756,907,"I understand the frustration, let's get this sorted out.",True,2025-06-07T03:27:16
10756-3,10756,53092,"Actually, sorry, let me explain the real issue. How many days do I have to return something after delivery?",True,2025-06-07T08:06:16
10756-4,10756,907,"All set on our side now, thanks for your patience.",True,2025-06-07T08:48:16
10756-5,10756,53092,"Perfect, thank you.",True,2025-06-07T08:54:16
10757-1,10757,50388,"Hi, could you send me an invoice for order #626435? I need it for accounting.",True,2025-08-03T13:36:33
10757-2,10757,916,"Thanks for the details, give me a moment to check on this.",True,2025-08-03T13:57:33
10757-3,10757,50388,I need this fairly soon for my records.,True,2025-08-03T16:04:33
10757-4,10757,916,"I'm sorry for the trouble, checking your account now.",True,2025-08-03T20:20:33
10757-5,10757,50388,"OK, still waiting to hear back.",True,2025-08-03T23:11:33
10757-6,10757,916,"I've resolved this on our end, please let us know if you need anything else.",True,2025-08-03T23:24:33
10757-7,10757,50388,"OK thank you, that answers my question.",True,2025-08-04T00:39:33
10758-1,10758,51233,"Hi, I placed order #773515 on Jun 24 and I can't find any tracking info. Can you tell me where it is?",True,2025-07-12T08:05:53
10758-2,10758,904,"I'm sorry for the trouble, checking your account now.",True,2025-07-12T08:55:53
10758-3,10758,51233,"Still no movement on the tracking page, is that normal?",True,2025-07-12T09:11:53
10758-4,10758,904,"All set on our side now, thanks for your patience.",True,2025-07-12T09:48:53
10758-5,10758,51233,"Perfect, thank you.",True,2025-07-12T11:15:53
10759-1,10759,50688,"I was charged twice for order #128635, can you refund the duplicate?",True,2025-06-09T17:21:18
10759-2,10759,909,"I'm sorry for the trouble, checking your account now.",True,2025-06-09T19:14:18
10759-3,10759,50688,"Actually, sorry, let me explain the real issue. Hi, the winter coat shows as out of stock, do you know when it'll be available again?",True,2025-06-09T21:09:18
10759-4,10759,909,"I'm sorry for the trouble, checking your account now.",True,2025-06-09T21:35:18
10759-5,10759,50688,"OK, still waiting to hear back.",True,2025-06-10T00:15:18
10759-6,10759,909,"I'm sorry for the trouble, checking your account now.",True,2025-06-10T01:12:18
10759-7,10759,50688,Any news?,True,2025-06-10T01:34:18
10759-8,10759,909,"I've resolved this on our end, please let us know if you need anything else.",True,2025-06-10T03:20:18
10759-9,10759,50688,Thanks for the help!,True,2025-06-10T03:37:18
10760-1,10760,51256,Order #282776 shows as delivered but I never received anything. I've checked with neighbours and the building office.,True,2025-06-10T04:42:12
10760-2,10760,906,"I'm sorry for the trouble, checking your account now.",True,2025-06-10T06:12:12
10760-3,10760,51256,Can you open an investigation with the carrier?,True,2025-06-10T08:12:12
10760-4,10760,906,"I understand the frustration, let's get this sorted out.",True,2025-06-10T10:54:12
10760-5,10760,51256,"OK, still waiting to hear back.",True,2025-06-10T11:05:12
10760-6,10760,906,"Thanks for confirming, I've closed this out on our end.",True,2025-06-10T12:22:12
10760-7,10760,51256,"Great, appreciate the quick resolution.",True,2025-06-10T13:21:12
10761-1,10761,51791,"Hi, the color/size I received doesn't match order #960822 at all.",True,2025-07-31T23:40:30
10761-2,10761,924,"I understand the frustration, let's get this sorted out.",True,2025-08-01T00:30:30
10761-3,10761,51791,"Actually, sorry, let me explain the real issue. Have you considered adding more filters to teh search page? Would make browsing easier.",True,2025-08-01T04:06:30
10761-4,10761,924,"I understand the frustration, let's get this sorted out.",True,2025-08-01T08:25:30
10761-5,10761,51791,Any news?,True,2025-08-01T09:15:30
10762-1,10762,51091,"Hi, the courier says my package for order #990236 was delivered but it's nowhere to be found.",True,2025-07-04T15:07:14
10762-2,10762,915,"I'm sorry for the trouble, checking your account now.",True,2025-07-04T16:38:14
10762-3,10762,51091,Can you open an investigation with the carrier?,True,2025-07-04T21:35:14
10762-4,10762,915,"I'm sorry for the trouble, checking your account now.",True,2025-07-05T02:27:14
10762-5,10762,51091,Any news?,True,2025-07-05T03:16:14
10762-6,10762,915,"I understand the frustration, let's get this sorted out.",True,2025-07-05T04:17:14
10762-7,10762,51091,Following up on this.,True,2025-07-05T06:33:14
10762-8,10762,915,"All set on our side now, thanks for your patience.",True,2025-07-05T07:21:14
10762-9,10762,51091,Thanks for the help!,True,2025-07-05T08:26:14
10763-1,10763,53051,"I just opened my package for order #791377 and the winter coat is missing, only the rest of the items were inside.",True,2025-06-21T10:39:20
10763-2,10763,920,"Thanks for reaching out, let me look into this for you.",True,2025-06-21T13:19:20
10763-3,10763,53051,"I checked the box twice, it's definitely not there.",True,2025-06-21T17:01:20
10763-4,10763,920,"Thanks for reaching out, let me look into this for you.",True,2025-06-21T19:05:20
10763-5,10763,53051,Any news?,True,2025-06-21T19:40:20
10763-6,10763,920,"Thanks for confirming, I've closed this out on our end.",True,2025-06-21T22:01:20
10763-7,10763,53051,Thanks for the help!,True,2025-06-21T22:17:20
10764-1,10764,51554,I used the code NOVA5 but it didn't apply any discount at checkout.,True,2025-06-16T02:44:49
10764-2,10764,901,"I'm sorry for the trouble, checking your account now.",True,2025-06-16T05:15:49
10764-3,10764,51554,The code was definitely still valid.,True,2025-06-16T06:25:49
10764-4,10764,901,"Thanks for the details, give me a moment to check on this.",True,2025-06-16T09:58:49
10764-5,10764,51554,Any news?,True,2025-06-16T12:01:49
10764-6,10764,901,"All set on our side now, thanks for your patience.",True,2025-06-16T12:58:49
10764-7,10764,51554,"Great, appreciate the quick resolution.",True,2025-06-16T14:50:49
10765-1,10765,53074,The desk lamp I ordered stopped working after 11 days of normal use.,True,2025-08-14T06:27:12
10765-2,10765,912,"Thanks for reaching out, let me look into this for you.",True,2025-08-14T09:22:12
10765-3,10765,53074,"I've tried everything, it's definitely faulty.",True,2025-08-14T10:28:12
10765-4,10765,912,"I understand the frustration, let's get this sorted out.",True,2025-08-14T14:09:12
10765-5,10765,53074,Any news?,True,2025-08-14T17:22:12
10765-6,10765,912,"Thanks for confirming, I've closed this out on our end.",True,2025-08-14T19:57:12
10765-7,10765,53074,Thanks for the help!,True,2025-08-14T20:59:12
10766-1,10766,52457,"Hello, just checking on the status of order #466901, it's been a few days adn I haven't heard anything.",True,2025-08-27T00:15:24
10766-2,10766,903,"Thanks for the details, give me a moment to check on this.",True,2025-08-27T01:19:24
10766-3,10766,52457,Any update on this? It's been a while.,True,2025-08-27T03:48:24
10766-4,10766,903,"I understand the frustration, let's get this sorted out.",True,2025-08-27T08:01:24
10766-5,10766,52457,Following up on this.,True,2025-08-27T10:14:24
10766-6,10766,903,"Thanks for the details, give me a moment to check on this.",True,2025-08-27T11:16:24
10766-7,10766,52457,"OK, still waiting to hear back.",True,2025-08-27T13:42:24
10766-8,10766,903,"All set on our side now, thanks for your patience.",True,2025-08-27T15:04:24
10766-9,10766,52457,Thanks for the help!,True,2025-08-27T15:20:24
10767-1,10767,50154,"Hi, I placed order #519909 on Aug 21 and I can't find any tracking info. Can you tell me where it is?",True,2025-08-22T17:06:34
10767-2,10767,902,"I'm sorry for the trouble, checking your account now.",True,2025-08-22T17:20:34
10767-3,10767,50154,"Still no movement on the tracking page, is that normal?",True,2025-08-22T22:01:34
10767-4,10767,902,"Thanks for reaching out, let me look into this for you.",True,2025-08-23T01:37:34
10767-5,10767,50154,Following up on this.,True,2025-08-23T02:05:34
10767-6,10767,902,"Thanks for reaching out, let me look into this for you.",True,2025-08-23T04:49:34
10767-7,10767,50154,Any news?,True,2025-08-23T06:02:34
10767-8,10767,902,"This has been taken care of, apologies again for the inconvenience.",True,2025-08-23T06:48:34
10767-9,10767,50154,"Perfect, thank you.",True,2025-08-23T07:26:34
10768-1,10768,50858,Is there any way to get notified when teh laptop sleeve is restocked?,True,2025-07-09T17:26:03
10768-2,10768,910,"Thanks for reaching out, let me look into this for you.",True,2025-07-09T21:09:03
10768-3,10768,50858,"I really want this before Jul 05, is that realistic?",True,2025-07-10T01:32:03
10768-4,10768,910,"Thanks for reaching out, let me look into this for you.",True,2025-07-10T03:26:03
10768-5,10768,50858,Following up on this.,True,2025-07-10T06:05:03
10768-6,10768,910,"Thanks for reaching out, let me look into this for you.",True,2025-07-10T07:34:03
10768-7,10768,50858,Any news?,True,2025-07-10T08:18:03
10768-8,10768,910,"I've resolved this on our end, please let us know if you need anything else.",True,2025-07-10T10:26:03
10768-9,10768,50858,Thanks for the help!,True,2025-07-10T10:51:03
10769-1,10769,51298,"Hello, just checking on the status of order #737085, it's been a few days and I haven't heard anything.",True,2025-08-25T00:06:44
10769-2,10769,904,"Thanks for reaching out, let me look into this for you.",True,2025-08-25T03:32:44
10769-3,10769,51298,"Still no movement on the tracking page, is that normal?",True,2025-08-25T04:01:44
10769-4,10769,904,"All set on our side now, thanks for your patience.",True,2025-08-25T07:25:44
10769-5,10769,51298,"Great, appreciate the quick resolution.",True,2025-08-25T07:51:44
10770-1,10770,50311,Order #153895 was supposed to arrive on Aug 09 and it's still not here. What's going on?,True,2025-08-23T17:56:21
10770-2,10770,922,"I'm sorry for the trouble, checking your account now.",True,2025-08-23T19:23:21
10770-3,10770,50311,Do you have an updated delivry estimate?,True,2025-08-23T23:47:21
10770-4,10770,922,"I've resolved this on our end, please let us know if you need anything else.",True,2025-08-24T03:03:21
10770-5,10770,50311,"OK thank you, that answers my question.",True,2025-08-24T04:38:21
10771-1,10771,51599,"Hi, my delivery is running late, I ordered the bluetooth speaker over a week ago.",True,2025-07-22T21:38:38
10771-2,10771,919,"Thanks for the details, give me a moment to check on this.",True,2025-07-23T01:02:38
10771-3,10771,51599,"It's been 3 extra days now, this is getting frustrating.",True,2025-07-23T02:26:38
10771-4,10771,919,"Thanks for reaching out, let me look into this for you.",True,2025-07-23T06:25:38
10771-5,10771,51599,"OK, still waiting to hear back.",True,2025-07-23T08:31:38
10771-6,10771,919,"All set on our side now, thanks for your patience.",True,2025-07-23T10:20:38
10771-7,10771,51599,"Perfect, thank you.",True,2025-07-23T11:16:38
10772-1,10772,52717,What benefits come with teh premium membership tier?,True,2025-08-18T04:33:41
10772-2,10772,901,"Thanks for reaching out, let me look into this for you.",True,2025-08-18T08:04:41
10772-3,10772,52717,I usually get points within a day or two.,True,2025-08-18T08:16:41
10772-4,10772,901,"All set on our side now, thanks for your patience.",True,2025-08-18T11:56:41
10772-5,10772,52717,Thanks for the help!,True,2025-08-18T13:43:41
10773-1,10773,50787,"Hi, I can't log into my account, it keeps saying my password is wrong even after resetting it.",True,2025-06-12T01:53:22
10773-2,10773,916,"Thanks for the details, give me a moment to check on this.",True,2025-06-12T04:15:22
10773-3,10773,50787,Is there another way to verify my identity?,True,2025-06-12T08:26:22
10773-4,10773,916,"Thanks for the details, give me a moment to check on this.",True,2025-06-12T09:55:22
10773-5,10773,50787,Following up on this.,True,2025-06-12T12:40:22
10773-6,10773,916,"I've resolved this on our end, please let us know if you need anything else.",True,2025-06-12T15:22:22
10773-7,10773,50787,Thanks for the help!,True,2025-06-12T16:01:22
10774-1,10774,50934,"Hi, my delivery is running late, I ordered the yoga mat over a week ago.",True,2025-06-10T06:20:45
10774-2,10774,911,"I'm sorry for the trouble, checking your account now.",True,2025-06-10T09:09:45
10774-3,10774,50934,Do you have an updated delivery estimate?,True,2025-06-10T09:22:45
10774-4,10774,911,"Thanks for reaching out, let me look into this for you.",True,2025-06-10T12:36:45
10774-5,10774,50934,Any news?,True,2025-06-10T15:19:45
10774-6,10774,911,"I'm sorry for the trouble, checking your account now.",True,2025-06-10T17:43:45
10774-7,10774,50934,"OK, still waiting to hear back.",True,2025-06-10T18:00:45
10774-8,10774,911,"I've resolved this on our end, please let us know if you need anything else.",True,2025-06-10T20:28:45
10774-9,10774,50934,"Perfect, thank you.",True,2025-06-10T20:36:45
10775-1,10775,51234,"Hi, my delivery is running late, I ordered the sneakers over a week ago.",True,2025-08-19T08:00:48
10775-2,10775,902,"Thanks for reaching out, let me look into this for you.",True,2025-08-19T08:37:48
10775-3,10775,51234,"It's been 3 extra days now, this is getting frustrating.",True,2025-08-19T10:16:48
10775-4,10775,902,"I'm sorry for the trouble, checking your account now.",True,2025-08-19T14:47:48
10775-5,10775,51234,Any news?,True,2025-08-19T15:02:48
10775-6,10775,902,"Thanks for confirming, I've closed this out on our end.",True,2025-08-19T16:08:48
10775-7,10775,51234,Thanks for the help!,True,2025-08-19T17:24:48
10776-1,10776,50398,"Hi, I need to update the email address on my account.",True,2025-07-27T11:38:46
10776-2,10776,907,"I understand the frustration, let's get this sorted out.",True,2025-07-27T13:11:46
10776-3,10776,50398,Is this something I can do myself in settings?,True,2025-07-27T16:31:46
10776-4,10776,907,"Thanks for the details, give me a moment to check on this.",True,2025-07-27T16:51:46
10776-5,10776,50398,Following up on this.,True,2025-07-27T17:48:46
10776-6,10776,907,"Thanks for confirming, I've closed this out on our end.",True,2025-07-27T21:06:46
10776-7,10776,50398,"OK thank you, that answers my question.",True,2025-07-27T22:28:46
10777-1,10777,52129,"I returned my order #863245 7 days ago and haven't seen a refund yet, can you check?",True,2025-07-10T01:29:00
10777-2,10777,919,"I'm sorry for the trouble, checking your account now.",True,2025-07-10T02:55:00
10777-3,10777,52129,"Actually, sorry, let me explain the real issue. Hi, the quality of this item really doesn't match the product description on teh site.",True,2025-07-10T06:52:00
10777-4,10777,919,"I've resolved this on our end, please let us know if you need anything else.",True,2025-07-10T11:44:00
10777-5,10777,52129,"Perfect, thank you.",True,2025-07-10T12:54:00
10778-1,10778,52622,"I moved recently and my order #911463 is still set to go to my old address, can this be fixed?",True,2025-06-27T22:05:17
10778-2,10778,919,"Thanks for the details, give me a moment to check on this.",True,2025-06-27T23:04:17
10778-3,10778,52622,Has the address been updated yet?,True,2025-06-28T03:36:17
10778-4,10778,919,"All set on our side now, thanks for your patience.",True,2025-06-28T06:06:17
10778-5,10778,52622,"Perfect, thank you.",True,2025-06-28T06:25:17
10779-1,10779,51384,"I want to file a complaint, my overall experience with this order has been really disappointing.",True,2025-08-16T23:46:37
10779-2,10779,910,"I'm sorry for the trouble, checking your account now.",True,2025-08-17T00:06:37
10779-3,10779,51384,This isn't the first time either.,True,2025-08-17T02:05:37
10779-4,10779,910,"Thanks for the details, give me a moment to check on this.",True,2025-08-17T05:08:37
10779-5,10779,51384,"OK, still waiting to hear back.",True,2025-08-17T06:49:37
10780-1,10780,50188,The graphic t-shirt I ordered stopped working after 13 days of normal use.,True,2025-08-15T09:05:08
10780-2,10780,908,"I'm sorry for the trouble, checking your account now.",True,2025-08-15T09:45:08
10780-3,10780,50188,Can I get a replacement or refund?,True,2025-08-15T10:08:08
10780-4,10780,908,"This has been taken care of, apologies again for the inconvenience.",True,2025-08-15T11:02:08
10780-5,10780,50188,Thanks for the help!,True,2025-08-15T13:02:08
10781-1,10781,52474,"I returned my order #232332 2 days ago and haven't seen a refund yet, can you check?",True,2025-08-15T22:21:00
10781-2,10781,906,"I'm sorry for the trouble, checking your account now.",True,2025-08-15T22:27:00
10781-3,10781,52474,It's been longer than the timeline you gave me.,True,2025-08-15T23:54:00
10781-4,10781,906,"This has been taken care of, apologies again for the inconvenience.",True,2025-08-16T00:28:00
10781-5,10781,52474,"Perfect, thank you.",True,2025-08-16T01:00:00
10782-1,10782,52472,"Hi, my delivery is running late, I ordered the winter coat over a week ago.",True,2025-07-29T19:29:01
10782-2,10782,901,"Thanks for the details, give me a moment to check on this.",True,2025-07-29T21:45:01
10782-3,10782,52472,Do yuo have an updated delivery estimate?,True,2025-07-30T00:56:01
10782-4,10782,901,"All set on our side now, thanks for your patience.",True,2025-07-30T02:19:01
10782-5,10782,52472,"Great, appreciate the quick resolution.",True,2025-07-30T03:57:01
10783-1,10783,51906,"Hi, I'd like to return the desk lamp from order #403694, can you send me a return label?",True,2025-06-07T20:51:18
10783-2,10783,925,"Thanks for reaching out, let me look into this for you.",True,2025-06-07T21:46:18
10783-3,10783,51906,Where do I send the package back to?,True,2025-06-07T22:37:18
10783-4,10783,925,"Thanks for the details, give me a moment to check on this.",True,2025-06-08T02:22:18
10783-5,10783,51906,Any news?,True,2025-06-08T02:46:18
10783-6,10783,925,"Thanks for confirming, I've closed this out on our end.",True,2025-06-08T03:41:18
10783-7,10783,51906,"Great, appreciate the quick resolution.",True,2025-06-08T03:54:18
10784-1,10784,52242,"Hi, the quality of this item really doesn't match the product description on the site.",True,2025-06-07T18:02:51
10784-2,10784,901,"I understand the frustration, let's get this sorted out.",True,2025-06-07T20:48:51
10784-3,10784,52242,Is this normal for this product line?,True,2025-06-07T22:42:51
10784-4,10784,901,"Thanks for confirming, I've closed this out on our end.",True,2025-06-08T00:57:51
10784-5,10784,52242,"Perfect, thank you.",True,2025-06-08T01:17:51
10785-1,10785,52951,"Hi, my delivery is running late, I ordered teh running shoes over a week ago.",True,2025-07-04T11:06:26
10785-2,10785,909,"Thanks for the details, give me a moment to check on this.",True,2025-07-04T14:43:26
10785-3,10785,52951,"It's been 6 extra days now, this is getting frustrating.",True,2025-07-04T16:58:26
10785-4,10785,909,"Thanks for reaching out, let me look into this for you.",True,2025-07-04T19:12:26
10785-5,10785,52951,"OK, still waiting to hear back.",True,2025-07-04T20:15:26
10785-6,10785,909,"Thanks for confirming, I've closed this out on our end.",True,2025-07-04T21:31:26
10785-7,10785,52951,"Great, appreciate the quick resolution.",True,2025-07-04T22:24:26
10786-1,10786,52010,"Hi, quick question about your returns policy, can I return an item I already opened? Hi, I'd like to return the running shoes from order #459135, can you send me a return label?",True,2025-08-12T22:47:43
10786-2,10786,921,"Thanks for the details, give me a moment to check on this.",True,2025-08-13T02:11:43
10786-3,10786,52010,Is there a restocking fee?,True,2025-08-13T02:36:43
10786-4,10786,921,"All set on our side now, thanks for your patience.",True,2025-08-13T05:46:43
10786-5,10786,52010,"OK thank you, that answers my question.",True,2025-08-13T06:14:43
10787-1,10787,53299,"Hi, I've had several issues with my last few orders and I'm not happy with the service.",True,2025-06-26T10:54:20
10787-2,10787,904,"I understand the frustration, let's get this sorted out.",True,2025-06-26T12:14:20
10787-3,10787,53299,This isn't the first time either.,True,2025-06-26T13:45:20
10787-4,10787,904,"Thanks for reaching out, let me look into this for you.",True,2025-06-26T16:22:20
10787-5,10787,53299,Any news?,True,2025-06-26T16:37:20
10787-6,10787,904,"All set on our side now, thanks for your patience.",True,2025-06-26T18:31:20
10787-7,10787,53299,"OK thank you, that answers my question.",True,2025-06-26T18:36:20
10788-1,10788,50585,"Hi, my delivery is running late, I ordered the desk lamp over a week ago.",True,2025-07-09T09:13:49
10788-2,10788,921,"Thanks for the details, give me a moment to check on this.",True,2025-07-09T12:13:49
10788-3,10788,50585,"It's been 9 extra days now, this is getting frustrating.",True,2025-07-09T13:33:49
10788-4,10788,921,"Thanks for the details, give me a moment to check on this.",True,2025-07-09T14:50:49
10788-5,10788,50585,Following up on this.,True,2025-07-09T16:51:49
10789-1,10789,52253,"Hi, the quality of this item really doesn't match the product description on the site. The graphic t-shirt I ordered stopped working after 7 days of normal use.",True,2025-08-03T15:30:42
10789-2,10789,922,"I'm sorry for the trouble, checking your account now.",True,2025-08-03T16:27:42
10789-3,10789,52253,It just doesn't feel like a $141 item.,True,2025-08-03T21:08:42
10789-4,10789,922,"This has been taken care of, apologies again for the inconvenience.",True,2025-08-03T22:05:42
10789-5,10789,52253,"Great, appreciate the quick resolution.",True,2025-08-03T23:49:42
10790-1,10790,50262,"I was charged twice for order #566896, can you refund the duplicate?",True,2025-07-15T10:34:25
10790-2,10790,922,"Thanks for reaching out, let me look into this for you.",True,2025-07-15T10:40:25
10790-3,10790,50262,"I have both charges on my statement, want me to send a screenshot?",True,2025-07-15T11:24:25
10791-1,10791,51588,Order #889303 was supposed to arrive on Aug 12 and it's still not here. What's going on?,True,2025-08-19T03:50:34
10791-2,10791,908,"Thanks for reaching out, let me look into this for you.",True,2025-08-19T07:04:34
10791-3,10791,51588,Do yuo have an updated delivery estimate?,True,2025-08-19T08:59:34
10791-4,10791,908,"Thanks for the details, give me a moment to check on this.",True,2025-08-19T11:18:34
10791-5,10791,51588,Following up on this.,True,2025-08-19T13:19:34
10791-6,10791,908,"All set on our side now, thanks for your patience.",True,2025-08-19T14:03:34
10791-7,10791,51588,"Perfect, thank you.",True,2025-08-19T15:01:34
10792-1,10792,50596,"Hi, I placed order #691318 on Aug 02 and I can't find any tracking info. Can you tell me where it is?",True,2025-08-09T12:06:55
10792-2,10792,908,"Thanks for reaching out, let me look into this for you.",True,2025-08-09T16:01:55
10792-3,10792,50596,Any update on this? It's been a while.,True,2025-08-09T20:47:55
10792-4,10792,908,"Thanks for reaching out, let me look into this for you.",True,2025-08-09T22:47:55
10792-5,10792,50596,Any news?,True,2025-08-10T00:10:55
10792-6,10792,908,"Thanks for reaching out, let me look into this for you.",True,2025-08-10T03:03:55
10792-7,10792,50596,Any news?,True,2025-08-10T03:28:55
10792-8,10792,908,"I've resolved this on our end, please let us know if you need anything else.",True,2025-08-10T03:53:55
10792-9,10792,50596,"OK thank you, that answers my question.",True,2025-08-10T04:42:55
10793-1,10793,53414,"Hi, I placed order #640070 on Jul 21 and I can't find any tracking info. Can you tell me where it is?",True,2025-07-28T17:39:41
10793-2,10793,910,"Thanks for the details, give me a moment to check on this.",True,2025-07-28T19:56:41
10793-3,10793,53414,"Still no movement on the tracking page, is that normal?",True,2025-07-28T23:21:41
10793-4,10793,910,"Thanks for reaching out, let me look into this for you.",True,2025-07-29T03:21:41
10793-5,10793,53414,Following up on this.,True,2025-07-29T03:54:41
10793-6,10793,910,"Thanks for confirming, I've closed this out on our end.",True,2025-07-29T04:13:41
10793-7,10793,53414,Thanks for the help!,True,2025-07-29T05:59:41
10794-1,10794,51785,"Hi, when will I get my money back for the item I sent back?",True,2025-07-17T23:07:59
10794-2,10794,902,"I'm sorry for the trouble, checking your account now.",True,2025-07-18T02:01:59
10794-3,10794,51785,My bank stil shows no refund received.,True,2025-07-18T03:32:59
10794-4,10794,902,"Thanks for the details, give me a moment to check on this.",True,2025-07-18T06:26:59
10794-5,10794,51785,"OK, still waiting to hear back.",True,2025-07-18T08:53:59
10794-6,10794,902,"I'm sorry for the trouble, checking your account now.",True,2025-07-18T10:38:59
10794-7,10794,51785,Any news?,True,2025-07-18T11:53:59
10794-8,10794,902,"All set on our side now, thanks for your patience.",True,2025-07-18T14:47:59
10794-9,10794,51785,"Perfect, thank you.",True,2025-07-18T15:46:59
10795-1,10795,51493,The denim jacket I ordered stopped working after 6 days of normal use.,True,2025-07-23T15:45:41
10795-2,10795,907,"Thanks for reaching out, let me look into this for you.",True,2025-07-23T17:15:41
10795-3,10795,51493,Can I get a replacement or refund?,True,2025-07-23T17:59:41
10795-4,10795,907,"I understand the frustration, let's get this sorted out.",True,2025-07-23T22:45:41
10795-5,10795,51493,Following up on this.,True,2025-07-24T00:44:41
10795-6,10795,907,"This has been taken care of, apologies again for the inconvenience.",True,2025-07-24T02:58:41
10795-7,10795,51493,"Great, appreciate the quick resolution.",True,2025-07-24T03:03:41
10796-1,10796,51961,"Hi, could you send me an invoice for order #332761? I need it for accounting.",True,2025-07-24T22:23:35
10796-2,10796,924,"I understand the frustration, let's get this sorted out.",True,2025-07-24T23:44:35
10796-3,10796,51961,Can it include teh VAT breakdown?,True,2025-07-25T00:48:35
10796-4,10796,924,"I've resolved this on our end, please let us know if you need anything else.",True,2025-07-25T05:36:35
10796-5,10796,51961,"OK thank you, that answers my question.",True,2025-07-25T06:49:35
10797-1,10797,52275,Where can I download a receipt for my recent purchase?,True,2025-08-26T11:35:30
10797-2,10797,922,"I understand the frustration, let's get this sorted out.",True,2025-08-26T14:47:30
10797-3,10797,52275,I need this fairly soon for my records.,True,2025-08-26T19:15:30
10797-4,10797,922,"I've resolved this on our end, please let us know if you need anything else.",True,2025-08-26T21:06:30
10797-5,10797,52275,Thanks for the help!,True,2025-08-26T22:07:30
10798-1,10798,50792,"Hi, I need to update the email address on my account.",True,2025-07-15T11:55:13
10798-2,10798,909,"I understand the frustration, let's get this sorted out.",True,2025-07-15T15:51:13
10798-3,10798,50792,Is this something I can do myself in settings?,True,2025-07-15T17:02:13
10798-4,10798,909,"Thanks for confirming, I've closed this out on our end.",True,2025-07-15T18:07:13
10798-5,10798,50792,"OK thank you, that answers my question.",True,2025-07-15T18:56:13
10799-1,10799,52487,"The password reset link you sent isn't working, can you help me get back in?",True,2025-07-05T08:56:33
10799-2,10799,919,"Thanks for the details, give me a moment to check on this.",True,2025-07-05T10:38:33
10799-3,10799,52487,Is there another way to verify my identity?,True,2025-07-05T12:28:33
10799-4,10799,919,"I'm sorry for the trouble, checking your account now.",True,2025-07-05T14:20:33
10799-5,10799,52487,"OK, still waiting to hear back.",True,2025-07-05T15:02:33
10799-6,10799,919,"Thanks for reaching out, let me look into this for you.",True,2025-07-05T17:40:33
10799-7,10799,52487,"OK, still waiting to hear back.",True,2025-07-05T18:56:33
10799-8,10799,919,"Thanks for confirming, I've closed this out on our end.",True,2025-07-05T21:45:33
10799-9,10799,52487,"Perfect, thank you.",True,2025-07-05T21:52:33
10800-1,10800,53122,The wireless headphones I ordered stopped working after 13 days of normal use.,True,2025-08-11T18:42:40
10800-2,10800,903,"Thanks for reaching out, let me look into this for you.",True,2025-08-11T18:49:40
10800-3,10800,53122,"I've tried everything, it's definitely faulty.",True,2025-08-11T23:17:40
10800-4,10800,903,"This has been taken care of, apologies again for the inconvenience.",True,2025-08-12T00:35:40
10800-5,10800,53122,"Perfect, thank you.",True,2025-08-12T02:05:40
10801-1,10801,51305,"I returned my order #193594 3 days ago and haven't seen a refund yet, can you check?",True,2025-08-04T23:10:13
10801-2,10801,909,"I understand the frustration, let's get this sorted out.",True,2025-08-05T01:00:13
10801-3,10801,51305,It's been longer than the timeline yuo gave me.,True,2025-08-05T03:35:13
10802-1,10802,51494,"Hi, when will I get my money back for the item I sent back?",True,2025-06-13T22:10:19
10802-2,10802,904,"I'm sorry for the trouble, checking your account now.",True,2025-06-14T01:11:19
10802-3,10802,51494,"Actually, sorry, let me explain the real issue. Hi, my delivery is running late, I ordered the leather wallet over a week ago.",True,2025-06-14T01:31:19
10802-4,10802,904,"Thanks for the details, give me a moment to check on this.",True,2025-06-14T04:54:19
10802-5,10802,51494,Following up on this.,True,2025-06-14T05:26:19
10802-6,10802,904,"All set on our side now, thanks for your patience.",True,2025-06-14T05:42:19
10802-7,10802,51494,"Great, appreciate the quick resolution.",True,2025-06-14T06:22:19
10803-1,10803,52988,Order #345861 was supposed to arrive on Jul 23 and it's still not here. What's going on? Order #345861 shows as delivered but I never received anything. I've checked with neighbours and the building office.,True,2025-08-03T08:35:46
10803-2,10803,901,"Thanks for reaching out, let me look into this for you.",True,2025-08-03T11:10:46
10803-3,10803,52988,"It's been 8 extra days now, this is getting frustrating.",True,2025-08-03T15:49:46
10803-4,10803,901,"Thanks for reaching out, let me look into this for you.",True,2025-08-03T16:32:46
10803-5,10803,52988,"OK, still waiting to hear back.",True,2025-08-03T19:48:46
10804-1,10804,52863,"Hi, I've had several issues with my last few orders and I'm not happy with the service.",True,2025-07-20T11:51:56
10804-2,10804,908,"I understand the frustration, let's get this sorted out.",True,2025-07-20T13:42:56
10804-3,10804,52863,"Actually, sorry, let me explain the real issue. Hi, I have a question but I'm not totally sure it's the right team to ask.",True,2025-07-20T15:19:56
10804-4,10804,908,"I understand the frustration, let's get this sorted out.",True,2025-07-20T16:40:56
10804-5,10804,52863,"OK, still waiting to hear back.",True,2025-07-20T19:03:56
10804-6,10804,908,"Thanks for the details, give me a moment to check on this.",True,2025-07-20T20:42:56
10804-7,10804,52863,Following up on this.,True,2025-07-20T22:49:56
10804-8,10804,908,"I've resolved this on our end, please let us know if you need anything else.",True,2025-07-21T00:04:56
10804-9,10804,52863,"Perfect, thank you.",True,2025-07-21T02:00:56
10805-1,10805,50148,"Hi, before I order the wireless headphones, does it come in a larger size?",True,2025-08-26T04:29:13
10805-2,10805,911,"Thanks for reaching out, let me look into this for you.",True,2025-08-26T05:09:13
10805-3,10805,50148,"Also, what material is it made from?",True,2025-08-26T10:04:13
10805-4,10805,911,"This has been taken care of, apologies again for the inconvenience.",True,2025-08-26T12:51:13
10805-5,10805,50148,"OK thank you, that answers my question.",True,2025-08-26T13:56:13
10806-1,10806,53327,"Hi, I placed order #619296 on Jul 17 and I can't find any tracking info. Can you tell me where it is?",True,2025-08-02T19:30:55
10806-2,10806,915,"Thanks for the details, give me a moment to check on this.",True,2025-08-02T22:25:55
10806-3,10806,53327,Any update on this? It's been a while.,True,2025-08-02T22:47:55
10806-4,10806,915,"I'm sorry for the trouble, checking your account now.",True,2025-08-03T02:20:55
10806-5,10806,53327,Any news?,True,2025-08-03T04:27:55
10806-6,10806,915,"I'm sorry for the trouble, checking your account now.",True,2025-08-03T05:21:55
10806-7,10806,53327,Any news?,True,2025-08-03T06:18:55
10806-8,10806,915,"I've resolved this on our end, please let us know if you need anything else.",True,2025-08-03T08:18:55
10806-9,10806,53327,"Great, appreciate the quick resolution.",True,2025-08-03T09:35:55
10807-1,10807,50692,"Hi, before I order the phone case, does it come in a larger size?",True,2025-07-29T07:54:38
10807-2,10807,905,"I understand the frustration, let's get this sorted out.",True,2025-07-29T09:26:38
10807-3,10807,50692,"Actually, sorry, let me explain the real issue. Hi, the color/size I received doesn't match order #848815 at all.",True,2025-07-29T13:41:38
10807-4,10807,905,"This has been taken care of, apologies again for the inconvenience.",True,2025-07-29T18:04:38
10807-5,10807,50692,"Perfect, thank you.",True,2025-07-29T19:20:38
10808-1,10808,52910,"Hi, I need to update the email address on my account.",True,2025-07-11T02:58:06
10808-2,10808,909,"Thanks for the details, give me a moment to check on this.",True,2025-07-11T06:43:06
10808-3,10808,52910,Is this something I can do myself in settings?,True,2025-07-11T10:15:06
10808-4,10808,909,"I understand the frustration, let's get this sorted out.",True,2025-07-11T11:12:06
10808-5,10808,52910,Following up on this.,True,2025-07-11T11:42:06
10809-1,10809,50017,"Hi, my order arrived and the sunglasses is broken, it won't turn on at all.",True,2025-06-24T20:06:17
10809-2,10809,922,"I'm sorry for the trouble, checking your account now.",True,2025-06-24T22:41:17
10809-3,10809,50017,"I've tried everything, it's definitely faulty.",True,2025-06-24T23:00:17
10809-4,10809,922,"I'm sorry for the trouble, checking your account now.",True,2025-06-25T00:02:17
10809-5,10809,50017,Following up on this.,True,2025-06-25T01:39:17
10809-6,10809,922,"Thanks for confirming, I've closed this out on our end.",True,2025-06-25T01:52:17
10809-7,10809,50017,Thanks for the help!,True,2025-06-25T03:43:17
10810-1,10810,51644,"Hi, I have a question but I'm not totally sure it's the right team to ask.",True,2025-07-02T08:51:09
10810-2,10810,921,"I'm sorry for the trouble, checking your account now.",True,2025-07-02T11:39:09
10810-3,10810,51644,"Actually, sorry, let me explain the real issue. I was charged twice for order #269922, can you refund the duplicate?",True,2025-07-02T11:59:09
10810-4,10810,921,"Thanks for confirming, I've closed this out on our end.",True,2025-07-02T15:45:09
10810-5,10810,51644,"Great, appreciate the quick resolution.",True,2025-07-02T16:36:09
10811-1,10811,53202,"I just opened my package for order #510022 and the bluetooth speaker is missing, only the rest of the items were inside.",True,2025-07-29T10:28:48
10811-2,10811,922,"Thanks for the details, give me a moment to check on this.",True,2025-07-29T11:38:48
10811-3,10811,53202,Can you send the missing item or refund it?,True,2025-07-29T12:21:48
10811-4,10811,922,"I understand the frustration, let's get this sorted out.",True,2025-07-29T17:12:48
10811-5,10811,53202,Following up on this.,True,2025-07-29T18:52:48
10811-6,10811,922,"Thanks for the details, give me a moment to check on this.",True,2025-07-29T19:52:48
10811-7,10811,53202,"OK, still waiting to hear back.",True,2025-07-29T22:11:48
10811-8,10811,922,"This has been taken care of, apologies again for the inconvenience.",True,2025-07-29T23:36:48
10811-9,10811,53202,"Perfect, thank you.",True,2025-07-30T01:05:48
10812-1,10812,50884,"Hi, my order arrived and teh wireless headphones is broken, it won't turn on at all.",True,2025-08-15T12:52:19
10812-2,10812,913,"I'm sorry for the trouble, checking your account now.",True,2025-08-15T13:59:19
10812-3,10812,50884,"I've tried everything, it's definitely faulty.",True,2025-08-15T17:38:19
10813-1,10813,51458,What's the process to send back an item I ordered? It doesn't fit.,True,2025-08-11T22:45:19
10813-2,10813,900,"I understand the frustration, let's get this sorted out.",True,2025-08-11T23:03:19
10813-3,10813,51458,Where do I send the package back to?,True,2025-08-12T00:53:19
10813-4,10813,900,"I understand the frustration, let's get this sorted out.",True,2025-08-12T02:43:19
10813-5,10813,51458,"OK, still waiting to hear back.",True,2025-08-12T04:47:19
10813-6,10813,900,"This has been taken care of, apologies again for the inconvenience.",True,2025-08-12T08:06:19
10813-7,10813,51458,"Perfect, thank you.",True,2025-08-12T09:59:19
10814-1,10814,52302,The bluetooth speaker I ordered stopped working after 2 days of normal use.,True,2025-06-13T12:49:21
10814-2,10814,900,"Thanks for reaching out, let me look into this for you.",True,2025-06-13T15:17:21
10814-3,10814,52302,"I've tried everything, it's definitely faulty.",True,2025-06-13T18:06:21
10814-4,10814,900,"Thanks for confirming, I've closed this out on our end.",True,2025-06-13T21:11:21
10814-5,10814,52302,"Perfect, thank you.",True,2025-06-13T22:32:21
10815-1,10815,53516,The denim jacket I received feels much cheaper than it looked in the photos.,True,2025-06-08T03:51:51
10815-2,10815,924,"I'm sorry for the trouble, checking your account now.",True,2025-06-08T05:03:51
10815-3,10815,53516,Is this normal for this product line?,True,2025-06-08T09:55:51
10815-4,10815,924,"Thanks for the details, give me a moment to check on this.",True,2025-06-08T13:19:51
10815-5,10815,53516,Following up on this.,True,2025-06-08T13:57:51
10815-6,10815,924,"Thanks for the details, give me a moment to check on this.",True,2025-06-08T14:20:51
10815-7,10815,53516,"OK, still waiting to hear back.",True,2025-06-08T16:36:51
10815-8,10815,924,"All set on our side now, thanks for your patience.",True,2025-06-08T19:01:51
10815-9,10815,53516,"Perfect, thank you.",True,2025-06-08T19:50:51
10816-1,10816,53269,"Hi, my order arrived and the running shoes is broken, it won't turn on at all.",True,2025-07-27T23:06:05
10816-2,10816,919,"I understand the frustration, let's get this sorted out.",True,2025-07-28T02:26:05
10816-3,10816,53269,Can I get a replacement or refund?,True,2025-07-28T03:45:05
10816-4,10816,919,"Thanks for reaching out, let me look into this for you.",True,2025-07-28T05:30:05
10816-5,10816,53269,Any news?,True,2025-07-28T07:26:05
10816-6,10816,919,"All set on our side now, thanks for your patience.",True,2025-07-28T08:27:05
10816-7,10816,53269,Thanks for the help!,True,2025-07-28T09:21:05
10817-1,10817,51534,"Hi, I'm getting a payment error and can't finish my order.",True,2025-08-09T09:41:55
10817-2,10817,913,"I understand the frustration, let's get this sorted out.",True,2025-08-09T11:39:55
10817-3,10817,51534,I've tried two different cards now.,True,2025-08-09T13:10:55
10817-4,10817,913,"Thanks for confirming, I've closed this out on our end.",True,2025-08-09T13:50:55
10817-5,10817,51534,Thanks for the help!,True,2025-08-09T14:25:55
10818-1,10818,51785,What's the process to send back an item I ordered? It doesn't fit.,True,2025-06-06T09:34:19
10818-2,10818,923,"I'm sorry for the trouble, checking your account now.",True,2025-06-06T12:53:19
10818-3,10818,51785,"Actually, sorry, let me explain the real issue. I returned my order #846876 11 days ago and haven't seen a refund yet, can you check?",True,2025-06-06T15:26:19
10818-4,10818,923,"I've resolved this on our end, please let us know if you need anything else.",True,2025-06-06T15:55:19
10818-5,10818,51785,"Perfect, thank you.",True,2025-06-06T17:24:19
10819-1,10819,51219,"Hi, my order arrived and the running shoes is broken, it won't turn on at all.",True,2025-08-01T20:26:09
10819-2,10819,911,"Thanks for reaching out, let me look into this for you.",True,2025-08-01T20:47:09
10819-3,10819,51219,Can I get a replacement or refund?,True,2025-08-01T23:46:09
10819-4,10819,911,"Thanks for the details, give me a moment to check on this.",True,2025-08-02T00:08:09
10819-5,10819,51219,"OK, still waiting to hear back.",True,2025-08-02T01:07:09
10820-1,10820,53258,"Hi, I can't log into my account, it keeps saying my password is wrong even after resetting it.",True,2025-08-02T09:52:41
10820-2,10820,902,"I understand the frustration, let's get this sorted out.",True,2025-08-02T10:26:41
10820-3,10820,53258,Is there another way to verify my identity?,True,2025-08-02T11:40:41
10820-4,10820,902,"I understand the frustration, let's get this sorted out.",True,2025-08-02T14:43:41
10820-5,10820,53258,"OK, still waiting to hear back.",True,2025-08-02T15:47:41
10820-6,10820,902,"Thanks for confirming, I've closed this out on our end.",True,2025-08-02T18:07:41
10820-7,10820,53258,Thanks for the help!,True,2025-08-02T18:30:41
10821-1,10821,50401,Can you help me change teh phone number linked to my account?,True,2025-07-07T03:24:36
10821-2,10821,918,"I understand the frustration, let's get this sorted out.",True,2025-07-07T05:24:36
10821-3,10821,50401,Is this something I can do myself in settings?,True,2025-07-07T05:34:36
10821-4,10821,918,"I've resolved this on our end, please let us know if you need anything else.",True,2025-07-07T08:13:36
10821-5,10821,50401,"Great, appreciate the quick resolution.",True,2025-07-07T09:05:36
10822-1,10822,53313,"Hi, when will I get my money back for the item I sent back?",True,2025-08-10T15:26:41
10822-2,10822,905,"I understand the frustration, let's get this sorted out.",True,2025-08-10T16:51:41
10822-3,10822,53313,My bank stil shows no refund received.,True,2025-08-10T20:52:41
10822-4,10822,905,"This has been taken care of, apologies again for the inconvenience.",True,2025-08-10T21:26:41
10822-5,10822,53313,"OK thank you, that answers my question.",True,2025-08-10T22:05:41
10823-1,10823,52197,"I returned my order #629518 3 days ago and haven't seen a refund yet, can yuo check?",True,2025-06-22T20:29:50
10823-2,10823,922,"I'm sorry for the trouble, checking your account now.",True,2025-06-22T21:36:50
10823-3,10823,52197,My bank stil shows no refund received.,True,2025-06-23T00:09:50
10823-4,10823,922,"This has been taken care of, apologies again for the inconvenience.",True,2025-06-23T01:40:50
10823-5,10823,52197,"Great, appreciate the quick resolution.",True,2025-06-23T02:31:50
10824-1,10824,53081,"I was charged twice for order #531043, can you refund the duplicate?",True,2025-06-12T01:32:46
10824-2,10824,921,"Thanks for reaching out, let me look into this for you.",True,2025-06-12T04:10:46
10824-3,10824,53081,This needs to be corrected soon.,True,2025-06-12T08:18:46
10824-4,10824,921,"I've resolved this on our end, please let us know if you need anything else.",True,2025-06-12T12:36:46
10824-5,10824,53081,"Perfect, thank you.",True,2025-06-12T12:43:46
10825-1,10825,53197,"Hi, I was only refunded part of my order, can you check what happened?",True,2025-08-23T03:11:00
10825-2,10825,901,"Thanks for reaching out, let me look into this for you.",True,2025-08-23T03:36:00
10825-3,10825,53197,"Actually, sorry, let me explain the real issue. Is there any way to get notified when the backpack is restocked?",True,2025-08-23T04:27:00
10825-4,10825,901,"I understand the frustration, let's get this sorted out.",True,2025-08-23T06:49:00
10825-5,10825,53197,Any news?,True,2025-08-23T09:34:00
10825-6,10825,901,"I understand the frustration, let's get this sorted out.",True,2025-08-23T10:20:00
10825-7,10825,53197,Any news?,True,2025-08-23T11:58:00
10826-1,10826,50967,Order #891935 was supposed to arrive on Jul 16 and it's still not here. What's going on?,True,2025-08-02T06:59:51
10826-2,10826,914,"I understand the frustration, let's get this sorted out.",True,2025-08-02T10:36:51
10826-3,10826,50967,"It's been 8 extra days now, this is getting frustrating.",True,2025-08-02T14:31:51
10826-4,10826,914,"Thanks for confirming, I've closed this out on our end.",True,2025-08-02T14:53:51
10826-5,10826,50967,"Great, appreciate the quick resolution.",True,2025-08-02T15:10:51
10827-1,10827,50679,"Hi, I've had several issues with my last few orders and I'm not happy with the service.",True,2025-08-02T13:37:41
10827-2,10827,923,"Thanks for the details, give me a moment to check on this.",True,2025-08-02T13:42:41
10827-3,10827,50679,This isn't the first time either.,True,2025-08-02T14:48:41
10827-4,10827,923,"Thanks for the details, give me a moment to check on this.",True,2025-08-02T18:31:41
10827-5,10827,50679,Following up on this.,True,2025-08-02T19:25:41
10827-6,10827,923,"This has been taken care of, apologies again for the inconvenience.",True,2025-08-02T22:26:41
10827-7,10827,50679,"Great, appreciate the quick resolution.",True,2025-08-02T23:08:41
10828-1,10828,51702,"I returned my order #495426 8 days ago and haven't seen a refund yet, can you check?",True,2025-08-16T14:45:16
10828-2,10828,908,"I'm sorry for the trouble, checking your account now.",True,2025-08-16T17:08:16
10828-3,10828,51702,"Actually, sorry, let me explain the real issue. The phone case I ordered stopped working after 8 days of normal use.",True,2025-08-16T21:27:16
10828-4,10828,908,"I'm sorry for the trouble, checking your account now.",True,2025-08-16T22:17:16
10828-5,10828,51702,Following up on this.,True,2025-08-16T23:04:16
10828-6,10828,908,"This has been taken care of, apologies again for the inconvenience.",True,2025-08-17T01:46:16
10828-7,10828,51702,Thanks for the help!,True,2025-08-17T02:52:16
10829-1,10829,51082,Order #198763 was supposed to arrive on Aug 22 and it's still not here. What's going on?,True,2025-08-25T06:07:43
10829-2,10829,901,"I understand the frustration, let's get this sorted out.",True,2025-08-25T08:06:43
10829-3,10829,51082,"Actually, sorry, let me explain the real issue. I moved recently and my order #198763 is still set to go to my old address, can this be fixed?",True,2025-08-25T08:43:43
10829-4,10829,901,"I understand the frustration, let's get this sorted out.",True,2025-08-25T13:19:43
10829-5,10829,51082,Following up on this.,True,2025-08-25T14:41:43
10829-6,10829,901,"I've resolved this on our end, please let us know if you need anything else.",True,2025-08-25T17:28:43
10829-7,10829,51082,"Great, appreciate the quick resolution.",True,2025-08-25T18:13:43
10830-1,10830,50452,What's teh process to send back an item I ordered? It doesn't fit.,True,2025-07-08T05:57:50
10830-2,10830,908,"Thanks for the details, give me a moment to check on this.",True,2025-07-08T09:40:50
10830-3,10830,50452,Do I need to print anything or can I drop it off?,True,2025-07-08T13:18:50
10830-4,10830,908,"I'm sorry for the trouble, checking your account now.",True,2025-07-08T14:16:50
10830-5,10830,50452,"OK, still waiting to hear back.",True,2025-07-08T14:50:50
10830-6,10830,908,"I understand the frustration, let's get this sorted out.",True,2025-07-08T17:32:50
10830-7,10830,50452,Any news?,True,2025-07-08T19:15:50
10831-1,10831,50892,"Hi, I placed order #979944 on Jul 10 and I can't find any tracking info. Can you tell me where it is?",True,2025-07-17T03:48:04
10831-2,10831,915,"Thanks for reaching out, let me look into this for you.",True,2025-07-17T06:00:04
10831-3,10831,50892,"Still no movement on the tracking page, is that normal?",True,2025-07-17T09:48:04
10831-4,10831,915,"This has been taken care of, apologies again for the inconvenience.",True,2025-07-17T11:25:04
10831-5,10831,50892,Thanks for the help!,True,2025-07-17T12:23:04
10832-1,10832,51096,"I moved recently and my order #731296 is still set to go to my old address, can this be fixed?",True,2025-08-17T04:13:02
10832-2,10832,918,"I understand the frustration, let's get this sorted out.",True,2025-08-17T05:45:02
10832-3,10832,51096,Has the address been updated yet?,True,2025-08-17T07:55:02
10832-4,10832,918,"I'm sorry for the trouble, checking your account now.",True,2025-08-17T10:27:02
10832-5,10832,51096,Following up on this.,True,2025-08-17T13:11:02
10832-6,10832,918,"I'm sorry for the trouble, checking your account now.",True,2025-08-17T14:00:02
10832-7,10832,51096,Any news?,True,2025-08-17T15:32:02
10832-8,10832,918,"All set on our side now, thanks for your patience.",True,2025-08-17T16:09:02
10832-9,10832,51096,"Great, appreciate the quick resolution.",True,2025-08-17T16:22:02
10833-1,10833,53553,"Hello, just checking on the status of order #837374, it's been a few days and I haven't heard anything.",True,2025-08-22T08:08:59
10833-2,10833,913,"Thanks for the details, give me a moment to check on this.",True,2025-08-22T11:18:59
10833-3,10833,53553,"Actually, sorry, let me explain the real issue. I got refunded for order #837374 but the amount is way less than what I paid.",True,2025-08-22T14:10:59
10833-4,10833,913,"Thanks for reaching out, let me look into this for you.",True,2025-08-22T14:46:59
10833-5,10833,53553,Following up on this.,True,2025-08-22T16:56:59
10833-6,10833,913,"All set on our side now, thanks for your patience.",True,2025-08-22T18:48:59
10833-7,10833,53553,Thanks for the help!,True,2025-08-22T20:32:59
10834-1,10834,53228,"I just opened my package for order #864810 and the sunglasses is missing, only the rest of the items were inside.",True,2025-06-13T08:14:40
10834-2,10834,918,"Thanks for reaching out, let me look into this for you.",True,2025-06-13T10:29:40
10834-3,10834,53228,"I checked the box twice, it's definitely not there.",True,2025-06-13T11:13:40
10834-4,10834,918,"I've resolved this on our end, please let us know if you need anything else.",True,2025-06-13T15:23:40
10834-5,10834,53228,"Great, appreciate the quick resolution.",True,2025-06-13T16:29:40
10835-1,10835,52893,"Hi, the color/size I received doesn't match order #870677 at all.",True,2025-07-30T04:56:10
10835-2,10835,905,"Thanks for reaching out, let me look into this for you.",True,2025-07-30T06:19:10
10835-3,10835,52893,I still want the item I originally ordered.,True,2025-07-30T07:17:10
10835-4,10835,905,"All set on our side now, thanks for your patience.",True,2025-07-30T09:44:10
10835-5,10835,52893,Thanks for the help!,True,2025-07-30T10:08:10
10836-1,10836,52857,"Hi, the yoga mat shows as out of stock, do you know when it'll be available again?",True,2025-07-08T10:36:22
10836-2,10836,919,"Thanks for the details, give me a moment to check on this.",True,2025-07-08T13:08:22
10836-3,10836,52857,Can I reserve one in advance?,True,2025-07-08T14:10:22
10836-4,10836,919,"I've resolved this on our end, please let us know if you need anything else.",True,2025-07-08T18:33:22
10836-5,10836,52857,"Great, appreciate the quick resolution.",True,2025-07-08T20:32:22
10837-1,10837,53435,I ordered the winter coat but received a completely different item.,True,2025-08-02T07:02:40
10837-2,10837,910,"I'm sorry for the trouble, checking your account now.",True,2025-08-02T09:38:40
10837-3,10837,53435,I still want the item I originally ordered.,True,2025-08-02T10:06:40
10837-4,10837,910,"Thanks for confirming, I've closed this out on our end.",True,2025-08-02T13:31:40
10837-5,10837,53435,"Great, appreciate the quick resolution.",True,2025-08-02T14:52:40
10838-1,10838,52329,I used the code WELCOME15 but it didn't apply any discount at checkout.,True,2025-06-06T22:55:40
10838-2,10838,908,"I understand the frustration, let's get this sorted out.",True,2025-06-06T23:00:40
10838-3,10838,52329,The code was definitely still valid.,True,2025-06-07T02:47:40
10839-1,10839,51935,"Hi, my order arrived and the backpack is broken, it won't turn on at all.",True,2025-08-27T02:44:47
10839-2,10839,911,"I'm sorry for the trouble, checking your account now.",True,2025-08-27T05:27:47
10839-3,10839,51935,Can I get a replacement or refund?,True,2025-08-27T10:20:47
10839-4,10839,911,"All set on our side now, thanks for your patience.",True,2025-08-27T13:25:47
10839-5,10839,51935,Thanks for the help!,True,2025-08-27T15:15:47
10840-1,10840,52493,"Hi, I was supposed to get a discount but my order #108657 was charged full price.",True,2025-08-23T20:18:30
10840-2,10840,908,"I understand the frustration, let's get this sorted out.",True,2025-08-23T23:57:30
10840-3,10840,52493,Can yuo apply it retroactively or refund the difference?,True,2025-08-24T03:34:30
10840-4,10840,908,"Thanks for reaching out, let me look into this for you.",True,2025-08-24T08:25:30
10840-5,10840,52493,Following up on this.,True,2025-08-24T08:44:30
10840-6,10840,908,"This has been taken care of, apologies again for the inconvenience.",True,2025-08-24T11:24:30
10840-7,10840,52493,"OK thank you, that answers my question.",True,2025-08-24T12:39:30
10841-1,10841,52731,"I returned my order #665071 6 days ago and haven't seen a refund yet, can you check?",True,2025-07-10T11:17:27
10841-2,10841,912,"I understand the frustration, let's get this sorted out.",True,2025-07-10T15:03:27
10841-3,10841,52731,It's been longer than the timeline you gave me.,True,2025-07-10T15:39:27
10842-1,10842,51379,"I returned my order #441618 7 days ago and haven't seen a refund yet, can you check?",True,2025-07-03T15:08:26
10842-2,10842,912,"I'm sorry for the trouble, checking your account now.",True,2025-07-03T18:07:26
10842-3,10842,51379,My bank still shows no refund received.,True,2025-07-03T20:01:26
10842-4,10842,912,"I understand the frustration, let's get this sorted out.",True,2025-07-03T23:19:26
10842-5,10842,51379,Following up on this.,True,2025-07-04T01:56:26
10842-6,10842,912,"All set on our side now, thanks for your patience.",True,2025-07-04T03:29:26
10842-7,10842,51379,Thanks for the help!,True,2025-07-04T04:15:26
10843-1,10843,51984,The sneakers I received feels much cheaper than it looked in the photos.,True,2025-06-13T08:28:52
10843-2,10843,910,"Thanks for reaching out, let me look into this for you.",True,2025-06-13T09:57:52
10843-3,10843,51984,Is this normal for this product line?,True,2025-06-13T12:10:52
10843-4,10843,910,"Thanks for confirming, I've closed this out on our end.",True,2025-06-13T16:31:52
10843-5,10843,51984,"Perfect, thank you.",True,2025-06-13T18:27:52
10844-1,10844,52118,"Hi, I'm getting a payment error and can't finish my order.",True,2025-06-23T06:06:48
10844-2,10844,920,"I'm sorry for the trouble, checking your account now.",True,2025-06-23T06:31:48
10844-3,10844,52118,"Actually, sorry, let me explain the real issue. This might not be the right place but I wasn't sure where else to send this.",True,2025-06-23T10:25:48
10844-4,10844,920,"All set on our side now, thanks for your patience.",True,2025-06-23T12:21:48
10844-5,10844,52118,"OK thank you, that answers my question.",True,2025-06-23T12:44:48
10845-1,10845,50885,"Hi, I've had several issues with my last few orders and I'm not happy with the service.",True,2025-06-14T08:25:03
10845-2,10845,912,"I'm sorry for the trouble, checking your account now.",True,2025-06-14T09:32:03
10845-3,10845,50885,This isn't the first time either.,True,2025-06-14T10:35:03
10845-4,10845,912,"Thanks for confirming, I've closed this out on our end.",True,2025-06-14T12:02:03
10845-5,10845,50885,"OK thank you, that answers my question.",True,2025-06-14T12:18:03
10846-1,10846,53433,"The password reset link you sent isn't working, can you help me get back in?",True,2025-06-28T10:32:17
10846-2,10846,903,"I understand the frustration, let's get this sorted out.",True,2025-06-28T14:27:17
10846-3,10846,53433,Is there another way to verify my identity?,True,2025-06-28T18:50:17
10846-4,10846,903,"Thanks for the details, give me a moment to check on this.",True,2025-06-28T23:13:17
10846-5,10846,53433,Any news?,True,2025-06-29T01:59:17
10846-6,10846,903,"Thanks for the details, give me a moment to check on this.",True,2025-06-29T05:04:17
10846-7,10846,53433,"OK, still waiting to hear back.",True,2025-06-29T08:00:17
10847-1,10847,51827,"Hi, I was supposed to get a discount but my order #128832 was charged full price.",True,2025-06-24T02:19:56
10847-2,10847,923,"Thanks for reaching out, let me look into this for you.",True,2025-06-24T03:02:56
10847-3,10847,51827,Can you apply it retroactively or refund the difference?,True,2025-06-24T07:17:56
10847-4,10847,923,"I've resolved this on our end, please let us know if you need anything else.",True,2025-06-24T11:14:56
10847-5,10847,51827,"OK thank you, that answers my question.",True,2025-06-24T11:59:56
10848-1,10848,52635,"Hi, I'm getting a payment error and can't finish my order.",True,2025-08-17T11:16:17
10848-2,10848,922,"Thanks for the details, give me a moment to check on this.",True,2025-08-17T14:45:17
10848-3,10848,52635,Is there an issue on your end with payments?,True,2025-08-17T18:31:17
10848-4,10848,922,"This has been taken care of, apologies again for the inconvenience.",True,2025-08-17T20:46:17
10848-5,10848,52635,"Great, appreciate the quick resolution.",True,2025-08-17T22:41:17
10849-1,10849,51065,"Hi, I placed order #162841 on Jul 14 adn I can't find any tracking info. Can you tell me where it is?",True,2025-07-22T22:32:47
10849-2,10849,914,"I understand the frustration, let's get this sorted out.",True,2025-07-23T01:45:47
10849-3,10849,51065,Any update on this? It's been a while.,True,2025-07-23T04:35:47
10849-4,10849,914,"Thanks for the details, give me a moment to check on this.",True,2025-07-23T05:29:47
10849-5,10849,51065,"OK, still waiting to hear back.",True,2025-07-23T07:47:47
10849-6,10849,914,"All set on our side now, thanks for your patience.",True,2025-07-23T09:51:47
10849-7,10849,51065,"OK thank you, that answers my question.",True,2025-07-23T10:47:47
10850-1,10850,52091,How many days do I have to return something after delivery?,True,2025-07-08T04:04:32
10850-2,10850,920,"Thanks for the details, give me a moment to check on this.",True,2025-07-08T07:18:32
10850-3,10850,52091,Is there a restocking fee?,True,2025-07-08T08:36:32
10850-4,10850,920,"All set on our side now, thanks for your patience.",True,2025-07-08T12:12:32
10850-5,10850,52091,Thanks for the help!,True,2025-07-08T12:19:32
10851-1,10851,52990,"I returned my order #399654 6 days ago and haven't seen a refund yet, can you check?",True,2025-06-17T22:10:31
10851-2,10851,905,"Thanks for reaching out, let me look into this for you.",True,2025-06-17T23:45:31
10851-3,10851,52990,"Actually, sorry, let me explain the real issue. Order #399654 was supposed to arrive on Jun 16 and it's still not here. What's going on?",True,2025-06-18T01:45:31
10851-4,10851,905,"I've resolved this on our end, please let us know if you need anything else.",True,2025-06-18T04:32:31
10851-5,10851,52990,"OK thank you, that answers my question.",True,2025-06-18T05:09:31
10852-1,10852,53541,"Hi, I'd like to return the running shoes from order #375204, can you send me a return label?",True,2025-06-01T05:49:12
10852-2,10852,909,"I understand the frustration, let's get this sorted out.",True,2025-06-01T06:15:12
10852-3,10852,53541,Where do I send the package back to?,True,2025-06-01T09:56:12
10852-4,10852,909,"This has been taken care of, apologies again for the inconvenience.",True,2025-06-01T14:11:12
10852-5,10852,53541,Thanks for the help!,True,2025-06-01T15:02:12
10853-1,10853,51531,"I was charged twice for order #660476, can you refund the duplicate?",True,2025-08-25T23:40:26
10853-2,10853,906,"Thanks for reaching out, let me look into this for you.",True,2025-08-26T02:24:26
10853-3,10853,51531,This needs to be corrected soon.,True,2025-08-26T07:01:26
10853-4,10853,906,"I understand the frustration, let's get this sorted out.",True,2025-08-26T07:49:26
10853-5,10853,51531,Any news?,True,2025-08-26T09:23:26
10853-6,10853,906,"Thanks for reaching out, let me look into this for you.",True,2025-08-26T11:45:26
10853-7,10853,51531,Any news?,True,2025-08-26T13:31:26
10853-8,10853,906,"This has been taken care of, apologies again for the inconvenience.",True,2025-08-26T15:09:26
10853-9,10853,51531,"Great, appreciate the quick resolution.",True,2025-08-26T15:41:26
10854-1,10854,53121,"I was charged twice for order #867913, can you refund the duplicate?",True,2025-08-21T03:34:45
10854-2,10854,918,"I'm sorry for the trouble, checking your account now.",True,2025-08-21T07:33:45
10854-3,10854,53121,This needs to be corrected soon.,True,2025-08-21T08:35:45
10854-4,10854,918,"I'm sorry for the trouble, checking your account now.",True,2025-08-21T12:42:45
10854-5,10854,53121,Following up on this.,True,2025-08-21T13:05:45
10855-1,10855,51209,"I returned my order #306193 7 days ago and haven't seen a refund yet, can you check?",True,2025-06-27T22:00:46
10855-2,10855,902,"Thanks for the details, give me a moment to check on this.",True,2025-06-28T01:31:46
10855-3,10855,51209,"Actually, sorry, let me explain the real issue. Order #306193 was supposed to arrive on Jun 19 and it's still not here. What's going on?",True,2025-06-28T04:12:46
10855-4,10855,902,"I understand the frustration, let's get this sorted out.",True,2025-06-28T05:13:46
10855-5,10855,51209,Following up on this.,True,2025-06-28T06:55:46
10855-6,10855,902,"Thanks for the details, give me a moment to check on this.",True,2025-06-28T09:25:46
10855-7,10855,51209,Any news?,True,2025-06-28T12:24:46
10855-8,10855,902,"Thanks for confirming, I've closed this out on our end.",True,2025-06-28T13:55:46
10855-9,10855,51209,"Perfect, thank you.",True,2025-06-28T14:30:46
10856-1,10856,50579,The wireless headphones I ordered stopped working after 8 days of normal use.,True,2025-08-18T01:38:57
10856-2,10856,913,"I understand the frustration, let's get this sorted out.",True,2025-08-18T04:54:57
10856-3,10856,50579,"I've tried everything, it's definitely faulty.",True,2025-08-18T08:18:57
10856-4,10856,913,"This has been taken care of, apologies again for the inconvenience.",True,2025-08-18T08:36:57
10856-5,10856,50579,"Perfect, thank you.",True,2025-08-18T09:01:57
10857-1,10857,51709,"Hello, just checking on the status of order #949925, it's been a few days and I haven't heard anything.",True,2025-06-14T19:55:43
10857-2,10857,916,"I'm sorry for the trouble, checking your account now.",True,2025-06-14T22:15:43
10857-3,10857,51709,"Still no movement on the tracking page, is that normal?",True,2025-06-15T00:43:43
10857-4,10857,916,"Thanks for reaching out, let me look into this for you.",True,2025-06-15T01:37:43
10857-5,10857,51709,Following up on this.,True,2025-06-15T03:15:43
10857-6,10857,916,"All set on our side now, thanks for your patience.",True,2025-06-15T04:23:43
10857-7,10857,51709,"Great, appreciate the quick resolution.",True,2025-06-15T05:31:43
10858-1,10858,50646,"Hi, before I order the sunglasses, does it come in a larger size?",True,2025-08-27T09:30:41
10858-2,10858,904,"I'm sorry for the trouble, checking your account now.",True,2025-08-27T10:06:41
10858-3,10858,50646,"Also, what material is it made from?",True,2025-08-27T13:15:41
10859-1,10859,52587,"Hi, I placed order #679252 on Aug 12 and I can't find any tracking info. Can you tell me where it is?",True,2025-08-13T08:45:24
10859-2,10859,916,"I understand the frustration, let's get this sorted out.",True,2025-08-13T10:45:24
10859-3,10859,52587,Any update on this? It's been a while.,True,2025-08-13T13:49:24
10859-4,10859,916,"All set on our side now, thanks for your patience.",True,2025-08-13T14:10:24
10859-5,10859,52587,"OK thank you, that answers my question.",True,2025-08-13T15:10:24
10860-1,10860,51593,Where can I download a receipt for my recent purchase?,True,2025-07-03T06:14:27
10860-2,10860,910,"I'm sorry for the trouble, checking your account now.",True,2025-07-03T10:12:27
10860-3,10860,51593,Can it include the VAT breakdown?,True,2025-07-03T10:59:27
10860-4,10860,910,"This has been taken care of, apologies again for the inconvenience.",True,2025-07-03T11:35:27
10860-5,10860,51593,Thanks for the help!,True,2025-07-03T13:27:27
10861-1,10861,52277,I used the code SAVE10 but it didn't apply any discount at checkout.,True,2025-06-26T10:27:30
10861-2,10861,912,"Thanks for the details, give me a moment to check on this.",True,2025-06-26T11:37:30
10861-3,10861,52277,The code was definitely still valid.,True,2025-06-26T13:52:30
10861-4,10861,912,"I've resolved this on our end, please let us know if you need anything else.",True,2025-06-26T16:39:30
10861-5,10861,52277,"OK thank you, that answers my question.",True,2025-06-26T17:17:30
10862-1,10862,51260,"Hi, when will I get my money back for the item I sent back?",True,2025-06-22T18:54:37
10862-2,10862,914,"Thanks for reaching out, let me look into this for you.",True,2025-06-22T21:05:37
10862-3,10862,51260,My bank still shows no refund received.,True,2025-06-23T01:59:37
10862-4,10862,914,"I understand the frustration, let's get this sorted out.",True,2025-06-23T05:35:37
10862-5,10862,51260,Any news?,True,2025-06-23T07:09:37
10862-6,10862,914,"This has been taken care of, apologies again for the inconvenience.",True,2025-06-23T10:15:37
10862-7,10862,51260,"Great, appreciate the quick resolution.",True,2025-06-23T11:07:37
10863-1,10863,52936,"Hello, just checking on the status of order #328939, it's been a few days and I haven't heard anything.",True,2025-08-09T04:32:48
10863-2,10863,917,"I understand the frustration, let's get this sorted out.",True,2025-08-09T06:41:48
10863-3,10863,52936,Any update on this? It's been a while.,True,2025-08-09T11:04:48
10864-1,10864,51371,Order #600774 was supposed to arrive on Jun 22 and it's still not here. What's going on?,True,2025-07-03T12:46:40
10864-2,10864,904,"Thanks for the details, give me a moment to check on this.",True,2025-07-03T14:48:40
10864-3,10864,51371,"It's been 7 extra days now, this is getting frustrating.",True,2025-07-03T15:42:40
10864-4,10864,904,"I understand the frustration, let's get this sorted out.",True,2025-07-03T18:21:40
10864-5,10864,51371,"OK, still waiting to hear back.",True,2025-07-03T21:26:40
10864-6,10864,904,"I understand the frustration, let's get this sorted out.",True,2025-07-03T23:25:40
10864-7,10864,51371,"OK, still waiting to hear back.",True,2025-07-04T00:57:40
10864-8,10864,904,"Thanks for confirming, I've closed this out on our end.",True,2025-07-04T03:53:40
10864-9,10864,51371,"Perfect, thank you.",True,2025-07-04T04:52:40
10865-1,10865,50294,"Hi, I think I entered the wrong address for order #217013, could yuo update it before it ships?",True,2025-07-29T08:59:27
10865-2,10865,924,"I'm sorry for the trouble, checking your account now.",True,2025-07-29T11:13:27
10865-3,10865,50294,Has the address been updated yet?,True,2025-07-29T11:54:27
10865-4,10865,924,"Thanks for reaching out, let me look into this for you.",True,2025-07-29T13:42:27
10865-5,10865,50294,Any news?,True,2025-07-29T17:00:27
10865-6,10865,924,"This has been taken care of, apologies again for the inconvenience.",True,2025-07-29T19:37:27
10865-7,10865,50294,"Perfect, thank you.",True,2025-07-29T20:04:27
10866-1,10866,53163,"I returned my order #151191 10 days ago and haven't seen a refund yet, can you check?",True,2025-07-14T15:41:24
10866-2,10866,921,"Thanks for reaching out, let me look into this for you.",True,2025-07-14T16:56:24
10866-3,10866,53163,It's been longer than the timeline you gave me.,True,2025-07-14T18:50:24
10866-4,10866,921,"Thanks for the details, give me a moment to check on this.",True,2025-07-14T19:36:24
10866-5,10866,53163,Any news?,True,2025-07-14T20:42:24
10866-6,10866,921,"Thanks for confirming, I've closed this out on our end.",True,2025-07-14T21:53:24
10866-7,10866,53163,"OK thank you, that answers my question.",True,2025-07-14T22:49:24
10867-1,10867,50064,"I returned my order #744931 15 days ago and haven't seen a refund yet, can yuo check?",True,2025-06-15T00:56:57
10867-2,10867,911,"Thanks for the details, give me a moment to check on this.",True,2025-06-15T03:59:57
10867-3,10867,50064,It's been longer than the timeline you gave me.,True,2025-06-15T04:41:57
10867-4,10867,911,"Thanks for the details, give me a moment to check on this.",True,2025-06-15T09:22:57
10867-5,10867,50064,Any news?,True,2025-06-15T11:16:57
10867-6,10867,911,"This has been taken care of, apologies again for the inconvenience.",True,2025-06-15T14:35:57
10867-7,10867,50064,"Perfect, thank you.",True,2025-06-15T16:22:57
10868-1,10868,52959,The laptop sleeve I ordered stopped working after 7 days of normal use.,True,2025-07-30T17:50:13
10868-2,10868,925,"I'm sorry for the trouble, checking your account now.",True,2025-07-30T19:01:13
10868-3,10868,52959,Can I get a replacement or refund?,True,2025-07-30T22:20:13
10868-4,10868,925,"Thanks for the details, give me a moment to check on this.",True,2025-07-31T02:34:13
10868-5,10868,52959,Following up on this.,True,2025-07-31T03:57:13
10868-6,10868,925,"I've resolved this on our end, please let us know if you need anything else.",True,2025-07-31T05:48:13
10868-7,10868,52959,"OK thank you, that answers my question.",True,2025-07-31T07:39:13
10869-1,10869,52486,"Hi, when will I get my money back for the item I sent back?",True,2025-07-14T23:43:23
10869-2,10869,916,"I understand the frustration, let's get this sorted out.",True,2025-07-15T00:13:23
10869-3,10869,52486,It's been longer than the timeline you gave me.,True,2025-07-15T02:44:23
10869-4,10869,916,"Thanks for the details, give me a moment to check on this.",True,2025-07-15T04:59:23
10869-5,10869,52486,Following up on this.,True,2025-07-15T07:58:23
10869-6,10869,916,"Thanks for confirming, I've closed this out on our end.",True,2025-07-15T10:09:23
10869-7,10869,52486,"Perfect, thank you.",True,2025-07-15T11:09:23
10870-1,10870,51971,"Hi, my order arrived and the yoga mat is broken, it won't turn on at all.",True,2025-06-28T13:53:46
10870-2,10870,900,"I'm sorry for the trouble, checking your account now.",True,2025-06-28T14:42:46
10870-3,10870,51971,Can I get a replacement or refund?,True,2025-06-28T14:53:46
10871-1,10871,51474,"Hi, before I order the bluetooth speaker, does it come in a larger size?",True,2025-06-12T09:02:03
10871-2,10871,918,"Thanks for reaching out, let me look into this for you.",True,2025-06-12T11:56:03
10871-3,10871,51474,Do you have a size guide I can check?,True,2025-06-12T14:20:03
10871-4,10871,918,"I understand the frustration, let's get this sorted out.",True,2025-06-12T17:30:03
10871-5,10871,51474,Any news?,True,2025-06-12T19:48:03
10871-6,10871,918,"Thanks for the details, give me a moment to check on this.",True,2025-06-12T21:40:03
10871-7,10871,51474,"OK, still waiting to hear back.",True,2025-06-12T22:16:03
10871-8,10871,918,"Thanks for confirming, I've closed this out on our end.",True,2025-06-12T23:53:03
10871-9,10871,51474,Thanks for the help!,True,2025-06-13T00:37:03
10872-1,10872,50876,"The password reset link you sent isn't working, can you help me get back in?",True,2025-06-14T19:16:15
10872-2,10872,919,"I understand the frustration, let's get this sorted out.",True,2025-06-14T22:08:15
10872-3,10872,50876,I've tried clearing my cache and cookies too.,True,2025-06-15T01:44:15
10872-4,10872,919,"Thanks for the details, give me a moment to check on this.",True,2025-06-15T06:25:15
10872-5,10872,50876,Following up on this.,True,2025-06-15T09:15:15
10872-6,10872,919,"Thanks for confirming, I've closed this out on our end.",True,2025-06-15T09:55:15
10872-7,10872,50876,"Great, appreciate the quick resolution.",True,2025-06-15T10:21:15
10873-1,10873,51904,"Hi, I have a question but I'm not totally sure it's the right team to ask.",True,2025-08-13T10:37:37
10873-2,10873,903,"Thanks for the details, give me a moment to check on this.",True,2025-08-13T12:03:37
10873-3,10873,51904,Let me know if I should contact someone else instead.,True,2025-08-13T12:34:37
10873-4,10873,903,"Thanks for the details, give me a moment to check on this.",True,2025-08-13T16:59:37
10873-5,10873,51904,Any news?,True,2025-08-13T20:11:37
10873-6,10873,903,"Thanks for reaching out, let me look into this for you.",True,2025-08-13T20:30:37
10873-7,10873,51904,"OK, still waiting to hear back.",True,2025-08-13T22:38:37
10873-8,10873,903,"Thanks for confirming, I've closed this out on our end.",True,2025-08-13T23:36:37
10873-9,10873,51904,Thanks for the help!,True,2025-08-13T23:53:37
10874-1,10874,52699,"Hi, I placed order #501832 on Jun 25 and I can't find any tracking info. Can you tell me where it is?",True,2025-07-10T21:32:47
10874-2,10874,901,"Thanks for the details, give me a moment to check on this.",True,2025-07-10T22:57:47
10874-3,10874,52699,"Still no movement on the tracking page, is that normal?",True,2025-07-10T23:57:47
10874-4,10874,901,"I'm sorry for the trouble, checking your account now.",True,2025-07-11T03:13:47
10874-5,10874,52699,Following up on this.,True,2025-07-11T06:13:47
10874-6,10874,901,"Thanks for confirming, I've closed this out on our end.",True,2025-07-11T08:52:47
10874-7,10874,52699,"Great, appreciate the quick resolution.",True,2025-07-11T10:23:47
10875-1,10875,51507,The wireless headphones I ordered stopped working after 9 days of normal use.,True,2025-08-04T00:13:33
10875-2,10875,921,"Thanks for the details, give me a moment to check on this.",True,2025-08-04T03:43:33
10875-3,10875,51507,"I've tried everything, it's definitely faulty.",True,2025-08-04T04:47:33
10875-4,10875,921,"Thanks for confirming, I've closed this out on our end.",True,2025-08-04T05:00:33
10875-5,10875,51507,"Perfect, thank you.",True,2025-08-04T06:54:33
10876-1,10876,51770,"What's the process to send back an item I ordered? It doesn't fit. Hi, quick question about your returns policy, can I return an item I already opened?",True,2025-08-24T00:04:14
10876-2,10876,912,"Thanks for reaching out, let me look into this for you.",True,2025-08-24T02:59:14
10876-3,10876,51770,Do I need to print anything or can I drop it off?,True,2025-08-24T07:02:14
10876-4,10876,912,"I understand the frustration, let's get this sorted out.",True,2025-08-24T10:18:14
10876-5,10876,51770,Following up on this.,True,2025-08-24T12:01:14
10876-6,10876,912,"I've resolved this on our end, please let us know if you need anything else.",True,2025-08-24T12:50:14
10876-7,10876,51770,"Great, appreciate the quick resolution.",True,2025-08-24T14:00:14
10877-1,10877,52987,"Hi, the denim jacket shows as out of stock, do you know when it'll be available again?",True,2025-08-26T02:30:16
10877-2,10877,915,"I'm sorry for the trouble, checking your account now.",True,2025-08-26T06:00:16
10877-3,10877,52987,Can I reserve one in advance?,True,2025-08-26T06:48:16
10877-4,10877,915,"Thanks for confirming, I've closed this out on our end.",True,2025-08-26T08:23:16
10877-5,10877,52987,Thanks for the help!,True,2025-08-26T08:38:16
10878-1,10878,53105,"Hi, the color/size I received doesn't match order #386102 at all.",True,2025-08-27T17:22:16
10878-2,10878,924,"Thanks for the details, give me a moment to check on this.",True,2025-08-27T17:51:16
10878-3,10878,53105,"Actually, sorry, let me explain the real issue. I used the code WELCOME15 but it didn't apply any discount at checkout.",True,2025-08-27T18:44:16
10878-4,10878,924,"Thanks for the details, give me a moment to check on this.",True,2025-08-27T23:15:16
10878-5,10878,53105,"OK, still waiting to hear back.",True,2025-08-28T00:01:16
10878-6,10878,924,"Thanks for reaching out, let me look into this for you.",True,2025-08-28T01:03:16
10878-7,10878,53105,Following up on this.,True,2025-08-28T04:09:16
10878-8,10878,924,"Thanks for confirming, I've closed this out on our end.",True,2025-08-28T05:14:16
10878-9,10878,53105,"Perfect, thank you.",True,2025-08-28T06:24:16
10879-1,10879,51065,"I want to file a complaint, my overall experience with this order has been really disappointing.",True,2025-06-16T02:13:01
10879-2,10879,912,"I'm sorry for the trouble, checking your account now.",True,2025-06-16T03:01:01
10879-3,10879,51065,"Actually, sorry, let me explain the real issue. My card keeps getting declined when I try to check out, even though there are funds available.",True,2025-06-16T06:30:01
10879-4,10879,912,"All set on our side now, thanks for your patience.",True,2025-06-16T11:00:01
10879-5,10879,51065,"OK thank you, that answers my question.",True,2025-06-16T12:04:01
10880-1,10880,50444,Order #733025 was supposed to arrive on Jul 01 and it's still not here. What's going on?,True,2025-07-13T07:52:24
10880-2,10880,917,"I understand the frustration, let's get this sorted out.",True,2025-07-13T09:09:24
10880-3,10880,50444,"It's been 9 extra days now, this is getting frustrating.",True,2025-07-13T14:06:24
10880-4,10880,917,"This has been taken care of, apologies again for the inconvenience.",True,2025-07-13T16:49:24
10880-5,10880,50444,"Great, appreciate the quick resolution.",True,2025-07-13T16:59:24
10881-1,10881,53259,"Hi, I think I entered the wrong address for order #717424, could yuo update it before it ships?",True,2025-07-10T02:02:29
10881-2,10881,912,"Thanks for reaching out, let me look into this for you.",True,2025-07-10T05:31:29
10881-3,10881,53259,I'm worried it will ship before this gets fixed.,True,2025-07-10T10:30:29
10881-4,10881,912,"I've resolved this on our end, please let us know if you need anything else.",True,2025-07-10T10:47:29
10881-5,10881,53259,"OK thank you, that answers my question.",True,2025-07-10T12:22:29
10882-1,10882,50769,"I returned my order #111298 4 days ago and haven't seen a refund yet, can you check?",True,2025-06-13T22:38:37
10882-2,10882,912,"Thanks for the details, give me a moment to check on this.",True,2025-06-14T02:26:37
10882-3,10882,50769,My bank still shows no refund received.,True,2025-06-14T04:03:37
10882-4,10882,912,"I've resolved this on our end, please let us know if you need anything else.",True,2025-06-14T05:10:37
10882-5,10882,50769,"OK thank you, that answers my question.",True,2025-06-14T06:25:37
10883-1,10883,53542,"Hi, my order arrived and the leather wallet is broken, it won't turn on at all.",True,2025-08-10T07:59:23
10883-2,10883,919,"Thanks for the details, give me a moment to check on this.",True,2025-08-10T10:06:23
10883-3,10883,53542,Can I get a replacement or refund?,True,2025-08-10T13:09:23
10883-4,10883,919,"Thanks for the details, give me a moment to check on this.",True,2025-08-10T16:32:23
10883-5,10883,53542,"OK, still waiting to hear back.",True,2025-08-10T17:13:23
10883-6,10883,919,"All set on our side now, thanks for your patience.",True,2025-08-10T18:04:23
10883-7,10883,53542,Thanks for the help!,True,2025-08-10T18:15:23
10884-1,10884,52102,"Hi, my order arrived and the sneakers is broken, it won't turn on at all.",True,2025-07-14T21:21:36
10884-2,10884,920,"I understand the frustration, let's get this sorted out.",True,2025-07-14T22:54:36
10884-3,10884,52102,"Actually, sorry, let me explain the real issue. Hi, my delivery is running late, I ordered the sneakers over a week ago.",True,2025-07-15T03:20:36
10885-1,10885,52215,"Hi, my order arrived and the smartwatch is broken, it won't turn on at all.",True,2025-07-28T18:17:40
10885-2,10885,925,"Thanks for reaching out, let me look into this for you.",True,2025-07-28T22:01:40
10885-3,10885,52215,Can I get a replacement or refund?,True,2025-07-28T22:15:40
10885-4,10885,925,"Thanks for confirming, I've closed this out on our end.",True,2025-07-29T00:48:40
10885-5,10885,52215,"Great, appreciate the quick resolution.",True,2025-07-29T02:19:40
10886-1,10886,50932,"I returned my order #968972 14 days ago and haven't seen a refund yet, can you check?",True,2025-07-23T19:20:50
10886-2,10886,907,"Thanks for the details, give me a moment to check on this.",True,2025-07-23T19:36:50
10886-3,10886,50932,It's been longer than the timeline you gave me.,True,2025-07-23T23:30:50
10887-1,10887,53192,The winter coat I ordered stopped working after 15 days of normal use.,True,2025-07-03T18:10:52
10887-2,10887,918,"I understand the frustration, let's get this sorted out.",True,2025-07-03T19:33:52
10887-3,10887,53192,Can I get a replacement or refund?,True,2025-07-03T22:48:52
10887-4,10887,918,"Thanks for confirming, I've closed this out on our end.",True,2025-07-04T01:57:52
10887-5,10887,53192,"Great, appreciate the quick resolution.",True,2025-07-04T02:21:52
10888-1,10888,52786,"Hi, my order arrived and the sunglasses is broken, it won't turn on at all.",True,2025-07-23T18:57:00
10888-2,10888,900,"I understand the frustration, let's get this sorted out.",True,2025-07-23T21:48:00
10888-3,10888,52786,"I've tried everything, it's definitely faulty.",True,2025-07-23T22:32:00
10888-4,10888,900,"Thanks for confirming, I've closed this out on our end.",True,2025-07-24T03:07:00
10888-5,10888,52786,"OK thank you, that answers my question.",True,2025-07-24T03:16:00
10889-1,10889,50167,"Hi, I need to update the email address on my account.",True,2025-07-22T20:05:36
10889-2,10889,924,"Thanks for reaching out, let me look into this for you.",True,2025-07-22T20:27:36
10889-3,10889,50167,Is this something I can do myself in settings?,True,2025-07-22T21:05:36
10889-4,10889,924,"Thanks for reaching out, let me look into this for you.",True,2025-07-22T23:17:36
10889-5,10889,50167,Following up on this.,True,2025-07-23T00:00:36
10889-6,10889,924,"I understand the frustration, let's get this sorted out.",True,2025-07-23T02:42:36
10889-7,10889,50167,"OK, still waiting to hear back.",True,2025-07-23T03:36:36
10889-8,10889,924,"Thanks for confirming, I've closed this out on our end.",True,2025-07-23T06:35:36
10889-9,10889,50167,"Great, appreciate the quick resolution.",True,2025-07-23T07:49:36
10890-1,10890,53226,"Hi, the courier says my package for order #393520 was delivered but it's nowhere to be found. Hi, when will I get my money back for the item I sent back?",True,2025-07-24T15:32:59
10890-2,10890,904,"I'm sorry for the trouble, checking your account now.",True,2025-07-24T18:24:59
10890-3,10890,53226,Can you open an investigation with the carrier?,True,2025-07-24T20:11:59
10890-4,10890,904,"Thanks for the details, give me a moment to check on this.",True,2025-07-24T23:06:59
10890-5,10890,53226,"OK, still waiting to hear back.",True,2025-07-24T23:39:59
10890-6,10890,904,"Thanks for confirming, I've closed this out on our end.",True,2025-07-25T01:58:59
10890-7,10890,53226,Thanks for the help!,True,2025-07-25T03:34:59
10891-1,10891,52175,"I was charged twice for order #457189, can you refund the duplicate?",True,2025-07-19T09:32:30
10891-2,10891,917,"Thanks for the details, give me a moment to check on this.",True,2025-07-19T09:38:30
10891-3,10891,52175,This needs to be corrected soon.,True,2025-07-19T11:54:30
10891-4,10891,917,"Thanks for the details, give me a moment to check on this.",True,2025-07-19T15:34:30
10891-5,10891,52175,Any news?,True,2025-07-19T16:17:30
10892-1,10892,50112,The running shoes I ordered stopped working after 5 days of normal use.,True,2025-06-21T19:34:46
10892-2,10892,921,"Thanks for the details, give me a moment to check on this.",True,2025-06-21T23:30:46
10892-3,10892,50112,Can I get a replacement or refund?,True,2025-06-22T04:26:46
10892-4,10892,921,"I'm sorry for the trouble, checking your account now.",True,2025-06-22T08:08:46
10892-5,10892,50112,Any news?,True,2025-06-22T10:36:46
10892-6,10892,921,"I understand the frustration, let's get this sorted out.",True,2025-06-22T13:10:46
10892-7,10892,50112,Following up on this.,True,2025-06-22T14:00:46
10892-8,10892,921,"I've resolved this on our end, please let us know if you need anything else.",True,2025-06-22T16:17:46
10892-9,10892,50112,"Great, appreciate the quick resolution.",True,2025-06-22T16:54:46
10893-1,10893,52360,"I returned my order #415010 2 days ago and haven't seen a refund yet, can yuo check? I was charged twice for order #415010, can you refund the duplicate?",True,2025-07-31T16:03:36
10893-2,10893,903,"I understand the frustration, let's get this sorted out.",True,2025-07-31T16:53:36
10893-3,10893,52360,My bank still shows no refund received.,True,2025-07-31T19:42:36
10893-4,10893,903,"I've resolved this on our end, please let us know if you need anything else.",True,2025-07-31T20:02:36
10893-5,10893,52360,"OK thank you, that answers my question.",True,2025-07-31T20:17:36
10894-1,10894,51631,"Quick question, is the wireless headphones compatible with older devices?",True,2025-07-27T09:20:08
10894-2,10894,908,"Thanks for reaching out, let me look into this for you.",True,2025-07-27T09:29:08
10894-3,10894,51631,"Also, what material is it made from?",True,2025-07-27T12:41:08
10894-4,10894,908,"I understand the frustration, let's get this sorted out.",True,2025-07-27T16:18:08
10894-5,10894,51631,Any news?,True,2025-07-27T17:32:08
10895-1,10895,53010,Order #700692 was supposed to arrive on Aug 01 and it's still not here. What's going on? Order #700692 shows as delivered but I never received anything. I've checked with neighbours and the building office.,True,2025-08-13T06:34:12
10895-2,10895,917,"Thanks for reaching out, let me look into this for you.",True,2025-08-13T10:02:12
10895-3,10895,53010,Do you have an updated delivery estimate?,True,2025-08-13T12:24:12
10895-4,10895,917,"All set on our side now, thanks for your patience.",True,2025-08-13T14:31:12
10895-5,10895,53010,"Perfect, thank you.",True,2025-08-13T16:10:12
10896-1,10896,50391,"I returned my order #738901 4 days ago and haven't seen a refund yet, can yuo check?",True,2025-06-10T17:26:36
10896-2,10896,911,"Thanks for the details, give me a moment to check on this.",True,2025-06-10T20:36:36
10896-3,10896,50391,It's been longer than the timeline you gave me.,True,2025-06-10T21:50:36
10896-4,10896,911,"All set on our side now, thanks for your patience.",True,2025-06-11T02:49:36
10896-5,10896,50391,"Great, appreciate the quick resolution.",True,2025-06-11T04:07:36
10897-1,10897,52193,Where can I download a receipt for my recent purchase?,True,2025-08-23T05:43:20
10897-2,10897,920,"I understand the frustration, let's get this sorted out.",True,2025-08-23T09:39:20
10897-3,10897,52193,I need this fairly soon for my records.,True,2025-08-23T12:40:20
10897-4,10897,920,"Thanks for reaching out, let me look into this for you.",True,2025-08-23T15:24:20
10897-5,10897,52193,"OK, still waiting to hear back.",True,2025-08-23T16:53:20
10897-6,10897,920,"Thanks for confirming, I've closed this out on our end.",True,2025-08-23T18:19:20
10897-7,10897,52193,"Great, appreciate the quick resolution.",True,2025-08-23T20:09:20
10898-1,10898,50326,"Hello, just checking on the status of order #414970, it's been a few days and I haven't heard anything.",True,2025-06-22T15:20:44
10898-2,10898,916,"I'm sorry for the trouble, checking your account now.",True,2025-06-22T16:41:44
10898-3,10898,50326,Any update on this? It's been a while.,True,2025-06-22T19:27:44
10898-4,10898,916,"I understand the frustration, let's get this sorted out.",True,2025-06-22T22:32:44
10898-5,10898,50326,Any news?,True,2025-06-23T00:54:44
10898-6,10898,916,"I understand the frustration, let's get this sorted out.",True,2025-06-23T01:46:44
10898-7,10898,50326,Any news?,True,2025-06-23T03:28:44
10898-8,10898,916,"Thanks for confirming, I've closed this out on our end.",True,2025-06-23T04:06:44
10898-9,10898,50326,"Perfect, thank you.",True,2025-06-23T05:47:44
10899-1,10899,53124,I ordered the denim jacket but received a completely different item. The denim jacket I ordered stopped working after 6 days of normal use.,True,2025-08-24T11:27:34
10899-2,10899,925,"Thanks for the details, give me a moment to check on this.",True,2025-08-24T13:19:34
10899-3,10899,53124,I still want the item I originally ordered.,True,2025-08-24T17:36:34
10899-4,10899,925,"This has been taken care of, apologies again for the inconvenience.",True,2025-08-24T19:11:34
10899-5,10899,53124,"Perfect, thank you.",True,2025-08-24T19:32:34
10900-1,10900,51689,"Hi, I'm getting a payment error and can't finish my order.",True,2025-06-05T19:53:38
10900-2,10900,925,"I understand the frustration, let's get this sorted out.",True,2025-06-05T20:27:38
10900-3,10900,51689,I've tried two different cards now.,True,2025-06-05T22:11:38
10900-4,10900,925,"Thanks for confirming, I've closed this out on our end.",True,2025-06-06T01:43:38
10900-5,10900,51689,"Perfect, thank you.",True,2025-06-06T03:38:38
10901-1,10901,50515,The laptop sleeve I ordered stopped working after 14 days of normal use.,True,2025-06-20T18:58:21
10901-2,10901,919,"I understand the frustration, let's get this sorted out.",True,2025-06-20T20:25:21
10901-3,10901,50515,Can I get a replacement or refund?,True,2025-06-21T00:07:21
10901-4,10901,919,"Thanks for reaching out, let me look into this for you.",True,2025-06-21T04:21:21
10901-5,10901,50515,"OK, still waiting to hear back.",True,2025-06-21T06:01:21
10901-6,10901,919,"This has been taken care of, apologies again for the inconvenience.",True,2025-06-21T08:43:21
10901-7,10901,50515,"OK thank you, that answers my question.",True,2025-06-21T09:09:21
10902-1,10902,51649,"Hi, my delivery is running late, I ordered the phone case over a week ago.",True,2025-08-05T12:12:12
10902-2,10902,910,"I'm sorry for the trouble, checking your account now.",True,2025-08-05T13:34:12
10902-3,10902,51649,Do you have an updated delivery estimate?,True,2025-08-05T17:35:12
10902-4,10902,910,"I've resolved this on our end, please let us know if you need anything else.",True,2025-08-05T20:31:12
10902-5,10902,51649,"Perfect, thank you.",True,2025-08-05T22:07:12
10903-1,10903,52965,"I returned my order #481351 5 days ago and haven't seen a refund yet, can you check? Hi, the amount charged to my card doesn't match my order total, can you check?",True,2025-08-06T20:59:27
10903-2,10903,922,"I'm sorry for the trouble, checking your account now.",True,2025-08-07T00:42:27
10903-3,10903,52965,My bank still shows no refund received.,True,2025-08-07T02:25:27
10903-4,10903,922,"I've resolved this on our end, please let us know if you need anything else.",True,2025-08-07T04:28:27
10903-5,10903,52965,"Great, appreciate the quick resolution.",True,2025-08-07T06:27:27
10904-1,10904,52576,"I returned my order #206399 6 days ago and haven't seen a refund yet, can you check?",True,2025-06-17T10:56:14
10904-2,10904,921,"Thanks for reaching out, let me look into this for you.",True,2025-06-17T11:41:14
10904-3,10904,52576,It's been longer than the timeline you gave me.,True,2025-06-17T13:54:14
10904-4,10904,921,"This has been taken care of, apologies again for the inconvenience.",True,2025-06-17T14:41:14
10904-5,10904,52576,Thanks for the help!,True,2025-06-17T15:27:14
10905-1,10905,51328,"Hi, my order arrived and teh backpack is broken, it won't turn on at all.",True,2025-06-05T22:16:51
10905-2,10905,917,"Thanks for reaching out, let me look into this for you.",True,2025-06-05T23:56:51
10905-3,10905,51328,Can I get a replacement or refund?,True,2025-06-06T01:13:51
10905-4,10905,917,"Thanks for reaching out, let me look into this for you.",True,2025-06-06T03:22:51
10905-5,10905,51328,Following up on this.,True,2025-06-06T05:36:51
10905-6,10905,917,"This has been taken care of, apologies again for the inconvenience.",True,2025-06-06T06:05:51
10905-7,10905,51328,"Perfect, thank you.",True,2025-06-06T07:55:51
10906-1,10906,52986,"Hi, I've had several issues with my last few orders and I'm not happy with the service.",True,2025-08-27T11:19:16
10906-2,10906,922,"I understand the frustration, let's get this sorted out.",True,2025-08-27T13:04:16
10906-3,10906,52986,This isn't the first time either.,True,2025-08-27T15:12:16
10906-4,10906,922,"I understand the frustration, let's get this sorted out.",True,2025-08-27T16:29:16
10906-5,10906,52986,"OK, still waiting to hear back.",True,2025-08-27T17:41:16
10906-6,10906,922,"Thanks for reaching out, let me look into this for you.",True,2025-08-27T19:41:16
10906-7,10906,52986,Any news?,True,2025-08-27T23:01:16
10907-1,10907,51294,"Hi, I was only refunded part of my order, can you check what happened?",True,2025-08-10T21:58:00
10907-2,10907,904,"I understand the frustration, let's get this sorted out.",True,2025-08-11T00:35:00
10907-3,10907,51294,I paid $54 and only got a fraction of that back.,True,2025-08-11T04:40:00
10907-4,10907,904,"I understand the frustration, let's get this sorted out.",True,2025-08-11T06:40:00
10907-5,10907,51294,Following up on this.,True,2025-08-11T06:56:00
10907-6,10907,904,"I've resolved this on our end, please let us know if you need anything else.",True,2025-08-11T07:16:00
10907-7,10907,51294,Thanks for the help!,True,2025-08-11T07:34:00
10908-1,10908,53479,How many days do I have to return something after delivery?,True,2025-07-25T14:29:09
10908-2,10908,901,"I'm sorry for the trouble, checking your account now.",True,2025-07-25T16:12:09
10908-3,10908,53479,Does that apply to sale items too?,True,2025-07-25T21:06:09
10908-4,10908,901,"I understand the frustration, let's get this sorted out.",True,2025-07-26T00:44:09
10908-5,10908,53479,Following up on this.,True,2025-07-26T03:55:09
10908-6,10908,901,"Thanks for the details, give me a moment to check on this.",True,2025-07-26T07:12:09
10908-7,10908,53479,Following up on this.,True,2025-07-26T07:44:09
10908-8,10908,901,"Thanks for confirming, I've closed this out on our end.",True,2025-07-26T10:49:09
10908-9,10908,53479,Thanks for the help!,True,2025-07-26T12:10:09
10909-1,10909,51639,"Hi, when will I get my money back for the item I sent back? I was charged twice for order #284651, can you refund the duplicate?",True,2025-08-09T01:19:10
10909-2,10909,924,"Thanks for the details, give me a moment to check on this.",True,2025-08-09T04:16:10
10909-3,10909,51639,It's been longer than the timeline you gave me.,True,2025-08-09T08:15:10
10909-4,10909,924,"This has been taken care of, apologies again for the inconvenience.",True,2025-08-09T11:25:10
10909-5,10909,51639,Thanks for the help!,True,2025-08-09T13:03:10
10910-1,10910,51816,"Hi, I have a question but I'm not totally sure it's the right team to ask.",True,2025-07-24T03:44:40
10910-2,10910,916,"Thanks for the details, give me a moment to check on this.",True,2025-07-24T05:52:40
10910-3,10910,51816,Let me know if I should contact someone else instead.,True,2025-07-24T10:50:40
10910-4,10910,916,"Thanks for confirming, I've closed this out on our end.",True,2025-07-24T14:42:40
10910-5,10910,51816,"Perfect, thank you.",True,2025-07-24T15:44:40
10911-1,10911,50344,"I returned my order #737135 8 days ago and haven't seen a refund yet, can you check?",True,2025-07-10T05:46:02
10911-2,10911,913,"Thanks for reaching out, let me look into this for you.",True,2025-07-10T06:28:02
10911-3,10911,50344,It's been longer than the timeline you gave me.,True,2025-07-10T06:54:02
10911-4,10911,913,"This has been taken care of, apologies again for the inconvenience.",True,2025-07-10T10:01:02
10911-5,10911,50344,"OK thank you, that answers my question.",True,2025-07-10T10:36:02
10912-1,10912,52773,"Hi, my order arrived and the sneakers is broken, it won't turn on at all.",True,2025-07-16T01:37:44
10912-2,10912,906,"Thanks for the details, give me a moment to check on this.",True,2025-07-16T02:18:44
10912-3,10912,52773,"I've tried everything, it's definitely faulty.",True,2025-07-16T02:57:44
10912-4,10912,906,"Thanks for the details, give me a moment to check on this.",True,2025-07-16T06:18:44
10912-5,10912,52773,Any news?,True,2025-07-16T07:54:44
10912-6,10912,906,"Thanks for reaching out, let me look into this for you.",True,2025-07-16T08:10:44
10912-7,10912,52773,Any news?,True,2025-07-16T09:47:44
10913-1,10913,52326,The backpack I ordered stopped working after 8 days of normal use.,True,2025-07-12T17:03:15
10913-2,10913,915,"I'm sorry for the trouble, checking your account now.",True,2025-07-12T19:22:15
10913-3,10913,52326,"I've tried everything, it's definitely faulty.",True,2025-07-12T20:02:15
10913-4,10913,915,"Thanks for the details, give me a moment to check on this.",True,2025-07-12T20:27:15
10913-5,10913,52326,Any news?,True,2025-07-12T21:34:15
10913-6,10913,915,"This has been taken care of, apologies again for the inconvenience.",True,2025-07-12T22:24:15
10913-7,10913,52326,"OK thank you, that answers my question.",True,2025-07-12T22:31:15
10914-1,10914,51286,The bluetooth speaker I ordered stopped working after 3 days of normal use.,True,2025-07-06T06:28:09
10914-2,10914,908,"Thanks for reaching out, let me look into this for you.",True,2025-07-06T08:16:09
10914-3,10914,51286,"I've tried everything, it's definitely faulty.",True,2025-07-06T08:28:09
10914-4,10914,908,"All set on our side now, thanks for your patience.",True,2025-07-06T09:43:09
10914-5,10914,51286,"Perfect, thank you.",True,2025-07-06T09:52:09
10915-1,10915,50755,The running shoes I ordered stopped working after 10 days of normal use.,True,2025-07-04T14:00:33
10915-2,10915,911,"Thanks for reaching out, let me look into this for you.",True,2025-07-04T17:06:33
10915-3,10915,50755,"I've tried everything, it's definitely faulty.",True,2025-07-04T18:48:33
10915-4,10915,911,"All set on our side now, thanks for your patience.",True,2025-07-04T20:03:33
10915-5,10915,50755,Thanks for the help!,True,2025-07-04T21:10:33
10916-1,10916,51336,I used the code SAVE10 but it didn't apply any discount at checkout.,True,2025-07-26T15:50:20
10916-2,10916,904,"I understand the frustration, let's get this sorted out.",True,2025-07-26T16:59:20
10916-3,10916,51336,The code was definitely still valid.,True,2025-07-26T18:46:20
10916-4,10916,904,"This has been taken care of, apologies again for the inconvenience.",True,2025-07-26T22:52:20
10916-5,10916,51336,Thanks for the help!,True,2025-07-26T23:06:20
10917-1,10917,52585,"I was charged twice for order #733636, can yuo refund the duplicate?",True,2025-08-23T17:57:16
10917-2,10917,918,"Thanks for reaching out, let me look into this for you.",True,2025-08-23T20:27:16
10917-3,10917,52585,"Actually, sorry, let me explain the real issue. I used the code SAVE10 but it didn't apply any discount at checkout.",True,2025-08-23T21:29:16
10917-4,10917,918,"I'm sorry for the trouble, checking your account now.",True,2025-08-24T00:52:16
10917-5,10917,52585,Following up on this.,True,2025-08-24T02:19:16
10917-6,10917,918,"I understand the frustration, let's get this sorted out.",True,2025-08-24T04:33:16
10917-7,10917,52585,Following up on this.,True,2025-08-24T07:06:16
10917-8,10917,918,"All set on our side now, thanks for your patience.",True,2025-08-24T10:07:16
10917-9,10917,52585,Thanks for the help!,True,2025-08-24T10:20:16
10918-1,10918,53095,"Hi, I have a question but I'm not totally sure it's the right team to ask.",True,2025-06-11T02:11:54
10918-2,10918,902,"Thanks for reaching out, let me look into this for you.",True,2025-06-11T04:46:54
10918-3,10918,53095,Sorry if this isn't the right department.,True,2025-06-11T07:34:54
10918-4,10918,902,"All set on our side now, thanks for your patience.",True,2025-06-11T12:01:54
10918-5,10918,53095,Thanks for the help!,True,2025-06-11T13:47:54
10919-1,10919,51879,"Hi, I placed order #948637 on May 21 and I can't find any tracking info. Can you tell me where it is?",True,2025-06-02T23:34:12
10919-2,10919,916,"Thanks for the details, give me a moment to check on this.",True,2025-06-03T02:12:12
10919-3,10919,51879,"Still no movement on teh tracking page, is that normal?",True,2025-06-03T02:49:12
10919-4,10919,916,"I understand the frustration, let's get this sorted out.",True,2025-06-03T04:48:12
10919-5,10919,51879,Any news?,True,2025-06-03T06:05:12
10919-6,10919,916,"I understand the frustration, let's get this sorted out.",True,2025-06-03T08:53:12
10919-7,10919,51879,Following up on this.,True,2025-06-03T09:03:12
10919-8,10919,916,"I've resolved this on our end, please let us know if you need anything else.",True,2025-06-03T10:11:12
10919-9,10919,51879,"Great, appreciate the quick resolution.",True,2025-06-03T11:46:12
10920-1,10920,50290,"Hi, my delivery is running late, I ordered the bluetooth speaker over a week ago.",True,2025-06-02T12:57:14
10920-2,10920,900,"Thanks for reaching out, let me look into this for you.",True,2025-06-02T13:22:14
10920-3,10920,50290,Do you have an updated delivery estimate?,True,2025-06-02T18:05:14
10920-4,10920,900,"I've resolved this on our end, please let us know if you need anything else.",True,2025-06-02T19:03:14
10920-5,10920,50290,"Perfect, thank you.",True,2025-06-02T19:57:14
10921-1,10921,52455,I ordered the phone case but received a completely different item.,True,2025-07-05T11:00:49
10921-2,10921,909,"Thanks for reaching out, let me look into this for you.",True,2025-07-05T11:11:49
10921-3,10921,52455,Should I send this one back first?,True,2025-07-05T15:14:49
10921-4,10921,909,"I understand the frustration, let's get this sorted out.",True,2025-07-05T15:26:49
10921-5,10921,52455,"OK, still waiting to hear back.",True,2025-07-05T17:40:49
10921-6,10921,909,"All set on our side now, thanks for your patience.",True,2025-07-05T20:37:49
10921-7,10921,52455,"Great, appreciate the quick resolution.",True,2025-07-05T21:58:49
10922-1,10922,50453,"My card keeps getting declined when I try to check out, even though there are funds available.",True,2025-07-23T05:20:45
10922-2,10922,902,"Thanks for the details, give me a moment to check on this.",True,2025-07-23T08:52:45
10922-3,10922,50453,Is there an issue on your end with payments?,True,2025-07-23T11:53:45
10922-4,10922,902,"All set on our side now, thanks for your patience.",True,2025-07-23T15:52:45
10922-5,10922,50453,"OK thank you, that answers my question.",True,2025-07-23T17:21:45
10923-1,10923,50937,"Hi, the desk lamp shows as out of stock, do you know when it'll be available again?",True,2025-07-14T16:40:49
10923-2,10923,918,"I understand the frustration, let's get this sorted out.",True,2025-07-14T19:25:49
10923-3,10923,50937,"I really want this before Jul 07, is that realistic?",True,2025-07-14T22:33:49
10923-4,10923,918,"I understand the frustration, let's get this sorted out.",True,2025-07-15T02:00:49
10923-5,10923,50937,Any news?,True,2025-07-15T04:55:49
10923-6,10923,918,"Thanks for confirming, I've closed this out on our end.",True,2025-07-15T06:05:49
10923-7,10923,50937,"Perfect, thank you.",True,2025-07-15T06:37:49
10924-1,10924,50803,"I returned my order #651605 7 days ago and haven't seen a refund yet, can you check?",True,2025-07-21T23:40:52
10924-2,10924,925,"Thanks for the details, give me a moment to check on this.",True,2025-07-22T00:08:52
10924-3,10924,50803,It's been longer than the timeline you gave me.,True,2025-07-22T00:58:52
10924-4,10924,925,"I understand the frustration, let's get this sorted out.",True,2025-07-22T02:11:52
10924-5,10924,50803,Any news?,True,2025-07-22T04:56:52
10924-6,10924,925,"Thanks for reaching out, let me look into this for you.",True,2025-07-22T06:58:52
10924-7,10924,50803,"OK, still waiting to hear back.",True,2025-07-22T08:58:52
10924-8,10924,925,"I've resolved this on our end, please let us know if you need anything else.",True,2025-07-22T10:41:52
10924-9,10924,50803,"Great, appreciate the quick resolution.",True,2025-07-22T11:47:52
10925-1,10925,52937,"Hi, when will I get my money back for the item I sent back?",True,2025-07-01T20:33:01
10925-2,10925,903,"I understand the frustration, let's get this sorted out.",True,2025-07-01T23:35:01
10925-3,10925,52937,It's been longer than the timeline you gave me.,True,2025-07-01T23:52:01
10925-4,10925,903,"This has been taken care of, apologies again for the inconvenience.",True,2025-07-02T02:49:01
10925-5,10925,52937,"Great, appreciate the quick resolution.",True,2025-07-02T04:10:01
10926-1,10926,52966,The bluetooth speaker I ordered stopped working after 4 days of normal use.,True,2025-07-07T04:25:47
10926-2,10926,917,"Thanks for reaching out, let me look into this for you.",True,2025-07-07T04:31:47
10926-3,10926,52966,"I've tried everything, it's definitely faulty.",True,2025-07-07T05:22:47
10926-4,10926,917,"I've resolved this on our end, please let us know if you need anything else.",True,2025-07-07T06:00:47
10926-5,10926,52966,Thanks for the help!,True,2025-07-07T06:58:47
10927-1,10927,53159,Order #191981 was supposed to arrive on Jul 09 and it's still not here. What's going on?,True,2025-07-17T19:26:05
10927-2,10927,923,"Thanks for reaching out, let me look into this for you.",True,2025-07-17T22:10:05
10927-3,10927,53159,Do you have an updated delivery estimate?,True,2025-07-18T03:07:05
10927-4,10927,923,"All set on our side now, thanks for your patience.",True,2025-07-18T05:08:05
10927-5,10927,53159,Thanks for the help!,True,2025-07-18T06:20:05
10928-1,10928,52572,"Just wanted to say thank you, my order arrived early adn in perfect condition.",True,2025-08-25T10:35:23
10928-2,10928,913,"Thanks for the details, give me a moment to check on this.",True,2025-08-25T12:21:23
10928-3,10928,52572,"Actually, sorry, let me explain the real issue. Have you considered adding more filters to the search page? Would make browsing easier.",True,2025-08-25T13:33:23
10928-4,10928,913,"I'm sorry for the trouble, checking your account now.",True,2025-08-25T15:37:23
10928-5,10928,52572,Any news?,True,2025-08-25T16:35:23
10928-6,10928,913,"Thanks for confirming, I've closed this out on our end.",True,2025-08-25T17:52:23
10928-7,10928,52572,"Great, appreciate the quick resolution.",True,2025-08-25T19:14:23
10929-1,10929,51695,Order #336273 shows as delivered but I never received anything. I've checked with neighbours and the building office.,True,2025-06-02T08:39:53
10929-2,10929,914,"I understand the frustration, let's get this sorted out.",True,2025-06-02T12:10:53
10929-3,10929,51695,"I've looked everywhere, it's genuinely not here.",True,2025-06-02T16:12:53
10929-4,10929,914,"Thanks for confirming, I've closed this out on our end.",True,2025-06-02T17:51:53
10929-5,10929,51695,"Perfect, thank you.",True,2025-06-02T19:10:53
10930-1,10930,50763,"Hi, I'm getting a payment error and can't finish my order.",True,2025-07-26T23:16:26
10930-2,10930,910,"Thanks for reaching out, let me look into this for you.",True,2025-07-26T23:49:26
10930-3,10930,50763,Is there an issue on your end with payments?,True,2025-07-27T00:37:26
10930-4,10930,910,"I've resolved this on our end, please let us know if you need anything else.",True,2025-07-27T02:40:26
10930-5,10930,50763,Thanks for the help!,True,2025-07-27T04:02:26
10931-1,10931,52877,Is there any way to get notified when the desk lamp is restocked?,True,2025-07-31T01:37:50
10931-2,10931,911,"Thanks for reaching out, let me look into this for you.",True,2025-07-31T04:09:50
10931-3,10931,52877,"I really want this before Jul 18, is that realistic?",True,2025-07-31T05:36:50
10931-4,10931,911,"I'm sorry for the trouble, checking your account now.",True,2025-07-31T08:02:50
10931-5,10931,52877,"OK, still waiting to hear back.",True,2025-07-31T10:11:50
10931-6,10931,911,"I understand the frustration, let's get this sorted out.",True,2025-07-31T10:50:50
10931-7,10931,52877,Following up on this.,True,2025-07-31T11:45:50
10931-8,10931,911,"I've resolved this on our end, please let us know if you need anything else.",True,2025-07-31T13:36:50
10931-9,10931,52877,"Great, appreciate the quick resolution.",True,2025-07-31T14:08:50
10932-1,10932,50717,The sneakers I ordered stopped working after 5 days of normal use.,True,2025-07-30T21:11:39
10932-2,10932,919,"Thanks for the details, give me a moment to check on this.",True,2025-07-30T23:44:39
10932-3,10932,50717,"I've tried everything, it's definitely faulty.",True,2025-07-31T02:51:39
10932-4,10932,919,"I'm sorry for the trouble, checking your account now.",True,2025-07-31T07:49:39
10932-5,10932,50717,Following up on this.,True,2025-07-31T09:04:39
10932-6,10932,919,"Thanks for the details, give me a moment to check on this.",True,2025-07-31T11:09:39
10932-7,10932,50717,"OK, still waiting to hear back.",True,2025-07-31T14:13:39
10932-8,10932,919,"This has been taken care of, apologies again for the inconvenience.",True,2025-07-31T14:41:39
10932-9,10932,50717,"OK thank you, that answers my question.",True,2025-07-31T15:36:39
10933-1,10933,52674,Order #682600 was supposed to arrive on May 31 and it's still not here. What's going on?,True,2025-06-10T11:21:06
10933-2,10933,914,"I'm sorry for the trouble, checking your account now.",True,2025-06-10T11:34:06
10933-3,10933,52674,Do you have an updated delivery estimate?,True,2025-06-10T13:09:06
10934-1,10934,51932,"Hello, just checking on the status of order #767603, it's been a few days adn I haven't heard anything.",True,2025-07-18T18:21:12
10934-2,10934,921,"Thanks for reaching out, let me look into this for you.",True,2025-07-18T22:02:12
10934-3,10934,51932,"Actually, sorry, let me explain the real issue. Hi, the amount charged to my card doesn't match my order total, can you check?",True,2025-07-19T02:53:12
10934-4,10934,921,"Thanks for confirming, I've closed this out on our end.",True,2025-07-19T03:38:12
10934-5,10934,51932,"OK thank you, that answers my question.",True,2025-07-19T05:01:12
10935-1,10935,50643,"Hi, I'd like to return the wireless headphones from order #817678, can you send me a return label?",True,2025-06-30T18:51:22
10935-2,10935,919,"I understand the frustration, let's get this sorted out.",True,2025-06-30T19:28:22
10935-3,10935,50643,Do I need to print anything or can I drop it off?,True,2025-06-30T21:06:22
10935-4,10935,919,"Thanks for confirming, I've closed this out on our end.",True,2025-06-30T21:40:22
10935-5,10935,50643,"Great, appreciate the quick resolution.",True,2025-06-30T22:02:22
10936-1,10936,50011,"Hi, the smartwatch shows as out of stock, do you know when it'll be available again?",True,2025-07-31T22:54:17
10936-2,10936,922,"Thanks for reaching out, let me look into this for you.",True,2025-07-31T23:06:17
10936-3,10936,50011,Can I reserve one in advance?,True,2025-08-01T02:48:17
10937-1,10937,50037,"Hi, when will I get my money back for the item I sent back? Hi, the amount charged to my card doesn't match my order total, can you check?",True,2025-06-01T03:08:16
10937-2,10937,907,"Thanks for the details, give me a moment to check on this.",True,2025-06-01T04:27:16
10937-3,10937,50037,It's been longer than the timeline you gave me.,True,2025-06-01T09:19:16
10937-4,10937,907,"Thanks for confirming, I've closed this out on our end.",True,2025-06-01T10:17:16
10937-5,10937,50037,"Great, appreciate the quick resolution.",True,2025-06-01T12:08:16
10938-1,10938,51469,The phone case I ordered stopped working after 11 days of normal use.,True,2025-06-02T15:40:41
10938-2,10938,900,"I'm sorry for the trouble, checking your account now.",True,2025-06-02T17:20:41
10938-3,10938,51469,"I've tried everything, it's definitely faulty.",True,2025-06-02T19:35:41
10938-4,10938,900,"Thanks for reaching out, let me look into this for you.",True,2025-06-02T20:53:41
10938-5,10938,51469,Following up on this.,True,2025-06-02T22:26:41
10938-6,10938,900,"Thanks for confirming, I've closed this out on our end.",True,2025-06-03T00:56:41
10938-7,10938,51469,"OK thank you, that answers my question.",True,2025-06-03T02:23:41
10939-1,10939,52864,"I want to file a complaint, my overall experience with this order has been really disappointing.",True,2025-07-07T19:50:11
10939-2,10939,922,"Thanks for the details, give me a moment to check on this.",True,2025-07-07T23:24:11
10939-3,10939,52864,I'd like to know how this will be addressed.,True,2025-07-08T02:17:11
10939-4,10939,922,"This has been taken care of, apologies again for the inconvenience.",True,2025-07-08T03:59:11
10939-5,10939,52864,Thanks for the help!,True,2025-07-08T04:55:11
10940-1,10940,50081,Can yuo help me change the phone number linked to my account?,True,2025-07-03T15:41:51
10940-2,10940,908,"I'm sorry for the trouble, checking your account now.",True,2025-07-03T16:19:51
10940-3,10940,50081,Is this something I can do myself in settings?,True,2025-07-03T18:21:51
10940-4,10940,908,"Thanks for the details, give me a moment to check on this.",True,2025-07-03T21:19:51
10940-5,10940,50081,Following up on this.,True,2025-07-04T00:18:51
10940-6,10940,908,"I'm sorry for the trouble, checking your account now.",True,2025-07-04T02:01:51
10940-7,10940,50081,Any news?,True,2025-07-04T02:22:51
10940-8,10940,908,"Thanks for confirming, I've closed this out on our end.",True,2025-07-04T05:40:51
10940-9,10940,50081,"Perfect, thank you.",True,2025-07-04T06:41:51
10941-1,10941,53216,"Hi, my delivery is running late, I ordered the sneakers over a week ago.",True,2025-08-12T14:07:35
10941-2,10941,914,"Thanks for the details, give me a moment to check on this.",True,2025-08-12T14:12:35
10941-3,10941,53216,"Actually, sorry, let me explain the real issue. Hi, teh quality of this item really doesn't match the product description on the site.",True,2025-08-12T18:53:35
10941-4,10941,914,"This has been taken care of, apologies again for the inconvenience.",True,2025-08-12T20:28:35
10941-5,10941,53216,"OK thank you, that answers my question.",True,2025-08-12T21:21:35
10942-1,10942,50532,"Hi, my order arrived and the wireless headphones is broken, it won't turn on at all.",True,2025-07-23T14:09:56
10942-2,10942,921,"I understand the frustration, let's get this sorted out.",True,2025-07-23T16:40:56
10942-3,10942,50532,Can I get a replacement or refund?,True,2025-07-23T17:54:56
10942-4,10942,921,"Thanks for the details, give me a moment to check on this.",True,2025-07-23T18:57:56
10942-5,10942,50532,Any news?,True,2025-07-23T22:05:56
10943-1,10943,53394,"Hi, your support team helped me out so quickly yesterday, really appreciated it.",True,2025-08-06T19:11:41
10943-2,10943,904,"I understand the frustration, let's get this sorted out.",True,2025-08-06T21:15:41
10943-3,10943,53394,"Wanted this on record, you don't get enough good feedback.",True,2025-08-06T23:29:41
10943-4,10943,904,"I understand the frustration, let's get this sorted out.",True,2025-08-06T23:43:41
10943-5,10943,53394,Any news?,True,2025-08-07T00:53:41
10943-6,10943,904,"All set on our side now, thanks for your patience.",True,2025-08-07T03:33:41
10943-7,10943,53394,"Perfect, thank you.",True,2025-08-07T05:18:41
10944-1,10944,50451,I used the code SUMMER20 but it didn't apply any discount at checkout.,True,2025-07-23T22:22:57
10944-2,10944,901,"Thanks for reaching out, let me look into this for you.",True,2025-07-24T00:52:57
10944-3,10944,50451,The code was definitely still valid.,True,2025-07-24T04:22:57
10944-4,10944,901,"This has been taken care of, apologies again for the inconvenience.",True,2025-07-24T06:39:57
10944-5,10944,50451,"Perfect, thank you.",True,2025-07-24T08:02:57
10945-1,10945,51490,"Hi, I'm getting a payment error and can't finish my order.",True,2025-07-12T00:00:32
10945-2,10945,916,"Thanks for reaching out, let me look into this for you.",True,2025-07-12T01:23:32
10945-3,10945,51490,I've tried two different cards now.,True,2025-07-12T05:43:32
10945-4,10945,916,"Thanks for reaching out, let me look into this for you.",True,2025-07-12T06:22:32
10945-5,10945,51490,Any news?,True,2025-07-12T09:27:32
10945-6,10945,916,"I understand the frustration, let's get this sorted out.",True,2025-07-12T11:36:32
10945-7,10945,51490,Following up on this.,True,2025-07-12T12:10:32
10946-1,10946,52014,Order #300013 was supposed to arrive on Jun 29 and it's still not here. What's going on?,True,2025-07-06T07:23:37
10946-2,10946,916,"Thanks for the details, give me a moment to check on this.",True,2025-07-06T08:01:37
10946-3,10946,52014,"It's been 13 extra days now, this is getting frustrating.",True,2025-07-06T08:33:37
10947-1,10947,51878,"Hi, I'd like to return the phone case from order #224655, can you send me a return label?",True,2025-08-01T01:45:45
10947-2,10947,907,"Thanks for the details, give me a moment to check on this.",True,2025-08-01T02:09:45
10947-3,10947,51878,Where do I send the package back to?,True,2025-08-01T05:56:45
10947-4,10947,907,"Thanks for confirming, I've closed this out on our end.",True,2025-08-01T09:08:45
10947-5,10947,51878,"Great, appreciate the quick resolution.",True,2025-08-01T09:18:45
10948-1,10948,50796,"I want to file a complaint, my overall experience with this order has been really disappointing.",True,2025-06-25T03:55:59
10948-2,10948,913,"Thanks for reaching out, let me look into this for you.",True,2025-06-25T06:49:59
10948-3,10948,50796,I'd like to know how this will be addressed.,True,2025-06-25T08:14:59
10948-4,10948,913,"Thanks for the details, give me a moment to check on this.",True,2025-06-25T08:31:59
10948-5,10948,50796,Any news?,True,2025-06-25T08:48:59
10948-6,10948,913,"This has been taken care of, apologies again for the inconvenience.",True,2025-06-25T12:06:59
10948-7,10948,50796,"Great, appreciate the quick resolution.",True,2025-06-25T12:32:59
10949-1,10949,51581,"Hi, when will I get my money back for the item I sent back? Hi, the amount charged to my card doesn't match my order total, can you check?",True,2025-07-21T17:47:44
10949-2,10949,909,"Thanks for the details, give me a moment to check on this.",True,2025-07-21T18:46:44
10949-3,10949,51581,It's been longer than the timeline you gave me.,True,2025-07-21T22:35:44
10949-4,10949,909,"Thanks for the details, give me a moment to check on this.",True,2025-07-22T03:20:44
10949-5,10949,51581,"OK, still waiting to hear back.",True,2025-07-22T04:25:44
10949-6,10949,909,"Thanks for confirming, I've closed this out on our end.",True,2025-07-22T07:20:44
10949-7,10949,51581,"Great, appreciate the quick resolution.",True,2025-07-22T09:14:44
10950-1,10950,50119,Order #693038 shows as delivered but I never received anything. I've checked with neighbours and the building office.,True,2025-08-07T12:33:52
10950-2,10950,916,"Thanks for reaching out, let me look into this for you.",True,2025-08-07T14:04:52
10950-3,10950,50119,"I've looked everywhere, it's genuinely not here.",True,2025-08-07T17:39:52
10950-4,10950,916,"Thanks for reaching out, let me look into this for you.",True,2025-08-07T21:43:52
10950-5,10950,50119,Following up on this.,True,2025-08-07T23:43:52
10950-6,10950,916,"I've resolved this on our end, please let us know if you need anything else.",True,2025-08-08T01:51:52
10950-7,10950,50119,Thanks for the help!,True,2025-08-08T02:39:52
10951-1,10951,51035,The winter coat I ordered stopped working after 4 days of normal use.,True,2025-07-12T14:32:27
10951-2,10951,909,"Thanks for reaching out, let me look into this for you.",True,2025-07-12T17:07:27
10951-3,10951,51035,Can I get a replacement or refund?,True,2025-07-12T18:37:27
10952-1,10952,51711,"Hi, my delivery is running late, I ordered the smartwatch over a week ago.",True,2025-08-21T17:05:35
10952-2,10952,901,"I understand the frustration, let's get this sorted out.",True,2025-08-21T18:32:35
10952-3,10952,51711,Do you have an updated delivery estimate?,True,2025-08-21T23:19:35
10952-4,10952,901,"This has been taken care of, apologies again for the inconvenience.",True,2025-08-22T00:43:35
10952-5,10952,51711,Thanks for the help!,True,2025-08-22T02:16:35
10953-1,10953,51192,How many days do I have to return something after delivery?,True,2025-07-09T03:30:23
10953-2,10953,908,"Thanks for the details, give me a moment to check on this.",True,2025-07-09T07:21:23
10953-3,10953,51192,Does that apply to sale items too?,True,2025-07-09T11:16:23
10953-4,10953,908,"Thanks for the details, give me a moment to check on this.",True,2025-07-09T13:37:23
10953-5,10953,51192,Any news?,True,2025-07-09T14:32:23
10953-6,10953,908,"I'm sorry for the trouble, checking your account now.",True,2025-07-09T16:40:23
10953-7,10953,51192,Following up on this.,True,2025-07-09T18:45:23
10953-8,10953,908,"Thanks for confirming, I've closed this out on our end.",True,2025-07-09T20:54:23
10953-9,10953,51192,"Perfect, thank you.",True,2025-07-09T22:02:23
10954-1,10954,51706,"The password reset link you sent isn't working, can you help me get back in?",True,2025-07-12T16:50:49
10954-2,10954,910,"I understand the frustration, let's get this sorted out.",True,2025-07-12T17:32:49
10954-3,10954,51706,Is there another way to verify my identity?,True,2025-07-12T18:18:49
10954-4,10954,910,"All set on our side now, thanks for your patience.",True,2025-07-12T20:39:49
10954-5,10954,51706,"OK thank you, that answers my question.",True,2025-07-12T21:09:49
10955-1,10955,52223,"Hi, the winter coat shows as out of stock, do you know when it'll be available again?",True,2025-06-19T07:40:04
10955-2,10955,916,"Thanks for the details, give me a moment to check on this.",True,2025-06-19T08:29:04
10955-3,10955,52223,Can I reserve one in advance?,True,2025-06-19T09:47:04
10955-4,10955,916,"Thanks for the details, give me a moment to check on this.",True,2025-06-19T11:58:04
10955-5,10955,52223,Any news?,True,2025-06-19T12:29:04
10955-6,10955,916,"Thanks for reaching out, let me look into this for you.",True,2025-06-19T12:43:04
10955-7,10955,52223,Following up on this.,True,2025-06-19T15:20:04
10956-1,10956,52877,"I was charged twice for order #818437, can yuo refund the duplicate?",True,2025-08-03T00:00:32
10956-2,10956,903,"Thanks for the details, give me a moment to check on this.",True,2025-08-03T02:05:32
10956-3,10956,52877,This needs to be corrected soon.,True,2025-08-03T02:44:32
10957-1,10957,52654,What's teh process to send back an item I ordered? It doesn't fit.,True,2025-07-31T22:57:03
10957-2,10957,909,"Thanks for reaching out, let me look into this for you.",True,2025-08-01T00:34:03
10957-3,10957,52654,Do I need to print anything or can I drop it off?,True,2025-08-01T02:14:03
10957-4,10957,909,"All set on our side now, thanks for your patience.",True,2025-08-01T05:34:03
10957-5,10957,52654,"OK thank you, that answers my question.",True,2025-08-01T06:51:03
10958-1,10958,50335,Can you help me change the phone number linked to my account?,True,2025-06-16T16:03:39
10958-2,10958,900,"I understand the frustration, let's get this sorted out.",True,2025-06-16T17:06:39
10958-3,10958,50335,Is this something I can do myself in settings?,True,2025-06-16T20:00:39
10958-4,10958,900,"All set on our side now, thanks for your patience.",True,2025-06-16T22:48:39
10958-5,10958,50335,"OK thank you, that answers my question.",True,2025-06-16T23:12:39
10959-1,10959,50230,"I returned my order #853715 6 days ago and haven't seen a refund yet, can you check?",True,2025-06-26T20:52:07
10959-2,10959,909,"I understand the frustration, let's get this sorted out.",True,2025-06-27T00:39:07
10959-3,10959,50230,My bank still shows no refund received.,True,2025-06-27T04:25:07
10959-4,10959,909,"Thanks for confirming, I've closed this out on our end.",True,2025-06-27T08:24:07
10959-5,10959,50230,Thanks for the help!,True,2025-06-27T10:07:07
10960-1,10960,53310,"Hi, I placed order #480811 on Jul 08 and I can't find any tracking info. Can you tell me where it is?",True,2025-07-25T11:54:42
10960-2,10960,925,"I understand the frustration, let's get this sorted out.",True,2025-07-25T14:07:42
10960-3,10960,53310,"Actually, sorry, let me explain the real issue. Quick question, is the backpack compatible with older devices?",True,2025-07-25T15:44:42
10960-4,10960,925,"Thanks for confirming, I've closed this out on our end.",True,2025-07-25T19:41:42
10960-5,10960,53310,"Great, appreciate the quick resolution.",True,2025-07-25T20:12:42
10961-1,10961,50447,"Hi, your support team helped me out so quickly yesterday, really appreciated it.",True,2025-06-09T05:45:44
10961-2,10961,903,"Thanks for the details, give me a moment to check on this.",True,2025-06-09T08:00:44
10961-3,10961,50447,"Wanted this on record, yuo don't get enough good feedback.",True,2025-06-09T10:03:44
10961-4,10961,903,"I understand the frustration, let's get this sorted out.",True,2025-06-09T13:15:44
10961-5,10961,50447,Following up on this.,True,2025-06-09T13:55:44
10961-6,10961,903,"Thanks for confirming, I've closed this out on our end.",True,2025-06-09T16:55:44
10961-7,10961,50447,"Great, appreciate the quick resolution.",True,2025-06-09T18:32:44
10962-1,10962,50639,"Hi, my delivery is running late, I ordered the yoga mat over a week ago.",True,2025-07-09T02:25:16
10962-2,10962,904,"Thanks for reaching out, let me look into this for you.",True,2025-07-09T04:33:16
10962-3,10962,50639,"It's been 4 extra days now, this is getting frustrating.",True,2025-07-09T05:55:16
10962-4,10962,904,"All set on our side now, thanks for your patience.",True,2025-07-09T08:29:16
10962-5,10962,50639,"Perfect, thank you.",True,2025-07-09T09:31:16
10963-1,10963,51866,Order #597486 shows as delivered but I never received anything. I've checked with neighbours and the building office.,True,2025-07-20T20:20:58
10963-2,10963,903,"I'm sorry for the trouble, checking your account now.",True,2025-07-20T23:58:58
10963-3,10963,51866,Can you open an investigation with the carrier?,True,2025-07-21T03:44:58
10963-4,10963,903,"I understand the frustration, let's get this sorted out.",True,2025-07-21T08:11:58
10963-5,10963,51866,Following up on this.,True,2025-07-21T10:51:58
10963-6,10963,903,"Thanks for confirming, I've closed this out on our end.",True,2025-07-21T13:15:58
10963-7,10963,51866,"Perfect, thank you.",True,2025-07-21T14:02:58
10964-1,10964,50965,"Hi, I've had several issues with my last few orders and I'm not happy with the service.",True,2025-08-23T13:32:39
10964-2,10964,908,"I'm sorry for the trouble, checking your account now.",True,2025-08-23T13:53:39
10964-3,10964,50965,I'd like to know how this will be addressed.,True,2025-08-23T16:11:39
10964-4,10964,908,"Thanks for reaching out, let me look into this for you.",True,2025-08-23T18:28:39
10964-5,10964,50965,"OK, still waiting to hear back.",True,2025-08-23T19:06:39
10965-1,10965,51728,Order #173301 was supposed to arrive on Jun 20 and it's still not here. What's going on?,True,2025-07-02T19:26:26
10965-2,10965,923,"I understand the frustration, let's get this sorted out.",True,2025-07-02T22:58:26
10965-3,10965,51728,Do you have an updated delivery estimate?,True,2025-07-02T23:22:26
10965-4,10965,923,"I'm sorry for the trouble, checking your account now.",True,2025-07-02T23:47:26
10965-5,10965,51728,Any news?,True,2025-07-03T00:23:26
10965-6,10965,923,"I'm sorry for the trouble, checking your account now.",True,2025-07-03T00:41:26
10965-7,10965,51728,"OK, still waiting to hear back.",True,2025-07-03T03:51:26
10965-8,10965,923,"All set on our side now, thanks for your patience.",True,2025-07-03T05:56:26
10965-9,10965,51728,"Great, appreciate the quick resolution.",True,2025-07-03T06:31:26
10966-1,10966,53311,"Hi, I placed order #533959 on Aug 16 and I can't find any tracking info. Can you tell me where it is?",True,2025-08-22T16:31:31
10966-2,10966,920,"Thanks for reaching out, let me look into this for you.",True,2025-08-22T17:29:31
10966-3,10966,53311,Any update on this? It's been a while.,True,2025-08-22T21:50:31
10966-4,10966,920,"Thanks for reaching out, let me look into this for you.",True,2025-08-23T02:45:31
10966-5,10966,53311,Any news?,True,2025-08-23T04:36:31
10966-6,10966,920,"Thanks for the details, give me a moment to check on this.",True,2025-08-23T05:05:31
10966-7,10966,53311,Any news?,True,2025-08-23T08:13:31
10966-8,10966,920,"All set on our side now, thanks for your patience.",True,2025-08-23T09:51:31
10966-9,10966,53311,"OK thank you, that answers my question.",True,2025-08-23T11:01:31
10967-1,10967,52141,"Hi, the denim jacket shows as out of stock, do you know when it'll be available again?",True,2025-08-17T18:42:35
10967-2,10967,900,"Thanks for the details, give me a moment to check on this.",True,2025-08-17T21:17:35
10967-3,10967,52141,"I really want this before Aug 06, is that realistic?",True,2025-08-17T22:56:35
10967-4,10967,900,"I understand the frustration, let's get this sorted out.",True,2025-08-18T03:38:35
10967-5,10967,52141,Any news?,True,2025-08-18T03:57:35
10967-6,10967,900,"Thanks for reaching out, let me look into this for you.",True,2025-08-18T04:46:35
10967-7,10967,52141,"OK, still waiting to hear back.",True,2025-08-18T05:58:35
10967-8,10967,900,"This has been taken care of, apologies again for the inconvenience.",True,2025-08-18T08:59:35
10967-9,10967,52141,"OK thank you, that answers my question.",True,2025-08-18T10:48:35
10968-1,10968,50068,"Hi, my order arrived and the sneakers is broken, it won't turn on at all.",True,2025-08-25T23:36:24
10968-2,10968,906,"I understand the frustration, let's get this sorted out.",True,2025-08-26T00:28:24
10968-3,10968,50068,Can I get a replacement or refund?,True,2025-08-26T01:51:24
10968-4,10968,906,"I'm sorry for the trouble, checking your account now.",True,2025-08-26T05:14:24
10968-5,10968,50068,"OK, still waiting to hear back.",True,2025-08-26T06:02:24
10968-6,10968,906,"I understand the frustration, let's get this sorted out.",True,2025-08-26T08:21:24
10968-7,10968,50068,Following up on this.,True,2025-08-26T10:25:24
10969-1,10969,51665,Order #768704 was supposed to arrive on Jun 09 and it's still not here. What's going on?,True,2025-06-21T17:06:52
10969-2,10969,905,"I understand the frustration, let's get this sorted out.",True,2025-06-21T20:50:52
10969-3,10969,51665,"It's been 15 extra days now, this is getting frustrating.",True,2025-06-22T01:15:52
10969-4,10969,905,"All set on our side now, thanks for your patience.",True,2025-06-22T01:53:52
10969-5,10969,51665,"OK thank you, that answers my question.",True,2025-06-22T03:28:52
10970-1,10970,53053,The graphic t-shirt I ordered stopped working after 2 days of normal use.,True,2025-06-12T12:28:10
10970-2,10970,920,"Thanks for the details, give me a moment to check on this.",True,2025-06-12T13:59:10
10970-3,10970,53053,"I've tried everything, it's definitely faulty.",True,2025-06-12T17:39:10
10970-4,10970,920,"I understand the frustration, let's get this sorted out.",True,2025-06-12T21:39:10
10970-5,10970,53053,"OK, still waiting to hear back.",True,2025-06-13T00:35:10
10970-6,10970,920,"Thanks for reaching out, let me look into this for you.",True,2025-06-13T02:00:10
10970-7,10970,53053,Any news?,True,2025-06-13T02:36:10
10971-1,10971,51637,"Hi, I was supposed to get a discount but my order #459944 was charged full price.",True,2025-07-19T00:39:25
10971-2,10971,920,"I'm sorry for the trouble, checking your account now.",True,2025-07-19T03:55:25
10971-3,10971,51637,The code was definitely still valid.,True,2025-07-19T05:51:25
10971-4,10971,920,"I'm sorry for the trouble, checking your account now.",True,2025-07-19T06:37:25
10971-5,10971,51637,Following up on this.,True,2025-07-19T07:59:25
10971-6,10971,920,"Thanks for the details, give me a moment to check on this.",True,2025-07-19T10:43:25
10971-7,10971,51637,Following up on this.,True,2025-07-19T12:23:25
10972-1,10972,50979,"Hi, my order arrived adn the denim jacket is broken, it won't turn on at all.",True,2025-08-25T13:29:20
10972-2,10972,921,"Thanks for reaching out, let me look into this for you.",True,2025-08-25T16:37:20
10972-3,10972,50979,"Actually, sorry, let me explain the real issue. Hi, I think I entered teh wrong address for order #721621, could you update it before it ships?",True,2025-08-25T18:42:20
10973-1,10973,52558,"I was charged twice for order #179373, can you refund the duplicate?",True,2025-08-20T19:01:35
10973-2,10973,901,"Thanks for reaching out, let me look into this for you.",True,2025-08-20T21:03:35
10973-3,10973,52558,This needs to be corrected soon.,True,2025-08-20T22:19:35
10973-4,10973,901,"I've resolved this on our end, please let us know if you need anything else.",True,2025-08-21T02:40:35
10973-5,10973,52558,"OK thank you, that answers my question.",True,2025-08-21T03:25:35
10974-1,10974,52854,"Just some feedback, it would be great if the website had a size comparison tool.",True,2025-06-27T22:13:22
10974-2,10974,918,"I understand the frustration, let's get this sorted out.",True,2025-06-28T01:14:22
10974-3,10974,52854,"Just a thought, not urgent at all.",True,2025-06-28T02:32:22
10974-4,10974,918,"All set on our side now, thanks for your patience.",True,2025-06-28T06:28:22
10974-5,10974,52854,Thanks for the help!,True,2025-06-28T08:27:22
10975-1,10975,53027,"Hi, I've had several issues with my last few orders and I'm not happy with teh service.",True,2025-06-14T01:17:51
10975-2,10975,921,"Thanks for the details, give me a moment to check on this.",True,2025-06-14T02:38:51
10975-3,10975,53027,I'd like to know how this will be addressed.,True,2025-06-14T06:59:51
10975-4,10975,921,"This has been taken care of, apologies again for the inconvenience.",True,2025-06-14T09:40:51
10975-5,10975,53027,"Great, appreciate the quick resolution.",True,2025-06-14T09:50:51
10976-1,10976,50829,Order #159436 was supposed to arrive on Aug 03 and it's still not here. What's going on?,True,2025-08-10T12:09:35
10976-2,10976,900,"I'm sorry for the trouble, checking your account now.",True,2025-08-10T12:16:35
10976-3,10976,50829,Do you have an updated delivery estimate?,True,2025-08-10T14:08:35
10976-4,10976,900,"Thanks for reaching out, let me look into this for you.",True,2025-08-10T14:29:35
10976-5,10976,50829,Following up on this.,True,2025-08-10T15:24:35
10977-1,10977,51958,"Hi, the phone case shows as out of stock, do you know when it'll be available again?",True,2025-07-22T17:12:03
10977-2,10977,918,"Thanks for reaching out, let me look into this for you.",True,2025-07-22T17:39:03
10977-3,10977,51958,"Actually, sorry, let me explain the real issue. This is a formal request for a copy of all personal data you have on file for me.",True,2025-07-22T19:33:03
10977-4,10977,918,"All set on our side now, thanks for your patience.",True,2025-07-22T21:42:03
10977-5,10977,51958,Thanks for the help!,True,2025-07-22T22:47:03
10978-1,10978,52239,"Hi, I think I entered the wrong address for order #234660, could you update it before it ships?",True,2025-07-15T22:13:15
10978-2,10978,913,"Thanks for reaching out, let me look into this for you.",True,2025-07-15T22:28:15
10978-3,10978,52239,I'm worried it will ship before this gets fixed.,True,2025-07-16T01:06:15
10978-4,10978,913,"I've resolved this on our end, please let us know if you need anything else.",True,2025-07-16T06:02:15
10978-5,10978,52239,Thanks for the help!,True,2025-07-16T07:18:15
10979-1,10979,50771,"Hi, my order arrived and the sunglasses is broken, it won't turn on at all.",True,2025-06-10T19:15:43
10979-2,10979,903,"I'm sorry for the trouble, checking your account now.",True,2025-06-10T21:13:43
10979-3,10979,50771,Can I get a replacement or refund?,True,2025-06-10T23:22:43
10980-1,10980,50046,The graphic t-shirt I ordered stopped working after 10 days of normal use.,True,2025-07-20T20:48:57
10980-2,10980,920,"I'm sorry for the trouble, checking your account now.",True,2025-07-20T21:45:57
10980-3,10980,50046,"Actually, sorry, let me explain the real issue. Just wanted to say thank you, my order arrived early and in perfect condition.",True,2025-07-20T22:06:57
10980-4,10980,920,"All set on our side now, thanks for your patience.",True,2025-07-21T01:56:57
10980-5,10980,50046,"OK thank you, that answers my question.",True,2025-07-21T03:55:57
10981-1,10981,51420,"Hi, I can't log into my account, it keeps saying my password is wrong even after resetting it.",True,2025-07-03T14:17:45
10981-2,10981,924,"I understand the frustration, let's get this sorted out.",True,2025-07-03T17:11:45
10981-3,10981,51420,"Actually, sorry, let me explain the real issue. I returned my order #581537 3 days ago and haven't seen a refund yet, can you check?",True,2025-07-03T21:38:45
10982-1,10982,53521,"The password reset link you sent isn't working, can you help me get back in?",True,2025-07-09T15:23:25
10982-2,10982,924,"I understand the frustration, let's get this sorted out.",True,2025-07-09T16:23:25
10982-3,10982,53521,I've tried clearing my cache and cookies too.,True,2025-07-09T17:03:25
10982-4,10982,924,"Thanks for reaching out, let me look into this for you.",True,2025-07-09T19:55:25
10982-5,10982,53521,Following up on this.,True,2025-07-09T20:11:25
10983-1,10983,51022,"Hello, just checking on the status of order #889196, it's been a few days and I haven't heard anything.",True,2025-06-20T14:45:54
10983-2,10983,905,"I'm sorry for the trouble, checking your account now.",True,2025-06-20T18:34:54
10983-3,10983,51022,"Still no movement on the tracking page, is that normal?",True,2025-06-20T20:48:54
10983-4,10983,905,"All set on our side now, thanks for your patience.",True,2025-06-21T01:10:54
10983-5,10983,51022,"Great, appreciate the quick resolution.",True,2025-06-21T02:24:54
10984-1,10984,53564,Can you help me change the phone number linked to my account?,True,2025-08-10T00:33:07
10984-2,10984,903,"I understand the frustration, let's get this sorted out.",True,2025-08-10T01:28:07
10984-3,10984,53564,I want to make sure I still get order notifications after the change.,True,2025-08-10T06:26:07
10984-4,10984,903,"Thanks for confirming, I've closed this out on our end.",True,2025-08-10T06:44:07
10984-5,10984,53564,"OK thank you, that answers my question.",True,2025-08-10T07:21:07
10985-1,10985,51764,"Hi, I placed order #342103 on Jul 19 and I can't find any tracking info. Can you tell me where it is?",True,2025-08-04T18:45:17
10985-2,10985,923,"I understand the frustration, let's get this sorted out.",True,2025-08-04T20:53:17
10985-3,10985,51764,Any update on this? It's been a while.,True,2025-08-04T21:22:17
10985-4,10985,923,"I've resolved this on our end, please let us know if you need anything else.",True,2025-08-04T23:45:17
10985-5,10985,51764,"Perfect, thank you.",True,2025-08-05T00:04:17
10986-1,10986,52228,Is there any way to get notified when the winter coat is restocked?,True,2025-08-04T17:56:13
10986-2,10986,903,"Thanks for reaching out, let me look into this for you.",True,2025-08-04T19:37:13
10986-3,10986,52228,"I really want this before Aug 01, is that realistic?",True,2025-08-04T20:32:13
10986-4,10986,903,"Thanks for reaching out, let me look into this for you.",True,2025-08-05T00:06:13
10986-5,10986,52228,Any news?,True,2025-08-05T01:41:13
10986-6,10986,903,"All set on our side now, thanks for your patience.",True,2025-08-05T03:17:13
10986-7,10986,52228,"Perfect, thank you.",True,2025-08-05T04:10:13
10987-1,10987,52074,"Hi, your support team helped me out so quickly yesterday, really appreciated it.",True,2025-08-17T07:18:49
10987-2,10987,924,"Thanks for the details, give me a moment to check on this.",True,2025-08-17T10:04:49
10987-3,10987,52074,Keep up the great work!,True,2025-08-17T12:37:49
10987-4,10987,924,"I understand the frustration, let's get this sorted out.",True,2025-08-17T15:48:49
10987-5,10987,52074,"OK, still waiting to hear back.",True,2025-08-17T16:05:49
10988-1,10988,50623,"Just wanted to say thank you, my order arrived early and in perfect condition.",True,2025-08-27T01:25:14
10988-2,10988,915,"I'm sorry for the trouble, checking your account now.",True,2025-08-27T04:55:14
10988-3,10988,50623,"Wanted this on record, you don't get enough good feedback.",True,2025-08-27T08:24:14
10988-4,10988,915,"Thanks for the details, give me a moment to check on this.",True,2025-08-27T09:02:14
10988-5,10988,50623,Following up on this.,True,2025-08-27T12:05:14
10988-6,10988,915,"Thanks for reaching out, let me look into this for you.",True,2025-08-27T14:10:14
10988-7,10988,50623,"OK, still waiting to hear back.",True,2025-08-27T16:49:14
10988-8,10988,915,"I've resolved this on our end, please let us know if you need anything else.",True,2025-08-27T18:05:14
10988-9,10988,50623,"Perfect, thank you.",True,2025-08-27T19:02:14
10989-1,10989,53506,"I just opened my pacakge for order #653323 and the sunglasses is missing, only the rest of the items were inside.",True,2025-06-02T18:04:15
10989-2,10989,924,"Thanks for reaching out, let me look into this for you.",True,2025-06-02T21:10:15
10989-3,10989,53506,"I checked the box twice, it's definitely not there.",True,2025-06-02T23:56:15
10989-4,10989,924,"Thanks for confirming, I've closed this out on our end.",True,2025-06-03T03:07:15
10989-5,10989,53506,"Perfect, thank you.",True,2025-06-03T04:06:15
10990-1,10990,53460,How many days do I have to return something after delivery?,True,2025-07-02T04:50:10
10990-2,10990,913,"Thanks for the details, give me a moment to check on this.",True,2025-07-02T08:15:10
10990-3,10990,53460,Does that apply to sale items too?,True,2025-07-02T11:08:10
10990-4,10990,913,"Thanks for confirming, I've closed this out on our end.",True,2025-07-02T13:17:10
10990-5,10990,53460,"Great, appreciate the quick resolution.",True,2025-07-02T14:53:10
10991-1,10991,52942,"Hello, just checking on the status of order #194893, it's been a few days and I haven't heard anything.",True,2025-08-02T05:09:54
10991-2,10991,902,"Thanks for reaching out, let me look into this for you.",True,2025-08-02T06:15:54
10991-3,10991,52942,"Actually, sorry, let me explain the real issue. Hi, your support team helped me out so quickly yesterday, really appreciated it.",True,2025-08-02T08:43:54
10991-4,10991,902,"Thanks for the details, give me a moment to check on this.",True,2025-08-02T09:39:54
10991-5,10991,52942,Following up on this.,True,2025-08-02T10:33:54
10992-1,10992,53224,"Hi, my delivery is running late, I ordered the desk lamp over a week ago.",True,2025-06-20T09:53:30
10992-2,10992,917,"Thanks for the details, give me a moment to check on this.",True,2025-06-20T11:44:30
10992-3,10992,53224,"Actually, sorry, let me explain the real issue. What's the process to send back an item I ordered? It doesn't fit.",True,2025-06-20T15:07:30
10992-4,10992,917,"This has been taken care of, apologies again for the inconvenience.",True,2025-06-20T19:18:30
10992-5,10992,53224,Thanks for the help!,True,2025-06-20T21:16:30
10993-1,10993,50298,"Hi, my order arrived and the running shoes is broken, it won't turn on at all.",True,2025-07-15T09:16:46
10993-2,10993,923,"I'm sorry for the trouble, checking your account now.",True,2025-07-15T13:00:46
10993-3,10993,50298,Can I get a replacement or refund?,True,2025-07-15T13:40:46
10993-4,10993,923,"I'm sorry for the trouble, checking your account now.",True,2025-07-15T16:55:46
10993-5,10993,50298,Any news?,True,2025-07-15T20:12:46
10993-6,10993,923,"All set on our side now, thanks for your patience.",True,2025-07-15T22:27:46
10993-7,10993,50298,"Great, appreciate the quick resolution.",True,2025-07-16T00:02:46
10994-1,10994,50019,Order #254173 was supposed to arrive on Jul 11 and it's still not here. What's going on?,True,2025-07-22T00:27:56
10994-2,10994,901,"I'm sorry for the trouble, checking your account now.",True,2025-07-22T03:45:56
10994-3,10994,50019,"Actually, sorry, let me explain the real issue. Hi, when will I get my money back for the item I sent back?",True,2025-07-22T07:22:56
10994-4,10994,901,"I understand the frustration, let's get this sorted out.",True,2025-07-22T11:01:56
10994-5,10994,50019,"OK, still waiting to hear back.",True,2025-07-22T14:17:56
10994-6,10994,901,"All set on our side now, thanks for your patience.",True,2025-07-22T15:04:56
10994-7,10994,50019,"Great, appreciate the quick resolution.",True,2025-07-22T16:41:56
10995-1,10995,50258,"Quick question, is teh sneakers compatible with older devices?",True,2025-08-08T23:50:52
10995-2,10995,913,"I understand the frustration, let's get this sorted out.",True,2025-08-09T00:00:52
10995-3,10995,50258,"Also, what material is it made from?",True,2025-08-09T00:33:52
10995-4,10995,913,"Thanks for reaching out, let me look into this for you.",True,2025-08-09T04:52:52
10995-5,10995,50258,Following up on this.,True,2025-08-09T07:17:52
10995-6,10995,913,"Thanks for confirming, I've closed this out on our end.",True,2025-08-09T09:38:52
10995-7,10995,50258,"OK thank you, that answers my question.",True,2025-08-09T11:14:52
10996-1,10996,52337,The laptop sleeve I ordered stopped working after 13 days of normal use.,True,2025-07-16T22:19:17
10996-2,10996,916,"Thanks for the details, give me a moment to check on this.",True,2025-07-17T01:48:17
10996-3,10996,52337,Can I get a replacement or refund?,True,2025-07-17T04:15:17
10996-4,10996,916,"Thanks for confirming, I've closed this out on our end.",True,2025-07-17T07:47:17
10996-5,10996,52337,"Perfect, thank you.",True,2025-07-17T08:42:17
10997-1,10997,51829,"I returned my order #945640 6 days ago and haven't seen a refund yet, can you check?",True,2025-07-14T09:12:36
10997-2,10997,918,"Thanks for reaching out, let me look into this for you.",True,2025-07-14T10:14:36
10997-3,10997,51829,It's been longer than the timeline you gave me.,True,2025-07-14T12:14:36
10998-1,10998,52505,"Hi, the amount charged to my card doesn't match my order total, can you check?",True,2025-07-13T00:02:48
10998-2,10998,922,"I understand the frustration, let's get this sorted out.",True,2025-07-13T03:17:48
10998-3,10998,52505,"I have both charges on my statement, want me to send a screenshot?",True,2025-07-13T06:35:48
10998-4,10998,922,"Thanks for confirming, I've closed this out on our end.",True,2025-07-13T07:49:48
10998-5,10998,52505,Thanks for the help!,True,2025-07-13T09:31:48
10999-1,10999,51636,"I want to file a complaint, my overall experience with this order has been really disappointing.",True,2025-07-08T03:42:38
10999-2,10999,923,"I understand the frustration, let's get this sorted out.",True,2025-07-08T06:45:38
10999-3,10999,51636,This isn't the first time either.,True,2025-07-08T08:16:38
10999-4,10999,923,"All set on our side now, thanks for your patience.",True,2025-07-08T10:18:38
10999-5,10999,51636,"Great, appreciate the quick resolution.",True,2025-07-08T11:59:38
11000-1,11000,50028,"Hi, before I order the smartwatch, does it come in a larger size?",True,2025-06-29T09:59:09
11000-2,11000,917,"I'm sorry for the trouble, checking your account now.",True,2025-06-29T10:35:09
11000-3,11000,50028,Do you have a size guide I can check?,True,2025-06-29T15:18:09
11000-4,11000,917,"I've resolved this on our end, please let us know if you need anything else.",True,2025-06-29T16:10:09
11000-5,11000,50028,"OK thank you, that answers my question.",True,2025-06-29T16:49:09
11001-1,11001,51955,"Hello, just checking on the status of order #784246, it's been a few days and I haven't heard anything.",True,2025-07-06T02:26:34
11001-2,11001,913,"I'm sorry for the trouble, checking your account now.",True,2025-07-06T05:29:34
11001-3,11001,51955,Any update on this? It's been a while.,True,2025-07-06T09:36:34
11001-4,11001,913,"This has been taken care of, apologies again for the inconvenience.",True,2025-07-06T13:28:34
11001-5,11001,51955,"OK thank you, that answers my question.",True,2025-07-06T14:53:34
11002-1,11002,50836,This might not be the right place but I wasn't sure where else to send this.,True,2025-06-13T02:04:33
11002-2,11002,908,"I'm sorry for the trouble, checking your account now.",True,2025-06-13T03:04:33
11002-3,11002,50836,Sorry if this isn't teh right department.,True,2025-06-13T03:55:33
11002-4,11002,908,"Thanks for confirming, I've closed this out on our end.",True,2025-06-13T05:29:33
11002-5,11002,50836,"Perfect, thank you.",True,2025-06-13T06:18:33
11003-1,11003,51622,"Hi, the color/size I received doesn't match order #524449 at all.",True,2025-08-22T23:13:47
11003-2,11003,913,"I understand the frustration, let's get this sorted out.",True,2025-08-23T02:11:47
11003-3,11003,51622,I still want the item I originally ordered.,True,2025-08-23T04:27:47
11003-4,11003,913,"Thanks for reaching out, let me look into this for you.",True,2025-08-23T05:22:47
11003-5,11003,51622,Following up on this.,True,2025-08-23T06:31:47
11003-6,11003,913,"I'm sorry for the trouble, checking your account now.",True,2025-08-23T08:06:47
11003-7,11003,51622,"OK, still waiting to hear back.",True,2025-08-23T09:35:47
11003-8,11003,913,"This has been taken care of, apologies again for the inconvenience.",True,2025-08-23T11:45:47
11003-9,11003,51622,"Perfect, thank you.",True,2025-08-23T12:03:47
11004-1,11004,50843,"Hi, my order arrived and the bluetooth speaker is broken, it won't turn on at all.",True,2025-07-08T17:46:14
11004-2,11004,918,"Thanks for the details, give me a moment to check on this.",True,2025-07-08T20:40:14
11004-3,11004,50843,"I've tried everything, it's definitely faulty.",True,2025-07-08T22:31:14
11004-4,11004,918,"I've resolved this on our end, please let us know if you need anything else.",True,2025-07-09T02:41:14
11004-5,11004,50843,"Great, appreciate the quick resolution.",True,2025-07-09T02:52:14
11005-1,11005,53015,"Hi, when will I get my money back for the item I sent back?",True,2025-08-25T13:29:13
11005-2,11005,925,"I'm sorry for the trouble, checking your account now.",True,2025-08-25T17:05:13
11005-3,11005,53015,It's been longer than the timeline you gave me.,True,2025-08-25T18:42:13
11005-4,11005,925,"Thanks for reaching out, let me look into this for you.",True,2025-08-25T21:09:13
11005-5,11005,53015,Following up on this.,True,2025-08-25T23:08:13
11005-6,11005,925,"I've resolved this on our end, please let us know if you need anything else.",True,2025-08-26T00:58:13
11005-7,11005,53015,Thanks for the help!,True,2025-08-26T02:17:13
11006-1,11006,52949,"Hi, I have a question but I'm not totally sure it's the right team to ask.",True,2025-07-11T06:21:13
11006-2,11006,923,"Thanks for the details, give me a moment to check on this.",True,2025-07-11T09:07:13
11006-3,11006,52949,Sorry if this isn't the right department.,True,2025-07-11T10:03:13
11006-4,11006,923,"Thanks for reaching out, let me look into this for you.",True,2025-07-11T10:42:13
11006-5,11006,52949,"OK, still waiting to hear back.",True,2025-07-11T13:25:13
11006-6,11006,923,"Thanks for confirming, I've closed this out on our end.",True,2025-07-11T15:41:13
11006-7,11006,52949,"Perfect, thank you.",True,2025-07-11T16:23:13
11007-1,11007,53336,"Just some feedback, it would be great if the website had a size comparison tool.",True,2025-07-09T02:09:27
11007-2,11007,907,"Thanks for the details, give me a moment to check on this.",True,2025-07-09T05:24:27
11007-3,11007,53336,"Just a thought, not urgent at all.",True,2025-07-09T06:40:27
11007-4,11007,907,"I've resolved this on our end, please let us know if you need anything else.",True,2025-07-09T09:39:27
11007-5,11007,53336,"Great, appreciate the quick resolution.",True,2025-07-09T10:54:27
11008-1,11008,52430,"Hi, the courier says my package for order #566679 was delivered but it's nowhere to be found.",True,2025-07-20T03:05:32
11008-2,11008,916,"Thanks for the details, give me a moment to check on this.",True,2025-07-20T06:21:32
11008-3,11008,52430,"I've looked everywhere, it's genuinely not here.",True,2025-07-20T07:00:32
11009-1,11009,50910,"Hi, the courier says my package for order #525407 was delivered but it's nowhere to be found.",True,2025-06-22T03:14:22
11009-2,11009,909,"Thanks for reaching out, let me look into this for you.",True,2025-06-22T05:38:22
11009-3,11009,50910,"Actually, sorry, let me explain the real issue. Hi, I was supposed to get a discount but my order #525407 was charged full price.",True,2025-06-22T07:35:22
11009-4,11009,909,"I understand the frustration, let's get this sorted out.",True,2025-06-22T11:19:22
11009-5,11009,50910,"OK, still waiting to hear back.",True,2025-06-22T13:18:22
11009-6,11009,909,"I've resolved this on our end, please let us know if you need anything else.",True,2025-06-22T14:44:22
11009-7,11009,50910,"OK thank you, that answers my question.",True,2025-06-22T15:16:22
11010-1,11010,50501,"Hello, just checking on the status of order #286037, it's been a few days and I haven't heard anything.",True,2025-06-08T10:57:27
11010-2,11010,921,"Thanks for reaching out, let me look into this for you.",True,2025-06-08T13:10:27
11010-3,11010,50501,Any update on this? It's been a while.,True,2025-06-08T18:08:27
11010-4,11010,921,"Thanks for the details, give me a moment to check on this.",True,2025-06-08T18:39:27
11010-5,11010,50501,Any news?,True,2025-06-08T19:20:27
11010-6,11010,921,"This has been taken care of, apologies again for the inconvenience.",True,2025-06-08T21:43:27
11010-7,11010,50501,"Perfect, thank you.",True,2025-06-08T22:15:27
11011-1,11011,50411,"Hi, I placed order #127170 on Jun 23 and I can't find any tracking info. Can you tell me where it is?",True,2025-06-29T17:33:47
11011-2,11011,907,"Thanks for the details, give me a moment to check on this.",True,2025-06-29T18:53:47
11011-3,11011,50411,Any update on this? It's been a while.,True,2025-06-29T23:01:47
11011-4,11011,907,"I've resolved this on our end, please let us know if you need anything else.",True,2025-06-30T03:48:47
11011-5,11011,50411,Thanks for the help!,True,2025-06-30T04:42:47
11012-1,11012,50148,"Quick question, is the smartwatch compatible with older devices?",True,2025-07-23T09:23:06
11012-2,11012,911,"I understand the frustration, let's get this sorted out.",True,2025-07-23T09:47:06
11012-3,11012,50148,"Also, what material is it made from?",True,2025-07-23T10:00:06
11012-4,11012,911,"I'm sorry for the trouble, checking your account now.",True,2025-07-23T12:49:06
11012-5,11012,50148,"OK, still waiting to hear back.",True,2025-07-23T15:31:06
11012-6,11012,911,"All set on our side now, thanks for your patience.",True,2025-07-23T18:42:06
11012-7,11012,50148,"OK thank you, that answers my question.",True,2025-07-23T18:49:06
11013-1,11013,50629,"Hello, just checking on teh status of order #304171, it's been a few days adn I haven't heard anything.",True,2025-08-13T23:32:08
11013-2,11013,918,"Thanks for reaching out, let me look into this for you.",True,2025-08-14T03:20:08
11013-3,11013,50629,"Still no movement on the tracking page, is that normal?",True,2025-08-14T07:31:08
11013-4,11013,918,"I've resolved this on our end, please let us know if you need anything else.",True,2025-08-14T10:58:08
11013-5,11013,50629,"OK thank you, that answers my question.",True,2025-08-14T11:52:08
11014-1,11014,52661,"Hi, I have a question but I'm not totally sure it's the right team to ask.",True,2025-07-06T08:19:37
11014-2,11014,907,"Thanks for reaching out, let me look into this for you.",True,2025-07-06T08:40:37
11014-3,11014,52661,Let me know if I should contact someone else instead.,True,2025-07-06T09:52:37
11014-4,11014,907,"I'm sorry for the trouble, checking your account now.",True,2025-07-06T11:59:37
11014-5,11014,52661,"OK, still waiting to hear back.",True,2025-07-06T12:59:37
11014-6,11014,907,"Thanks for the details, give me a moment to check on this.",True,2025-07-06T13:55:37
11014-7,11014,52661,Following up on this.,True,2025-07-06T15:36:37
11014-8,11014,907,"Thanks for confirming, I've closed this out on our end.",True,2025-07-06T18:56:37
11014-9,11014,52661,"Great, appreciate the quick resolution.",True,2025-07-06T20:15:37
11015-1,11015,52457,"Hi, the leather wallet shows as out of stock, do you know when it'll be available again?",True,2025-08-02T13:55:32
11015-2,11015,913,"Thanks for reaching out, let me look into this for you.",True,2025-08-02T15:31:32
11015-3,11015,52457,"I really want this before Jul 29, is that realistic?",True,2025-08-02T18:37:32
11015-4,11015,913,"This has been taken care of, apologies again for the inconvenience.",True,2025-08-02T19:32:32
11015-5,11015,52457,"OK thank you, that answers my question.",True,2025-08-02T21:18:32
11016-1,11016,52822,"Hi, I'm getting a payment error and can't finish my order.",True,2025-06-24T01:03:16
11016-2,11016,917,"I'm sorry for the trouble, checking your account now.",True,2025-06-24T03:29:16
11016-3,11016,52822,Is there an issue on your end with payments?,True,2025-06-24T05:58:16
11016-4,11016,917,"All set on our side now, thanks for your patience.",True,2025-06-24T10:56:16
11016-5,11016,52822,"OK thank you, that answers my question.",True,2025-06-24T11:04:16
11017-1,11017,53390,"I returned my order #553192 5 days ago and haven't seen a refund yet, can you check?",True,2025-07-12T13:44:16
11017-2,11017,904,"Thanks for reaching out, let me look into this for you.",True,2025-07-12T16:39:16
11017-3,11017,53390,"Actually, sorry, let me explain the real issue. I moved recently and my order #553192 is still set to go to my old address, can this be fixed?",True,2025-07-12T19:17:16
11018-1,11018,50350,"Hello, just checking on the status of order #998294, it's been a few days and I haven't heard anything.",True,2025-06-18T18:31:02
11018-2,11018,919,"Thanks for reaching out, let me look into this for you.",True,2025-06-18T21:05:02
11018-3,11018,50350,"Still no movement on the tracking page, is that normal?",True,2025-06-18T22:23:02
11018-4,11018,919,"Thanks for confirming, I've closed this out on our end.",True,2025-06-19T01:51:02
11018-5,11018,50350,"OK thank you, that answers my question.",True,2025-06-19T02:13:02
11019-1,11019,53309,"Hi, the color/size I received doesn't match order #924286 at all.",True,2025-07-25T02:41:58
11019-2,11019,912,"Thanks for reaching out, let me look into this for you.",True,2025-07-25T04:01:58
11019-3,11019,53309,I still want the item I originally ordered.,True,2025-07-25T05:31:58
11019-4,11019,912,"I'm sorry for the trouble, checking your account now.",True,2025-07-25T09:55:58
11019-5,11019,53309,Following up on this.,True,2025-07-25T10:27:58
11019-6,11019,912,"Thanks for the details, give me a moment to check on this.",True,2025-07-25T11:14:58
11019-7,11019,53309,Any news?,True,2025-07-25T12:01:58
11020-1,11020,50002,"Hi, I was supposed to get a discount but my order #423904 was charged full price.",True,2025-08-16T04:16:33
11020-2,11020,916,"Thanks for reaching out, let me look into this for you.",True,2025-08-16T04:59:33
11020-3,11020,50002,"Actually, sorry, let me explain the real issue. Hi, I have a question but I'm not totally sure it's the right team to ask.",True,2025-08-16T08:13:33
11020-4,11020,916,"Thanks for the details, give me a moment to check on this.",True,2025-08-16T09:59:33
11020-5,11020,50002,Any news?,True,2025-08-16T11:44:33
11020-6,11020,916,"This has been taken care of, apologies again for the inconvenience.",True,2025-08-16T11:58:33
11020-7,11020,50002,"Great, appreciate the quick resolution.",True,2025-08-16T12:39:33
11021-1,11021,52476,"The desk lamp I ordered stopped working after 3 days of normal use. Hi, the color/size I received doesn't match order #370682 at all.",True,2025-08-23T20:44:56
11021-2,11021,902,"I'm sorry for the trouble, checking your account now.",True,2025-08-23T23:00:56
11021-3,11021,52476,"I've tried everything, it's definitely faulty.",True,2025-08-24T01:25:56
11021-4,11021,902,"I understand the frustration, let's get this sorted out.",True,2025-08-24T05:33:56
11021-5,11021,52476,Following up on this.,True,2025-08-24T08:14:56
11021-6,11021,902,"Thanks for the details, give me a moment to check on this.",True,2025-08-24T09:02:56
11021-7,11021,52476,"OK, still waiting to hear back.",True,2025-08-24T09:23:56
11022-1,11022,52015,Can you help me change the phone number linked to my account?,True,2025-08-18T18:42:43
11022-2,11022,919,"I understand the frustration, let's get this sorted out.",True,2025-08-18T20:45:43
11022-3,11022,52015,Is this something I can do myself in settings?,True,2025-08-18T22:46:43
11022-4,11022,919,"I understand the frustration, let's get this sorted out.",True,2025-08-19T02:01:43
11022-5,11022,52015,Any news?,True,2025-08-19T03:23:43
11022-6,11022,919,"All set on our side now, thanks for your patience.",True,2025-08-19T04:05:43
11022-7,11022,52015,"Great, appreciate the quick resolution.",True,2025-08-19T05:14:43
11023-1,11023,51288,I ordered the running shoes but received a completely different item.,True,2025-06-17T21:37:08
11023-2,11023,909,"I'm sorry for the trouble, checking your account now.",True,2025-06-17T23:15:08
11023-3,11023,51288,I still want the item I originally ordered.,True,2025-06-18T04:08:08
11023-4,11023,909,"I understand the frustration, let's get this sorted out.",True,2025-06-18T04:21:08
11023-5,11023,51288,Any news?,True,2025-06-18T06:12:08
11023-6,11023,909,"I understand the frustration, let's get this sorted out.",True,2025-06-18T08:13:08
11023-7,11023,51288,Following up on this.,True,2025-06-18T09:59:08
11023-8,11023,909,"Thanks for confirming, I've closed this out on our end.",True,2025-06-18T10:20:08
11023-9,11023,51288,"Perfect, thank you.",True,2025-06-18T11:03:08
11024-1,11024,52563,"Hi, I was supposed to get a discount but my order #325599 was charged full price.",True,2025-06-07T13:50:43
11024-2,11024,915,"I'm sorry for the trouble, checking your account now.",True,2025-06-07T15:36:43
11024-3,11024,52563,The code was definitely still valid.,True,2025-06-07T16:34:43
11025-1,11025,51136,"Hi, I can't log into my account, it keeps saying my password is wrong even after resetting it.",True,2025-07-24T18:47:50
11025-2,11025,909,"I understand the frustration, let's get this sorted out.",True,2025-07-24T21:28:50
11025-3,11025,51136,I've tried clearing my cache and cookies too.,True,2025-07-24T22:27:50
11026-1,11026,51914,"Hi, I'm getting a payment error and can't finish my order.",True,2025-08-08T06:24:02
11026-2,11026,900,"Thanks for reaching out, let me look into this for you.",True,2025-08-08T09:36:02
11026-3,11026,51914,Is there an issue on your end with payments?,True,2025-08-08T13:49:02
11026-4,11026,900,"I'm sorry for the trouble, checking your account now.",True,2025-08-08T14:26:02
11026-5,11026,51914,Any news?,True,2025-08-08T15:05:02
11026-6,11026,900,"I'm sorry for the trouble, checking your account now.",True,2025-08-08T17:41:02
11026-7,11026,51914,Following up on this.,True,2025-08-08T19:58:02
11026-8,11026,900,"Thanks for confirming, I've closed this out on our end.",True,2025-08-08T21:13:02
11026-9,11026,51914,"Great, appreciate the quick resolution.",True,2025-08-08T21:46:02
11027-1,11027,50862,"Hi, the courier says my package for order #731328 was delivered but it's nowhere to be found.",True,2025-06-16T05:38:11
11027-2,11027,906,"I'm sorry for the trouble, checking your account now.",True,2025-06-16T09:27:11
11027-3,11027,50862,Can you open an investigation with the carrier?,True,2025-06-16T12:59:11
11027-4,11027,906,"This has been taken care of, apologies again for the inconvenience.",True,2025-06-16T17:23:11
11027-5,11027,50862,"OK thank you, that answers my question.",True,2025-06-16T18:19:11
11028-1,11028,52753,Order #676322 was supposed to arrive on Jul 31 and it's still not here. What's going on?,True,2025-08-05T06:24:08
11028-2,11028,914,"Thanks for the details, give me a moment to check on this.",True,2025-08-05T08:32:08
11028-3,11028,52753,"It's been 15 extra days now, this is getting frustrating.",True,2025-08-05T12:27:08
11028-4,11028,914,"This has been taken care of, apologies again for the inconvenience.",True,2025-08-05T16:15:08
11028-5,11028,52753,Thanks for the help!,True,2025-08-05T16:45:08
11029-1,11029,50680,"I returned my order #516381 6 days ago and haven't seen a refund yet, can you check?",True,2025-08-21T22:22:25
11029-2,11029,921,"Thanks for the details, give me a moment to check on this.",True,2025-08-21T23:54:25
11029-3,11029,50680,It's been longer than the timeline you gave me.,True,2025-08-22T04:51:25
11029-4,11029,921,"I understand the frustration, let's get this sorted out.",True,2025-08-22T07:39:25
11029-5,11029,50680,"OK, still waiting to hear back.",True,2025-08-22T09:18:25
11029-6,11029,921,"Thanks for the details, give me a moment to check on this.",True,2025-08-22T10:07:25
11029-7,11029,50680,"OK, still waiting to hear back.",True,2025-08-22T11:03:25
11030-1,11030,51940,"Hi, the quality of this item really doesn't match the product description on the site.",True,2025-06-28T22:29:35
11030-2,11030,924,"Thanks for the details, give me a moment to check on this.",True,2025-06-29T02:00:35
11030-3,11030,51940,It just doesn't feel like a $150 item.,True,2025-06-29T04:22:35
11030-4,11030,924,"I understand the frustration, let's get this sorted out.",True,2025-06-29T05:09:35
11030-5,11030,51940,"OK, still waiting to hear back.",True,2025-06-29T07:45:35
11030-6,11030,924,"Thanks for confirming, I've closed this out on our end.",True,2025-06-29T08:21:35
11030-7,11030,51940,"OK thank you, that answers my question.",True,2025-06-29T08:50:35
11031-1,11031,51751,"Hi, my order arrived and the winter coat is broken, it won't turn on at all.",True,2025-07-15T10:18:23
11031-2,11031,916,"Thanks for reaching out, let me look into this for you.",True,2025-07-15T13:51:23
11031-3,11031,51751,Can I get a replacement or refund?,True,2025-07-15T18:41:23
11031-4,11031,916,"This has been taken care of, apologies again for the inconvenience.",True,2025-07-15T20:22:23
11031-5,11031,51751,"Great, appreciate the quick resolution.",True,2025-07-15T20:51:23
11032-1,11032,50470,"Hello, just checking on the status of order #334822, it's been a few days and I haven't heard anything.",True,2025-06-04T00:26:06
11032-2,11032,911,"Thanks for reaching out, let me look into this for you.",True,2025-06-04T01:11:06
11032-3,11032,50470,Any update on this? It's been a while.,True,2025-06-04T03:34:06
11032-4,11032,911,"Thanks for confirming, I've closed this out on our end.",True,2025-06-04T04:28:06
11032-5,11032,50470,"OK thank you, that answers my question.",True,2025-06-04T04:45:06
11033-1,11033,51277,"Hi, my order arrived and the graphic t-shirt is broken, it won't turn on at all.",True,2025-07-30T22:53:38
11033-2,11033,920,"I'm sorry for the trouble, checking your account now.",True,2025-07-31T00:53:38
11033-3,11033,51277,Can I get a replacement or refund?,True,2025-07-31T01:21:38
11033-4,11033,920,"This has been taken care of, apologies again for the inconvenience.",True,2025-07-31T02:31:38
11033-5,11033,51277,"Great, appreciate the quick resolution.",True,2025-07-31T03:34:38
11034-1,11034,51490,"Hi, when will I get my money back for the item I sent back?",True,2025-07-22T15:58:36
11034-2,11034,916,"I understand the frustration, let's get this sorted out.",True,2025-07-22T16:43:36
11034-3,11034,51490,It's been longer than the timeline you gave me.,True,2025-07-22T20:52:36
11034-4,11034,916,"Thanks for reaching out, let me look into this for you.",True,2025-07-22T23:39:36
11034-5,11034,51490,Following up on this.,True,2025-07-23T01:48:36
11034-6,11034,916,"This has been taken care of, apologies again for the inconvenience.",True,2025-07-23T04:05:36
11034-7,11034,51490,"OK thank you, that answers my question.",True,2025-07-23T05:43:36
11035-1,11035,52260,"Hi, my order arrived and the wireless headphones is broken, it won't turn on at all.",True,2025-07-29T07:57:43
11035-2,11035,922,"Thanks for the details, give me a moment to check on this.",True,2025-07-29T11:42:43
11035-3,11035,52260,"I've tried everything, it's definitely faulty.",True,2025-07-29T13:40:43
11036-1,11036,53439,"Hi, the amount charged to my card doesn't match my order total, can you check?",True,2025-08-20T13:21:51
11036-2,11036,915,"Thanks for the details, give me a moment to check on this.",True,2025-08-20T16:55:51
11036-3,11036,53439,"I have both charges on my statement, want me to send a screenshot?",True,2025-08-20T20:51:51
11036-4,11036,915,"This has been taken care of, apologies again for the inconvenience.",True,2025-08-20T23:59:51
11036-5,11036,53439,"OK thank you, that answers my question.",True,2025-08-21T00:39:51
11037-1,11037,50096,Order #778904 was supposed to arrive on Jul 10 and it's still not here. What's going on?,True,2025-07-11T07:03:31
11037-2,11037,924,"Thanks for the details, give me a moment to check on this.",True,2025-07-11T10:34:31
11037-3,11037,50096,"It's been 13 extra days now, this is getting frustrating.",True,2025-07-11T13:07:31
11037-4,11037,924,"Thanks for the details, give me a moment to check on this.",True,2025-07-11T17:23:31
11037-5,11037,50096,Following up on this.,True,2025-07-11T18:31:31
11037-6,11037,924,"All set on our side now, thanks for your patience.",True,2025-07-11T19:36:31
11037-7,11037,50096,"Great, appreciate the quick resolution.",True,2025-07-11T20:32:31
11038-1,11038,53032,"Hi, could you send me an invoice for order #130592? I need it for accounting.",True,2025-08-23T15:09:17
11038-2,11038,916,"Thanks for the details, give me a moment to check on this.",True,2025-08-23T15:59:17
11038-3,11038,53032,I need this fairly soon for my records.,True,2025-08-23T16:24:17
11038-4,11038,916,"This has been taken care of, apologies again for the inconvenience.",True,2025-08-23T17:26:17
11038-5,11038,53032,"Perfect, thank you.",True,2025-08-23T18:23:17
11039-1,11039,50827,I ordered the leather wallet but received a completely different item.,True,2025-07-13T12:47:17
11039-2,11039,909,"I understand the frustration, let's get this sorted out.",True,2025-07-13T16:12:17
11039-3,11039,50827,I still want the item I originally ordered.,True,2025-07-13T18:37:17
11039-4,11039,909,"Thanks for the details, give me a moment to check on this.",True,2025-07-13T19:14:17
11039-5,11039,50827,"OK, still waiting to hear back.",True,2025-07-13T19:41:17
11039-6,11039,909,"Thanks for confirming, I've closed this out on our end.",True,2025-07-13T20:13:17
11039-7,11039,50827,Thanks for the help!,True,2025-07-13T21:13:17
11040-1,11040,51604,"Hi, I need to update the email address on my account.",True,2025-06-24T21:09:37
11040-2,11040,909,"I understand the frustration, let's get this sorted out.",True,2025-06-24T22:36:37
11040-3,11040,51604,Is this something I can do myself in settings?,True,2025-06-25T01:56:37
11040-4,11040,909,"I'm sorry for the trouble, checking your account now.",True,2025-06-25T06:08:37
11040-5,11040,51604,"OK, still waiting to hear back.",True,2025-06-25T07:45:37
11040-6,11040,909,"This has been taken care of, apologies again for the inconvenience.",True,2025-06-25T09:23:37
11040-7,11040,51604,Thanks for the help!,True,2025-06-25T10:20:37
11041-1,11041,51926,"Hi, I was only refunded part of my order, can you check what happened?",True,2025-07-13T19:42:03
11041-2,11041,910,"I'm sorry for the trouble, checking your account now.",True,2025-07-13T20:19:03
11041-3,11041,51926,Can someone look into the difference?,True,2025-07-14T00:40:03
11041-4,11041,910,"Thanks for reaching out, let me look into this for you.",True,2025-07-14T05:16:03
11041-5,11041,51926,Following up on this.,True,2025-07-14T08:25:03
11041-6,11041,910,"I'm sorry for the trouble, checking your account now.",True,2025-07-14T09:28:03
11041-7,11041,51926,Any news?,True,2025-07-14T11:45:03
11041-8,11041,910,"All set on our side now, thanks for your patience.",True,2025-07-14T14:03:03
11041-9,11041,51926,Thanks for the help!,True,2025-07-14T15:36:03
11042-1,11042,50487,How many days do I have to return something after delivery?,True,2025-06-25T07:59:02
11042-2,11042,900,"Thanks for the details, give me a moment to check on this.",True,2025-06-25T10:16:02
11042-3,11042,50487,"Actually, sorry, let me explain the real issue. The smartwatch I ordered stopped working after 14 days of normal use.",True,2025-06-25T14:22:02
11042-4,11042,900,"Thanks for reaching out, let me look into this for you.",True,2025-06-25T16:57:02
11042-5,11042,50487,Any news?,True,2025-06-25T18:21:02
11042-6,11042,900,"This has been taken care of, apologies again for the inconvenience.",True,2025-06-25T21:09:02
11042-7,11042,50487,Thanks for the help!,True,2025-06-25T22:19:02
11043-1,11043,53559,"Hi, when will I get my money back for the item I sent back?",True,2025-07-31T08:49:50
11043-2,11043,916,"Thanks for the details, give me a moment to check on this.",True,2025-07-31T10:00:50
11043-3,11043,53559,My bank still shows no refund received.,True,2025-07-31T10:31:50
11043-4,11043,916,"I've resolved this on our end, please let us know if you need anything else.",True,2025-07-31T10:53:50
11043-5,11043,53559,"Perfect, thank you.",True,2025-07-31T11:57:50
11044-1,11044,50508,"Hi, I'd like to delete my account and all data you hold on me, please confirm once done.",True,2025-06-19T19:35:53
11044-2,11044,923,"Thanks for the details, give me a moment to check on this.",True,2025-06-19T20:42:53
11044-3,11044,50508,Can you confirm in writing once it's complete?,True,2025-06-20T00:16:53
11044-4,11044,923,"Thanks for reaching out, let me look into this for you.",True,2025-06-20T00:27:53
11044-5,11044,50508,Following up on this.,True,2025-06-20T02:29:53
11044-6,11044,923,"Thanks for reaching out, let me look into this for you.",True,2025-06-20T05:23:53
11044-7,11044,50508,Any news?,True,2025-06-20T07:03:53
11045-1,11045,50481,"I returned my order #197955 7 days ago and haven't seen a refund yet, can you check?",True,2025-07-28T03:47:38
11045-2,11045,904,"I understand the frustration, let's get this sorted out.",True,2025-07-28T07:06:38
11045-3,11045,50481,It's been longer than the timeline yuo gave me.,True,2025-07-28T11:40:38
11045-4,11045,904,"Thanks for reaching out, let me look into this for you.",True,2025-07-28T16:20:38
11045-5,11045,50481,"OK, still waiting to hear back.",True,2025-07-28T18:55:38
11045-6,11045,904,"Thanks for the details, give me a moment to check on this.",True,2025-07-28T19:19:38
11045-7,11045,50481,Following up on this.,True,2025-07-28T20:45:38
11045-8,11045,904,"This has been taken care of, apologies again for the inconvenience.",True,2025-07-28T22:08:38
11045-9,11045,50481,"Perfect, thank you.",True,2025-07-28T23:19:38
11046-1,11046,52403,"I just opened my package for order #851504 and the yoga mat is missing, only the rest of the items were inside.",True,2025-08-08T03:03:09
11046-2,11046,925,"Thanks for the details, give me a moment to check on this.",True,2025-08-08T04:59:09
11046-3,11046,52403,Can you send the missing item or refund it?,True,2025-08-08T06:16:09
11046-4,11046,925,"Thanks for confirming, I've closed this out on our end.",True,2025-08-08T09:21:09
11046-5,11046,52403,"OK thank you, that answers my question.",True,2025-08-08T10:53:09
11047-1,11047,50168,"Hi, my order arrived and the bluetooth speaker is broken, it won't turn on at all.",True,2025-07-17T17:19:07
11047-2,11047,907,"Thanks for the details, give me a moment to check on this.",True,2025-07-17T20:39:07
11047-3,11047,50168,Can I get a replacement or refund?,True,2025-07-18T01:11:07
11047-4,11047,907,"Thanks for the details, give me a moment to check on this.",True,2025-07-18T02:19:07
11047-5,11047,50168,"OK, still waiting to hear back.",True,2025-07-18T05:37:07
11047-6,11047,907,"I'm sorry for the trouble, checking your account now.",True,2025-07-18T07:57:07
11047-7,11047,50168,Any news?,True,2025-07-18T10:54:07
11047-8,11047,907,"All set on our side now, thanks for your patience.",True,2025-07-18T12:17:07
11047-9,11047,50168,"Great, appreciate the quick resolution.",True,2025-07-18T12:27:07
11048-1,11048,51479,"Hi, could you send me an invoice for order #320547? I need it for accounting.",True,2025-07-25T17:38:44
11048-2,11048,911,"I understand the frustration, let's get this sorted out.",True,2025-07-25T18:59:44
11048-3,11048,51479,I need this fairly soon for my records.,True,2025-07-25T23:00:44
11048-4,11048,911,"This has been taken care of, apologies again for the inconvenience.",True,2025-07-26T03:22:44
11048-5,11048,51479,"Perfect, thank you.",True,2025-07-26T04:14:44
11049-1,11049,53487,"Hi, the courier says my package for order #725092 was delivered but it's nowhere to be found.",True,2025-08-13T22:21:51
11049-2,11049,909,"Thanks for the details, give me a moment to check on this.",True,2025-08-14T01:59:51
11049-3,11049,53487,Can you open an investigation with the carrier?,True,2025-08-14T05:42:51
11049-4,11049,909,"All set on our side now, thanks for your patience.",True,2025-08-14T06:46:51
11049-5,11049,53487,"OK thank you, that answers my question.",True,2025-08-14T08:31:51
11050-1,11050,52400,"Hi, my delivery is running late, I ordered the laptop sleeve over a week ago.",True,2025-06-03T17:15:59
11050-2,11050,907,"I understand the frustration, let's get this sorted out.",True,2025-06-03T17:57:59
11050-3,11050,52400,Do you have an updated delivry estimate?,True,2025-06-03T21:30:59
11050-4,11050,907,"Thanks for reaching out, let me look into this for you.",True,2025-06-04T00:04:59
11050-5,11050,52400,Following up on this.,True,2025-06-04T03:11:59
11050-6,11050,907,"Thanks for confirming, I've closed this out on our end.",True,2025-06-04T04:12:59
11050-7,11050,52400,Thanks for the help!,True,2025-06-04T05:38:59
11051-1,11051,50985,"Hi, your support team helped me out so quickly yesterday, really appreciated it.",True,2025-07-03T08:55:39
11051-2,11051,925,"I'm sorry for the trouble, checking your account now.",True,2025-07-03T11:49:39
11051-3,11051,50985,Keep up the great work!,True,2025-07-03T13:43:39
11051-4,11051,925,"I understand the frustration, let's get this sorted out.",True,2025-07-03T18:00:39
11051-5,11051,50985,Following up on this.,True,2025-07-03T19:56:39
11051-6,11051,925,"All set on our side now, thanks for your patience.",True,2025-07-03T20:19:39
11051-7,11051,50985,Thanks for the help!,True,2025-07-03T22:01:39
11052-1,11052,51203,This is a formal request for a copy of all personal data you have on file for me.,True,2025-06-09T01:58:23
11052-2,11052,906,"Thanks for reaching out, let me look into this for you.",True,2025-06-09T05:50:23
11052-3,11052,51203,How long will this take to process?,True,2025-06-09T08:04:23
11052-4,11052,906,"All set on our side now, thanks for your patience.",True,2025-06-09T11:49:23
11052-5,11052,51203,Thanks for the help!,True,2025-06-09T13:16:23
11053-1,11053,50380,"Hi, I placed order #525614 on Jun 09 and I can't find any tracking info. Can you tell me where it is?",True,2025-06-19T14:58:11
11053-2,11053,903,"I'm sorry for the trouble, checking your account now.",True,2025-06-19T15:13:11
11053-3,11053,50380,Any update on this? It's been a while.,True,2025-06-19T15:24:11
11053-4,11053,903,"I understand the frustration, let's get this sorted out.",True,2025-06-19T20:12:11
11053-5,11053,50380,"OK, still waiting to hear back.",True,2025-06-19T22:34:11
11054-1,11054,52128,"I returned my order #523814 6 days ago and haven't seen a refund yet, can you check?",True,2025-07-08T12:29:49
11054-2,11054,903,"I understand the frustration, let's get this sorted out.",True,2025-07-08T13:21:49
11054-3,11054,52128,My bank still shows no refund received.,True,2025-07-08T17:13:49
11055-1,11055,53119,"Hi, the courier says my package for order #722731 was delivered but it's nowhere to be found.",True,2025-07-10T12:17:26
11055-2,11055,915,"Thanks for reaching out, let me look into this for you.",True,2025-07-10T15:11:26
11055-3,11055,53119,Can you open an investigation with the carrier?,True,2025-07-10T17:57:26
11056-1,11056,52519,"Hi, when will I get my money back for the item I sent back?",True,2025-06-14T21:21:40
11056-2,11056,908,"Thanks for reaching out, let me look into this for you.",True,2025-06-14T21:42:40
11056-3,11056,52519,It's been longer than the timeline you gave me.,True,2025-06-15T02:27:40
11056-4,11056,908,"This has been taken care of, apologies again for the inconvenience.",True,2025-06-15T03:51:40
11056-5,11056,52519,"OK thank you, that answers my question.",True,2025-06-15T04:30:40
11057-1,11057,50927,"Hi, my order arrived and the winter coat is broken, it won't turn on at all.",True,2025-07-15T05:37:45
11057-2,11057,914,"I understand the frustration, let's get this sorted out.",True,2025-07-15T07:05:45
11057-3,11057,50927,"I've tried everything, it's definitely faulty.",True,2025-07-15T11:31:45
11057-4,11057,914,"Thanks for the details, give me a moment to check on this.",True,2025-07-15T12:07:45
11057-5,11057,50927,Following up on this.,True,2025-07-15T13:40:45
11057-6,11057,914,"Thanks for the details, give me a moment to check on this.",True,2025-07-15T15:28:45
11057-7,11057,50927,Any news?,True,2025-07-15T18:30:45
11057-8,11057,914,"All set on our side now, thanks for your patience.",True,2025-07-15T21:29:45
11057-9,11057,50927,"OK thank you, that answers my question.",True,2025-07-15T23:19:45
11058-1,11058,50274,"Hi, I'm getting a payment error and can't finish my order.",True,2025-07-07T00:11:40
11058-2,11058,923,"Thanks for the details, give me a moment to check on this.",True,2025-07-07T00:43:40
11058-3,11058,50274,"Actually, sorry, let me explain the real issue. Hi, the quality of this item really doesn't match the product description on teh site.",True,2025-07-07T04:35:40
11059-1,11059,50562,"Hi, my order arrived and the bluetooth speaker is broken, it won't turn on at all.",True,2025-06-08T12:55:40
11059-2,11059,901,"Thanks for the details, give me a moment to check on this.",True,2025-06-08T15:20:40
11059-3,11059,50562,"I've tried everything, it's definitely faulty.",True,2025-06-08T15:55:40
11059-4,11059,901,"I'm sorry for the trouble, checking your account now.",True,2025-06-08T18:19:40
11059-5,11059,50562,Following up on this.,True,2025-06-08T19:16:40
11059-6,11059,901,"I understand the frustration, let's get this sorted out.",True,2025-06-08T21:50:40
11059-7,11059,50562,Any news?,True,2025-06-08T23:48:40
11060-1,11060,50527,"I returned my order #880124 3 days ago and haven't seen a refund yet, can you check?",True,2025-06-09T17:15:00
11060-2,11060,906,"Thanks for the details, give me a moment to check on this.",True,2025-06-09T19:17:00
11060-3,11060,50527,My bank still shows no refund recieved.,True,2025-06-09T22:55:00
11060-4,11060,906,"All set on our side now, thanks for your patience.",True,2025-06-10T00:12:00
11060-5,11060,50527,"OK thank you, that answers my question.",True,2025-06-10T01:35:00
11061-1,11061,51296,"I want to file a complaint, my overall experience with this order has been really disappointing.",True,2025-06-05T01:45:19
11061-2,11061,916,"I'm sorry for the trouble, checking your account now.",True,2025-06-05T05:02:19
11061-3,11061,51296,"Actually, sorry, let me explain the real issue. Hi, I need to update the email address on my account.",True,2025-06-05T06:23:19
11062-1,11062,53417,"Hi, my order arrived and the smartwatch is broken, it won't turn on at all. I ordered the smartwatch but received a completely different item.",True,2025-06-23T09:01:05
11062-2,11062,904,"I understand the frustration, let's get this sorted out.",True,2025-06-23T09:57:05
11062-3,11062,53417,Can I get a replacement or refund?,True,2025-06-23T10:51:05
11062-4,11062,904,"This has been taken care of, apologies again for the inconvenience.",True,2025-06-23T14:03:05
11062-5,11062,53417,"OK thank you, that answers my question.",True,2025-06-23T14:40:05
11063-1,11063,50221,I got refunded for order #160233 but the amount is way less than what I paid.,True,2025-07-28T06:11:57
11063-2,11063,921,"I understand the frustration, let's get this sorted out.",True,2025-07-28T09:51:57
11063-3,11063,50221,Can someone look into teh difference?,True,2025-07-28T14:42:57
11064-1,11064,51858,This might not be the right place but I wasn't sure where else to send this.,True,2025-08-13T17:53:11
11064-2,11064,922,"Thanks for reaching out, let me look into this for you.",True,2025-08-13T19:19:11
11064-3,11064,51858,Sorry if this isn't the right department.,True,2025-08-13T23:03:11
11064-4,11064,922,"Thanks for the details, give me a moment to check on this.",True,2025-08-13T23:41:11
11064-5,11064,51858,"OK, still waiting to hear back.",True,2025-08-14T00:39:11
11064-6,11064,922,"I'm sorry for the trouble, checking your account now.",True,2025-08-14T01:16:11
11064-7,11064,51858,"OK, still waiting to hear back.",True,2025-08-14T01:34:11
11064-8,11064,922,"All set on our side now, thanks for your patience.",True,2025-08-14T02:53:11
11064-9,11064,51858,"Perfect, thank you.",True,2025-08-14T03:50:11
11065-1,11065,52952,"Hi, before I order teh desk lamp, does it come in a larger size?",True,2025-08-17T22:23:49
11065-2,11065,901,"Thanks for the details, give me a moment to check on this.",True,2025-08-18T01:46:49
11065-3,11065,52952,"Also, what material is it made from?",True,2025-08-18T04:02:49
11065-4,11065,901,"All set on our side now, thanks for your patience.",True,2025-08-18T07:45:49
11065-5,11065,52952,"Perfect, thank you.",True,2025-08-18T08:51:49
11066-1,11066,50011,Order #908524 was supposed to arrive on Aug 12 and it's still not here. What's going on?,True,2025-08-21T21:26:18
11066-2,11066,918,"Thanks for reaching out, let me look into this for you.",True,2025-08-21T23:23:18
11066-3,11066,50011,"It's been 9 extra days now, this is getting frustrating.",True,2025-08-22T00:29:18
11066-4,11066,918,"I'm sorry for the trouble, checking your account now.",True,2025-08-22T03:33:18
11066-5,11066,50011,Following up on this.,True,2025-08-22T06:04:18
11067-1,11067,51559,"I returned my order #138598 3 days ago adn haven't seen a refund yet, can you check?",True,2025-07-05T11:02:38
11067-2,11067,916,"Thanks for the details, give me a moment to check on this.",True,2025-07-05T14:11:38
11067-3,11067,51559,My bank still shows no refund received.,True,2025-07-05T15:03:38
11067-4,11067,916,"Thanks for reaching out, let me look into this for you.",True,2025-07-05T17:19:38
11067-5,11067,51559,Following up on this.,True,2025-07-05T19:33:38
11068-1,11068,50176,"Hi, teh color/size I received doesn't match order #472184 at all.",True,2025-08-05T07:07:51
11068-2,11068,912,"Thanks for reaching out, let me look into this for you.",True,2025-08-05T08:46:51
11068-3,11068,50176,Should I send this one back first?,True,2025-08-05T11:09:51
11068-4,11068,912,"I understand the frustration, let's get this sorted out.",True,2025-08-05T12:51:51
11068-5,11068,50176,Following up on this.,True,2025-08-05T15:18:51
11068-6,11068,912,"I understand the frustration, let's get this sorted out.",True,2025-08-05T16:50:51
11068-7,11068,50176,Following up on this.,True,2025-08-05T17:37:51
11068-8,11068,912,"I've resolved this on our end, please let us know if you need anything else.",True,2025-08-05T20:51:51
11068-9,11068,50176,"Great, appreciate the quick resolution.",True,2025-08-05T22:10:51
11069-1,11069,50496,"Hi, I placed order #223249 on Aug 17 and I can't find any tracking info. Can you tell me where it is?",True,2025-08-18T08:19:55
11069-2,11069,917,"I understand the frustration, let's get this sorted out.",True,2025-08-18T11:11:55
11069-3,11069,50496,Any update on this? It's been a while.,True,2025-08-18T11:46:55
11069-4,11069,917,"I understand the frustration, let's get this sorted out.",True,2025-08-18T13:36:55
11069-5,11069,50496,Any news?,True,2025-08-18T16:42:55
11069-6,11069,917,"I'm sorry for the trouble, checking your account now.",True,2025-08-18T19:42:55
11069-7,11069,50496,"OK, still waiting to hear back.",True,2025-08-18T22:07:55
11070-1,11070,53214,"Hi, I was only refunded part of my order, can you check what happened?",True,2025-08-01T01:52:37
11070-2,11070,901,"I understand the frustration, let's get this sorted out.",True,2025-08-01T05:49:37
11070-3,11070,53214,Can someone look into teh difference?,True,2025-08-01T08:35:37
11070-4,11070,901,"All set on our side now, thanks for your patience.",True,2025-08-01T12:56:37
11070-5,11070,53214,Thanks for the help!,True,2025-08-01T13:50:37
11071-1,11071,50838,The sneakers I received feels much cheaper than it looked in the photos.,True,2025-08-17T20:49:59
11071-2,11071,911,"I understand the frustration, let's get this sorted out.",True,2025-08-17T23:58:59
11071-3,11071,50838,It just doesn't feel like a $202 item.,True,2025-08-18T04:10:59
11071-4,11071,911,"I'm sorry for the trouble, checking your account now.",True,2025-08-18T07:25:59
11071-5,11071,50838,"OK, still waiting to hear back.",True,2025-08-18T10:42:59
11071-6,11071,911,"All set on our side now, thanks for your patience.",True,2025-08-18T12:57:59
11071-7,11071,50838,"OK thank you, that answers my question.",True,2025-08-18T14:07:59
11072-1,11072,53536,"Hi, I've had several issues with my last few orders and I'm not happy with the service.",True,2025-07-31T16:21:43
11072-2,11072,919,"Thanks for reaching out, let me look into this for you.",True,2025-07-31T17:03:43
11072-3,11072,53536,This isn't teh first time either.,True,2025-07-31T17:54:43
11072-4,11072,919,"I understand the frustration, let's get this sorted out.",True,2025-07-31T21:18:43
11072-5,11072,53536,Following up on this.,True,2025-08-01T00:11:43
11072-6,11072,919,"I'm sorry for the trouble, checking your account now.",True,2025-08-01T00:52:43
11072-7,11072,53536,Any news?,True,2025-08-01T02:39:43
11072-8,11072,919,"Thanks for confirming, I've closed this out on our end.",True,2025-08-01T03:17:43
11072-9,11072,53536,"Great, appreciate the quick resolution.",True,2025-08-01T04:36:43
11073-1,11073,52568,"Hi, my order arrived and the yoga mat is broken, it won't turn on at all.",True,2025-07-21T12:39:30
11073-2,11073,902,"I'm sorry for the trouble, checking your account now.",True,2025-07-21T15:40:30
11073-3,11073,52568,"I've tried everything, it's definitely faulty.",True,2025-07-21T16:17:30
11073-4,11073,902,"I understand the frustration, let's get this sorted out.",True,2025-07-21T18:48:30
11073-5,11073,52568,Any news?,True,2025-07-21T20:02:30
11073-6,11073,902,"This has been taken care of, apologies again for the inconvenience.",True,2025-07-21T22:21:30
11073-7,11073,52568,"Great, appreciate the quick resolution.",True,2025-07-21T23:37:30
11074-1,11074,51851,"Hi, my delivery is running late, I ordered the running shoes over a week ago.",True,2025-06-16T00:53:51
11074-2,11074,907,"I understand the frustration, let's get this sorted out.",True,2025-06-16T02:08:51
11074-3,11074,51851,"It's been 9 extra days now, this is getting frustrating.",True,2025-06-16T05:29:51
11074-4,11074,907,"Thanks for confirming, I've closed this out on our end.",True,2025-06-16T08:20:51
11074-5,11074,51851,"OK thank you, that answers my question.",True,2025-06-16T09:57:51
11075-1,11075,50303,"Hi, the color/size I recieved doesn't match order #316421 at all.",True,2025-06-20T06:25:19
11075-2,11075,904,"I'm sorry for the trouble, checking your account now.",True,2025-06-20T08:27:19
11075-3,11075,50303,Should I send this one back first?,True,2025-06-20T09:02:19
11075-4,11075,904,"Thanks for confirming, I've closed this out on our end.",True,2025-06-20T13:35:19
11075-5,11075,50303,"Perfect, thank you.",True,2025-06-20T14:55:19
11076-1,11076,52505,"I returned my order #495908 14 days ago and haven't seen a refund yet, can you check?",True,2025-07-23T11:38:06
11076-2,11076,908,"Thanks for the details, give me a moment to check on this.",True,2025-07-23T14:27:06
11076-3,11076,52505,It's been longer than teh timeline you gave me.,True,2025-07-23T16:53:06
11077-1,11077,51428,What benefits come with the premium membership tier?,True,2025-06-14T16:14:07
11077-2,11077,908,"I'm sorry for the trouble, checking your account now.",True,2025-06-14T17:13:07
11077-3,11077,51428,Do points expire after a certain time?,True,2025-06-14T19:28:07
11077-4,11077,908,"Thanks for the details, give me a moment to check on this.",True,2025-06-14T23:27:07
11077-5,11077,51428,Following up on this.,True,2025-06-15T00:30:07
11077-6,11077,908,"Thanks for reaching out, let me look into this for you.",True,2025-06-15T01:58:07
11077-7,11077,51428,"OK, still waiting to hear back.",True,2025-06-15T02:33:07
11077-8,11077,908,"I've resolved this on our end, please let us know if you need anything else.",True,2025-06-15T04:06:07
11077-9,11077,51428,"Great, appreciate the quick resolution.",True,2025-06-15T06:00:07
11078-1,11078,51172,I used the code SAVE10 but it didn't apply any discount at checkout.,True,2025-06-18T01:19:19
11078-2,11078,921,"I'm sorry for the trouble, checking your account now.",True,2025-06-18T03:03:19
11078-3,11078,51172,The code was definitely stil valid.,True,2025-06-18T04:26:19
11078-4,11078,921,"I'm sorry for the trouble, checking your account now.",True,2025-06-18T05:18:19
11078-5,11078,51172,Any news?,True,2025-06-18T08:18:19
11078-6,11078,921,"Thanks for confirming, I've closed this out on our end.",True,2025-06-18T09:26:19
11078-7,11078,51172,"Perfect, thank you.",True,2025-06-18T09:38:19
11079-1,11079,52952,"Hi, the amount charged to my card doesn't match my order total, can you check?",True,2025-06-05T14:48:50
11079-2,11079,921,"Thanks for reaching out, let me look into this for you.",True,2025-06-05T18:08:50
11079-3,11079,52952,"I have both charges on my statement, want me to send a screenshot?",True,2025-06-05T19:48:50
11079-4,11079,921,"Thanks for confirming, I've closed this out on our end.",True,2025-06-05T21:25:50
11079-5,11079,52952,"OK thank you, that answers my question.",True,2025-06-05T22:13:50
11080-1,11080,51036,Have you considered adding more filters to the search page? Would make browsing easier.,True,2025-07-19T03:08:46
11080-2,11080,921,"Thanks for reaching out, let me look into this for you.",True,2025-07-19T05:45:46
11080-3,11080,51036,Would love to see that in a future update.,True,2025-07-19T08:43:46
11080-4,11080,921,"I understand the frustration, let's get this sorted out.",True,2025-07-19T11:36:46
11080-5,11080,51036,Following up on this.,True,2025-07-19T14:31:46
11080-6,11080,921,"Thanks for confirming, I've closed this out on our end.",True,2025-07-19T15:06:46
11080-7,11080,51036,"Great, appreciate the quick resolution.",True,2025-07-19T16:21:46
11081-1,11081,50730,Order #818876 was supposed to arrive on Jul 20 and it's still not here. What's going on?,True,2025-07-24T05:43:55
11081-2,11081,905,"Thanks for the details, give me a moment to check on this.",True,2025-07-24T07:59:55
11081-3,11081,50730,"It's been 6 extra days now, this is getting frustrating.",True,2025-07-24T11:32:55
11081-4,11081,905,"All set on our side now, thanks for your patience.",True,2025-07-24T12:43:55
11081-5,11081,50730,Thanks for the help!,True,2025-07-24T13:07:55
11082-1,11082,50442,"Hello, just checking on the status of order #630672, it's been a few days and I haven't heard anything.",True,2025-06-04T21:50:09
11082-2,11082,914,"Thanks for reaching out, let me look into this for you.",True,2025-06-04T22:42:09
11082-3,11082,50442,"Still no movement on the tracking page, is that normal?",True,2025-06-05T00:58:09
11082-4,11082,914,"Thanks for the details, give me a moment to check on this.",True,2025-06-05T02:00:09
11082-5,11082,50442,Following up on this.,True,2025-06-05T03:19:09
11082-6,11082,914,"Thanks for reaching out, let me look into this for you.",True,2025-06-05T06:12:09
11082-7,11082,50442,"OK, still waiting to hear back.",True,2025-06-05T07:42:09
11082-8,11082,914,"I've resolved this on our end, please let us know if you need anything else.",True,2025-06-05T08:30:09
11082-9,11082,50442,Thanks for the help!,True,2025-06-05T10:29:09
11083-1,11083,50891,The backpack I ordered stopped working after 4 days of normal use.,True,2025-08-15T10:35:56
11083-2,11083,903,"Thanks for the details, give me a moment to check on this.",True,2025-08-15T13:48:56
11083-3,11083,50891,"I've tried everything, it's definitely faulty.",True,2025-08-15T17:20:56
11083-4,11083,903,"This has been taken care of, apologies again for the inconvenience.",True,2025-08-15T20:51:56
11083-5,11083,50891,"Great, appreciate the quick resolution.",True,2025-08-15T22:35:56
11084-1,11084,50990,"Hi, could you send me an invoice for order #597116? I need it for accounting.",True,2025-08-12T19:16:02
11084-2,11084,917,"I understand the frustration, let's get this sorted out.",True,2025-08-12T21:52:02
11084-3,11084,50990,I need this fairly soon for my records.,True,2025-08-13T01:40:02
11085-1,11085,50307,"Hi, could you send me an invoice for order #983779? I need it for accounting.",True,2025-07-01T18:27:11
11085-2,11085,901,"I understand the frustration, let's get this sorted out.",True,2025-07-01T21:24:11
11085-3,11085,50307,"Actually, sorry, let me explain the real issue. Have you considered adding more filters to the search page? Would make browsing easier.",True,2025-07-01T22:48:11
11085-4,11085,901,"I've resolved this on our end, please let us know if you need anything else.",True,2025-07-02T01:19:11
11085-5,11085,50307,"Great, appreciate the quick resolution.",True,2025-07-02T02:19:11
11086-1,11086,52379,The denim jacket I ordered stopped working after 14 days of normal use.,True,2025-06-17T20:45:14
11086-2,11086,917,"I understand the frustration, let's get this sorted out.",True,2025-06-17T22:47:14
11086-3,11086,52379,"I've tried everything, it's definitely faulty.",True,2025-06-18T03:21:14
11086-4,11086,917,"Thanks for reaching out, let me look into this for you.",True,2025-06-18T07:35:14
11086-5,11086,52379,"OK, still waiting to hear back.",True,2025-06-18T08:55:14
11086-6,11086,917,"I'm sorry for the trouble, checking your account now.",True,2025-06-18T11:51:14
11086-7,11086,52379,Any news?,True,2025-06-18T13:31:14
11086-8,11086,917,"All set on our side now, thanks for your patience.",True,2025-06-18T16:27:14
11086-9,11086,52379,"Great, appreciate the quick resolution.",True,2025-06-18T17:46:14
11087-1,11087,52762,"Hi, I'd like to return the bluetooth speaker from order #590292, can you send me a return label?",True,2025-06-30T00:19:15
11087-2,11087,902,"Thanks for the details, give me a moment to check on this.",True,2025-06-30T03:42:15
11087-3,11087,52762,Where do I send the package back to?,True,2025-06-30T08:41:15
11087-4,11087,902,"Thanks for confirming, I've closed this out on our end.",True,2025-06-30T12:15:15
11087-5,11087,52762,"OK thank you, that answers my question.",True,2025-06-30T13:24:15
11088-1,11088,50973,This is a formal request for a copy of all personal data you have on file for me.,True,2025-08-13T21:32:20
11088-2,11088,917,"Thanks for the details, give me a moment to check on this.",True,2025-08-14T01:27:20
11088-3,11088,50973,Can you confirm in writing once it's complete?,True,2025-08-14T04:27:20
11088-4,11088,917,"Thanks for the details, give me a moment to check on this.",True,2025-08-14T06:13:20
11088-5,11088,50973,"OK, still waiting to hear back.",True,2025-08-14T08:59:20
11088-6,11088,917,"Thanks for confirming, I've closed this out on our end.",True,2025-08-14T10:38:20
11088-7,11088,50973,"Perfect, thank you.",True,2025-08-14T11:09:20
11089-1,11089,51264,"Hi, could you send me an invoice for order #549721? I need it for accounting.",True,2025-06-21T23:18:55
11089-2,11089,910,"I'm sorry for the trouble, checking your account now.",True,2025-06-22T03:18:55
11089-3,11089,51264,Can it include the VAT breakdown?,True,2025-06-22T04:40:55
11089-4,11089,910,"I understand the frustration, let's get this sorted out.",True,2025-06-22T08:24:55
11089-5,11089,51264,Any news?,True,2025-06-22T10:42:55
11089-6,11089,910,"I'm sorry for the trouble, checking your account now.",True,2025-06-22T11:02:55
11089-7,11089,51264,"OK, still waiting to hear back.",True,2025-06-22T14:05:55
11089-8,11089,910,"I've resolved this on our end, please let us know if you need anything else.",True,2025-06-22T15:10:55
11089-9,11089,51264,Thanks for the help!,True,2025-06-22T15:32:55
11090-1,11090,53038,"Hi, my delivery is running late, I ordered the running shoes over a week ago.",True,2025-06-30T03:23:56
11090-2,11090,921,"Thanks for the details, give me a moment to check on this.",True,2025-06-30T03:50:56
11090-3,11090,53038,"It's been 4 extra days now, this is getting frustrating.",True,2025-06-30T05:45:56
11090-4,11090,921,"I understand the frustration, let's get this sorted out.",True,2025-06-30T06:48:56
11090-5,11090,53038,"OK, still waiting to hear back.",True,2025-06-30T07:39:56
11090-6,11090,921,"I understand the frustration, let's get this sorted out.",True,2025-06-30T08:02:56
11090-7,11090,53038,Any news?,True,2025-06-30T11:19:56
11091-1,11091,50997,The graphic t-shirt I received feels much cheaper than it looked in teh photos.,True,2025-07-20T19:14:23
11091-2,11091,922,"I understand the frustration, let's get this sorted out.",True,2025-07-20T20:26:23
11091-3,11091,50997,"Actually, sorry, let me explain the real issue. Hi, I was supposed to get a discount but my order #810420 was charged full price.",True,2025-07-20T21:08:23
11091-4,11091,922,"I'm sorry for the trouble, checking your account now.",True,2025-07-21T01:18:23
11091-5,11091,50997,"OK, still waiting to hear back.",True,2025-07-21T02:15:23
11091-6,11091,922,"Thanks for confirming, I've closed this out on our end.",True,2025-07-21T03:37:23
11091-7,11091,50997,Thanks for the help!,True,2025-07-21T05:32:23
11092-1,11092,52638,The denim jacket I received feels much cheaper than it looked in the photos.,True,2025-06-24T06:49:13
11092-2,11092,909,"Thanks for reaching out, let me look into this for you.",True,2025-06-24T08:08:13
11092-3,11092,52638,"Actually, sorry, let me explain the real issue. Hi, I didn't get loyalty points for my last order #421689, can you check why?",True,2025-06-24T10:00:13
11092-4,11092,909,"I'm sorry for the trouble, checking your account now.",True,2025-06-24T14:03:13
11092-5,11092,52638,Following up on this.,True,2025-06-24T14:25:13
11092-6,11092,909,"This has been taken care of, apologies again for the inconvenience.",True,2025-06-24T16:35:13
11092-7,11092,52638,"Great, appreciate the quick resolution.",True,2025-06-24T18:07:13
11093-1,11093,52690,"Hello, just checking on the status of order #648126, it's been a few days and I haven't heard anything.",True,2025-08-12T08:30:49
11093-2,11093,902,"I'm sorry for the trouble, checking your account now.",True,2025-08-12T08:51:49
11093-3,11093,52690,"Still no movement on teh tracking page, is that normal?",True,2025-08-12T13:17:49
11093-4,11093,902,"Thanks for reaching out, let me look into this for you.",True,2025-08-12T15:16:49
11093-5,11093,52690,Following up on this.,True,2025-08-12T17:42:49
11093-6,11093,902,"This has been taken care of, apologies again for the inconvenience.",True,2025-08-12T18:49:49
11093-7,11093,52690,"Perfect, thank you.",True,2025-08-12T18:59:49
11094-1,11094,52404,"I returned my order #634570 13 days ago and haven't seen a refund yet, can you check?",True,2025-08-07T06:56:32
11094-2,11094,908,"I understand the frustration, let's get this sorted out.",True,2025-08-07T09:49:32
11094-3,11094,52404,"Actually, sorry, let me explain the real issue. Hi, I need to update the email address on my account.",True,2025-08-07T12:38:32
11094-4,11094,908,"All set on our side now, thanks for your patience.",True,2025-08-07T13:42:32
11094-5,11094,52404,"Perfect, thank you.",True,2025-08-07T14:52:32
11095-1,11095,52710,"Hi, I need to update the email address on my account.",True,2025-06-04T00:01:23
11095-2,11095,912,"I understand the frustration, let's get this sorted out.",True,2025-06-04T00:13:23
11095-3,11095,52710,Is this something I can do myself in settings?,True,2025-06-04T02:19:23
11095-4,11095,912,"Thanks for reaching out, let me look into this for you.",True,2025-06-04T06:04:23
11095-5,11095,52710,"OK, still waiting to hear back.",True,2025-06-04T06:49:23
11095-6,11095,912,"I understand the frustration, let's get this sorted out.",True,2025-06-04T10:08:23
11095-7,11095,52710,"OK, still waiting to hear back.",True,2025-06-04T13:00:23
11095-8,11095,912,"All set on our side now, thanks for your patience.",True,2025-06-04T14:40:23
11095-9,11095,52710,Thanks for the help!,True,2025-06-04T15:08:23
11096-1,11096,53095,"Hi, I've had several issues with my last few orders and I'm not happy with the service.",True,2025-06-25T07:13:18
11096-2,11096,907,"I'm sorry for the trouble, checking your account now.",True,2025-06-25T09:48:18
11096-3,11096,53095,This isn't the first time either.,True,2025-06-25T11:07:18
11096-4,11096,907,"I understand the frustration, let's get this sorted out.",True,2025-06-25T11:33:18
11096-5,11096,53095,Following up on this.,True,2025-06-25T12:18:18
11096-6,11096,907,"All set on our side now, thanks for your patience.",True,2025-06-25T15:18:18
11096-7,11096,53095,"Perfect, thank you.",True,2025-06-25T15:25:18
11097-1,11097,51208,"Quick question, is the graphic t-shirt compatible with older devices?",True,2025-07-11T09:02:23
11097-2,11097,912,"Thanks for the details, give me a moment to check on this.",True,2025-07-11T10:12:23
11097-3,11097,51208,"Actually, sorry, let me explain the real issue. Hi, I'm getting a payment error and can't finish my order.",True,2025-07-11T11:38:23
11097-4,11097,912,"Thanks for confirming, I've closed this out on our end.",True,2025-07-11T16:02:23
11097-5,11097,51208,Thanks for the help!,True,2025-07-11T17:07:23
11098-1,11098,53189,I got refunded for order #149289 but the amount is way less than what I paid.,True,2025-06-15T07:02:20
11098-2,11098,900,"I understand the frustration, let's get this sorted out.",True,2025-06-15T10:24:20
11098-3,11098,53189,I paid $72 and only got a fraction of that back.,True,2025-06-15T12:45:20
11099-1,11099,52436,Order #523565 was supposed to arrive on Jul 05 and it's still not here. What's going on?,True,2025-07-24T16:37:36
11099-2,11099,923,"Thanks for the details, give me a moment to check on this.",True,2025-07-24T19:58:36
11099-3,11099,52436,"Actually, sorry, let me explain the real issue. My card keeps getting declined when I try to check out, even though there are funds available.",True,2025-07-24T22:13:36
11099-4,11099,923,"I understand the frustration, let's get this sorted out.",True,2025-07-25T00:38:36
11099-5,11099,52436,"OK, still waiting to hear back.",True,2025-07-25T02:23:36
11099-6,11099,923,"Thanks for reaching out, let me look into this for you.",True,2025-07-25T04:43:36
11099-7,11099,52436,Any news?,True,2025-07-25T05:35:36
11099-8,11099,923,"Thanks for confirming, I've closed this out on our end.",True,2025-07-25T07:19:36
11099-9,11099,52436,Thanks for the help!,True,2025-07-25T07:31:36
11100-1,11100,50810,"Hi, when will I get my money back for the item I sent back?",True,2025-07-03T05:32:56
11100-2,11100,923,"I'm sorry for the trouble, checking your account now.",True,2025-07-03T06:16:56
11100-3,11100,50810,It's been longer than the timeline you gave me.,True,2025-07-03T07:29:56
11101-1,11101,52002,"Hi, my order arrived and the bluetooth speaker is broken, it won't turn on at all.",True,2025-07-07T14:12:41
11101-2,11101,903,"I'm sorry for the trouble, checking your account now.",True,2025-07-07T17:04:41
11101-3,11101,52002,"I've tried everything, it's definitely faulty.",True,2025-07-07T20:21:41
11101-4,11101,903,"Thanks for confirming, I've closed this out on our end.",True,2025-07-08T01:17:41
11101-5,11101,52002,Thanks for the help!,True,2025-07-08T01:37:41
11102-1,11102,52338,Order #930583 was supposed to arrive on Jun 22 and it's still not here. What's going on?,True,2025-06-25T14:07:47
11102-2,11102,922,"I understand the frustration, let's get this sorted out.",True,2025-06-25T14:51:47
11102-3,11102,52338,"It's been 6 extra days now, this is getting frustrating.",True,2025-06-25T19:32:47
11102-4,11102,922,"All set on our side now, thanks for your patience.",True,2025-06-25T22:50:47
11102-5,11102,52338,"Great, appreciate the quick resolution.",True,2025-06-25T22:59:47
11103-1,11103,53381,"I want to file a complaint, my overall experience with this order has been really disappointing.",True,2025-08-03T03:19:13
11103-2,11103,911,"I understand the frustration, let's get this sorted out.",True,2025-08-03T03:35:13
11103-3,11103,53381,This isn't the first time either.,True,2025-08-03T08:05:13
11103-4,11103,911,"Thanks for the details, give me a moment to check on this.",True,2025-08-03T12:05:13
11103-5,11103,53381,Any news?,True,2025-08-03T13:21:13
11103-6,11103,911,"All set on our side now, thanks for your patience.",True,2025-08-03T14:04:13
11103-7,11103,53381,"OK thank you, that answers my question.",True,2025-08-03T15:39:13
11104-1,11104,51599,"Hi, I think I entered the wrong address for order #396025, could you update it before it ships?",True,2025-06-23T07:49:02
11104-2,11104,908,"Thanks for the details, give me a moment to check on this.",True,2025-06-23T09:51:02
11104-3,11104,51599,Has the address been updated yet?,True,2025-06-23T13:07:02
11104-4,11104,908,"Thanks for the details, give me a moment to check on this.",True,2025-06-23T15:13:02
11104-5,11104,51599,Any news?,True,2025-06-23T18:09:02
11105-1,11105,53467,"I returned my order #949164 5 days ago and haven't seen a refund yet, can yuo check?",True,2025-06-15T07:19:55
11105-2,11105,908,"I'm sorry for the trouble, checking your account now.",True,2025-06-15T10:52:55
11105-3,11105,53467,My bank still shows no refund received.,True,2025-06-15T12:14:55
11105-4,11105,908,"I've resolved this on our end, please let us know if you need anything else.",True,2025-06-15T13:37:55
11105-5,11105,53467,"OK thank you, that answers my question.",True,2025-06-15T15:12:55
11106-1,11106,50891,Order #813448 shows as delivered but I never received anything. I've checked with neighbours and the building office.,True,2025-07-30T01:56:52
11106-2,11106,904,"I understand the frustration, let's get this sorted out.",True,2025-07-30T05:22:52
11106-3,11106,50891,Can you open an investigation with the carrier?,True,2025-07-30T07:47:52
11106-4,11106,904,"Thanks for the details, give me a moment to check on this.",True,2025-07-30T10:33:52
11106-5,11106,50891,Following up on this.,True,2025-07-30T13:45:52
11107-1,11107,52019,"Hi, I can't log into my account, it keeps saying my password is wrong even after resetting it.",True,2025-08-01T23:47:46
11107-2,11107,922,"I'm sorry for the trouble, checking your account now.",True,2025-08-01T23:58:46
11107-3,11107,52019,I've tried clearing my cache and cookies too.,True,2025-08-02T01:57:46
11107-4,11107,922,"Thanks for confirming, I've closed this out on our end.",True,2025-08-02T03:13:46
11107-5,11107,52019,"Perfect, thank you.",True,2025-08-02T05:02:46
11108-1,11108,51377,The running shoes I ordered stopped working after 3 days of normal use.,True,2025-06-08T08:26:10
11108-2,11108,921,"I'm sorry for the trouble, checking your account now.",True,2025-06-08T11:05:10
11108-3,11108,51377,Can I get a replacement or refund?,True,2025-06-08T11:34:10
11108-4,11108,921,"Thanks for the details, give me a moment to check on this.",True,2025-06-08T14:13:10
11108-5,11108,51377,Any news?,True,2025-06-08T16:53:10
11108-6,11108,921,"This has been taken care of, apologies again for the inconvenience.",True,2025-06-08T17:46:10
11108-7,11108,51377,"OK thank you, that answers my question.",True,2025-06-08T18:47:10
11109-1,11109,52863,"Hi, could you send me an invoice for order #578996? I need it for accounting.",True,2025-08-08T10:47:14
11109-2,11109,908,"Thanks for the details, give me a moment to check on this.",True,2025-08-08T11:12:14
11109-3,11109,52863,Can it include teh VAT breakdown?,True,2025-08-08T12:23:14
11109-4,11109,908,"This has been taken care of, apologies again for the inconvenience.",True,2025-08-08T15:47:14
11109-5,11109,52863,"Perfect, thank you.",True,2025-08-08T16:00:14
11110-1,11110,53593,"Hi, I've had several issues with my last few orders and I'm not happy with the service.",True,2025-07-05T19:55:50
11110-2,11110,918,"I'm sorry for the trouble, checking your account now.",True,2025-07-05T22:23:50
11110-3,11110,53593,"Actually, sorry, let me explain the real issue. The password reset link you sent isn't working, can you help me get back in?",True,2025-07-05T23:06:50
11110-4,11110,918,"I'm sorry for the trouble, checking your account now.",True,2025-07-06T03:19:50
11110-5,11110,53593,Any news?,True,2025-07-06T05:28:50
11110-6,11110,918,"This has been taken care of, apologies again for the inconvenience.",True,2025-07-06T06:36:50
11110-7,11110,53593,"OK thank you, that answers my question.",True,2025-07-06T07:59:50
11111-1,11111,50211,"Hi, before I order the yoga mat, does it come in a larger size?",True,2025-08-02T20:02:29
11111-2,11111,924,"I'm sorry for the trouble, checking your account now.",True,2025-08-02T22:07:29
11111-3,11111,50211,"Actually, sorry, let me explain the real issue. Order #491242 was supposed to arrive on Jul 13 and it's still not here. What's going on?",True,2025-08-02T23:45:29
11111-4,11111,924,"Thanks for reaching out, let me look into this for you.",True,2025-08-03T01:15:29
11111-5,11111,50211,Following up on this.,True,2025-08-03T03:38:29
11111-6,11111,924,"Thanks for the details, give me a moment to check on this.",True,2025-08-03T04:59:29
11111-7,11111,50211,"OK, still waiting to hear back.",True,2025-08-03T05:55:29
11112-1,11112,50960,"Hi, my order arrived and the sunglasses is broken, it won't turn on at all. I ordered the sunglasses but received a completely different item.",True,2025-06-30T20:12:51
11112-2,11112,906,"Thanks for reaching out, let me look into this for you.",True,2025-06-30T21:07:51
11112-3,11112,50960,"I've tried everything, it's definitely faulty.",True,2025-07-01T01:59:51
11112-4,11112,906,"Thanks for the details, give me a moment to check on this.",True,2025-07-01T05:51:51
11112-5,11112,50960,Any news?,True,2025-07-01T06:18:51
11112-6,11112,906,"Thanks for reaching out, let me look into this for you.",True,2025-07-01T07:54:51
11112-7,11112,50960,Following up on this.,True,2025-07-01T08:47:51
11112-8,11112,906,"This has been taken care of, apologies again for the inconvenience.",True,2025-07-01T10:08:51
11112-9,11112,50960,Thanks for the help!,True,2025-07-01T10:16:51
11113-1,11113,52869,"Hi, my order arrived adn the bluetooth speaker is broken, it won't turn on at all.",True,2025-07-02T00:12:43
11113-2,11113,925,"I understand the frustration, let's get this sorted out.",True,2025-07-02T01:20:43
11113-3,11113,52869,Can I get a replacement or refund?,True,2025-07-02T05:01:43
11113-4,11113,925,"Thanks for confirming, I've closed this out on our end.",True,2025-07-02T08:32:43
11113-5,11113,52869,Thanks for the help!,True,2025-07-02T09:20:43
11114-1,11114,51263,The graphic t-shirt I ordered stopped working after 2 days of normal use.,True,2025-06-21T13:37:41
11114-2,11114,925,"Thanks for the details, give me a moment to check on this.",True,2025-06-21T14:31:41
11114-3,11114,51263,Can I get a replacement or refund?,True,2025-06-21T16:24:41
11115-1,11115,51808,"The password reset link you sent isn't working, can you help me get back in?",True,2025-07-21T22:46:43
11115-2,11115,917,"I understand the frustration, let's get this sorted out.",True,2025-07-22T02:18:43
11115-3,11115,51808,I've tried clearing my cache and cookies too.,True,2025-07-22T06:22:43
11115-4,11115,917,"I understand the frustration, let's get this sorted out.",True,2025-07-22T09:00:43
11115-5,11115,51808,"OK, still waiting to hear back.",True,2025-07-22T11:49:43
11115-6,11115,917,"I understand the frustration, let's get this sorted out.",True,2025-07-22T14:46:43
11115-7,11115,51808,Following up on this.,True,2025-07-22T17:13:43
11115-8,11115,917,"Thanks for confirming, I've closed this out on our end.",True,2025-07-22T18:44:43
11115-9,11115,51808,Thanks for the help!,True,2025-07-22T18:55:43
11116-1,11116,51766,"Hi, my order arrived adn teh smartwatch is broken, it won't turn on at all.",True,2025-08-01T12:16:42
11116-2,11116,923,"Thanks for reaching out, let me look into this for you.",True,2025-08-01T13:49:42
11116-3,11116,51766,Can I get a replacement or refund?,True,2025-08-01T18:19:42
11116-4,11116,923,"Thanks for confirming, I've closed this out on our end.",True,2025-08-01T21:40:42
11116-5,11116,51766,"Great, appreciate the quick resolution.",True,2025-08-01T23:40:42
11117-1,11117,50853,"I returned my order #607266 4 days ago and haven't seen a refund yet, can you check?",True,2025-06-11T17:21:09
11117-2,11117,910,"Thanks for reaching out, let me look into this for you.",True,2025-06-11T18:55:09
11117-3,11117,50853,It's been longer than the timeline you gave me.,True,2025-06-11T22:13:09
11117-4,11117,910,"I understand the frustration, let's get this sorted out.",True,2025-06-12T01:17:09
11117-5,11117,50853,"OK, still waiting to hear back.",True,2025-06-12T01:32:09
11117-6,11117,910,"I've resolved this on our end, please let us know if you need anything else.",True,2025-06-12T04:10:09
11117-7,11117,50853,"Perfect, thank you.",True,2025-06-12T06:07:09
11118-1,11118,50126,"Hi, I was supposed to get a discount but my order #357834 was charged full price.",True,2025-06-25T10:54:04
11118-2,11118,906,"I understand the frustration, let's get this sorted out.",True,2025-06-25T12:07:04
11118-3,11118,50126,The code was definitely still valid.,True,2025-06-25T16:02:04
11118-4,11118,906,"Thanks for confirming, I've closed this out on our end.",True,2025-06-25T19:50:04
11118-5,11118,50126,"Perfect, thank you.",True,2025-06-25T20:07:04
11119-1,11119,50208,"Hi, the quality of this item really doesn't match the product description on the site.",True,2025-07-24T19:36:05
11119-2,11119,925,"I understand the frustration, let's get this sorted out.",True,2025-07-24T23:34:05
11119-3,11119,50208,It just doesn't feel like a $65 item.,True,2025-07-25T03:27:05
11119-4,11119,925,"I understand the frustration, let's get this sorted out.",True,2025-07-25T04:17:05
11119-5,11119,50208,Any news?,True,2025-07-25T07:28:05
11119-6,11119,925,"Thanks for reaching out, let me look into this for you.",True,2025-07-25T08:55:05
11119-7,11119,50208,Any news?,True,2025-07-25T12:14:05
11120-1,11120,53114,"I just opened my package for order #612788 and the bluetooth speaker is missing, only the rest of the items were inside.",True,2025-06-28T23:58:04
11120-2,11120,917,"I'm sorry for the trouble, checking your account now.",True,2025-06-29T00:24:04
11120-3,11120,53114,"I checked the box twice, it's definitely not there.",True,2025-06-29T01:43:04
11120-4,11120,917,"I'm sorry for the trouble, checking your account now.",True,2025-06-29T06:21:04
11120-5,11120,53114,Any news?,True,2025-06-29T07:02:04
11120-6,11120,917,"Thanks for reaching out, let me look into this for you.",True,2025-06-29T09:36:04
11120-7,11120,53114,Any news?,True,2025-06-29T09:49:04
11121-1,11121,51185,What benefits come with the premium membership tier?,True,2025-07-17T13:17:16
11121-2,11121,922,"I understand the frustration, let's get this sorted out.",True,2025-07-17T14:59:16
11121-3,11121,51185,Do points expire after a certain time?,True,2025-07-17T15:12:16
11121-4,11121,922,"This has been taken care of, apologies again for the inconvenience.",True,2025-07-17T18:03:16
11121-5,11121,51185,Thanks for the help!,True,2025-07-17T19:21:16
11122-1,11122,51802,Where can I download a receipt for my recent purchase?,True,2025-08-23T19:08:50
11122-2,11122,920,"I understand the frustration, let's get this sorted out.",True,2025-08-23T21:16:50
11122-3,11122,51802,I need this fairly soon for my records.,True,2025-08-23T21:49:50
11122-4,11122,920,"All set on our side now, thanks for your patience.",True,2025-08-23T23:03:50
11122-5,11122,51802,"Great, appreciate the quick resolution.",True,2025-08-24T00:56:50
11123-1,11123,50289,"Hi, the color/size I received doesn't match order #644638 at all.",True,2025-06-27T04:05:36
11123-2,11123,915,"Thanks for the details, give me a moment to check on this.",True,2025-06-27T07:05:36
11123-3,11123,50289,"Actually, sorry, let me explain the real issue. Hi, the courier says my package for order #644638 was delivered but it's nowhere to be found.",True,2025-06-27T07:35:36
11123-4,11123,915,"I'm sorry for the trouble, checking your account now.",True,2025-06-27T11:44:36
11123-5,11123,50289,Following up on this.,True,2025-06-27T14:39:36
11123-6,11123,915,"All set on our side now, thanks for your patience.",True,2025-06-27T16:39:36
11123-7,11123,50289,Thanks for the help!,True,2025-06-27T16:48:36
11124-1,11124,50828,"Hi, I can't log into my account, it keeps saying my password is wrong even after resetting it.",True,2025-06-15T18:23:51
11124-2,11124,918,"Thanks for reaching out, let me look into this for you.",True,2025-06-15T18:55:51
11124-3,11124,50828,"Actually, sorry, let me explain the real issue. Hi, the courier says my package for order #369424 was delivered but it's nowhere to be found.",True,2025-06-15T23:25:51
11124-4,11124,918,"All set on our side now, thanks for your patience.",True,2025-06-16T04:07:51
11124-5,11124,50828,"Great, appreciate the quick resolution.",True,2025-06-16T04:59:51
11125-1,11125,51407,I got refunded for order #365238 but the amount is way less than what I paid.,True,2025-07-08T12:10:38
11125-2,11125,902,"I understand the frustration, let's get this sorted out.",True,2025-07-08T13:06:38
11125-3,11125,51407,I paid $148 and only got a fraction of that back.,True,2025-07-08T14:01:38
11125-4,11125,902,"I understand the frustration, let's get this sorted out.",True,2025-07-08T17:34:38
11125-5,11125,51407,Following up on this.,True,2025-07-08T18:47:38
11125-6,11125,902,"Thanks for the details, give me a moment to check on this.",True,2025-07-08T19:49:38
11125-7,11125,51407,Following up on this.,True,2025-07-08T23:00:38
11125-8,11125,902,"All set on our side now, thanks for your patience.",True,2025-07-09T01:27:38
11125-9,11125,51407,"OK thank you, that answers my question.",True,2025-07-09T01:40:38
11126-1,11126,52836,This might not be the right place but I wasn't sure where else to send this.,True,2025-08-08T06:20:37
11126-2,11126,903,"I'm sorry for the trouble, checking your account now.",True,2025-08-08T08:56:37
11126-3,11126,52836,Sorry if this isn't the right department.,True,2025-08-08T12:27:37
11126-4,11126,903,"Thanks for reaching out, let me look into this for you.",True,2025-08-08T17:05:37
11126-5,11126,52836,Following up on this.,True,2025-08-08T19:19:37
11126-6,11126,903,"I'm sorry for the trouble, checking your account now.",True,2025-08-08T21:26:37
11126-7,11126,52836,Any news?,True,2025-08-08T23:27:37
11126-8,11126,903,"I've resolved this on our end, please let us know if you need anything else.",True,2025-08-09T02:01:37
11126-9,11126,52836,Thanks for the help!,True,2025-08-09T02:17:37
11127-1,11127,53506,I used the code SAVE10 but it didn't apply any discount at checkout.,True,2025-08-18T15:09:08
11127-2,11127,923,"Thanks for reaching out, let me look into this for you.",True,2025-08-18T17:40:08
11127-3,11127,53506,Can you apply it retroactively or refund the difference?,True,2025-08-18T20:10:08
11127-4,11127,923,"Thanks for the details, give me a moment to check on this.",True,2025-08-18T22:56:08
11127-5,11127,53506,Following up on this.,True,2025-08-19T00:52:08
11127-6,11127,923,"I've resolved this on our end, please let us know if you need anything else.",True,2025-08-19T01:48:08
11127-7,11127,53506,"Perfect, thank you.",True,2025-08-19T02:43:08
11128-1,11128,52464,The desk lamp I ordered stopped working after 4 days of normal use.,True,2025-07-03T02:43:02
11128-2,11128,906,"Thanks for reaching out, let me look into this for you.",True,2025-07-03T03:48:02
11128-3,11128,52464,Can I get a replacement or refund?,True,2025-07-03T08:11:02
11128-4,11128,906,"Thanks for the details, give me a moment to check on this.",True,2025-07-03T11:01:02
11128-5,11128,52464,Following up on this.,True,2025-07-03T11:27:02
11128-6,11128,906,"I'm sorry for the trouble, checking your account now.",True,2025-07-03T12:47:02
11128-7,11128,52464,"OK, still waiting to hear back.",True,2025-07-03T13:12:02
11128-8,11128,906,"This has been taken care of, apologies again for the inconvenience.",True,2025-07-03T14:34:02
11128-9,11128,52464,"Perfect, thank you.",True,2025-07-03T16:15:02
11129-1,11129,53020,"The password reset link you sent isn't working, can you help me get back in?",True,2025-07-17T22:06:03
11129-2,11129,907,"I understand the frustration, let's get this sorted out.",True,2025-07-17T22:14:03
11129-3,11129,53020,I've tried clearing my cache and cookies too.,True,2025-07-18T02:31:03
11129-4,11129,907,"This has been taken care of, apologies again for the inconvenience.",True,2025-07-18T04:10:03
11129-5,11129,53020,"OK thank you, that answers my question.",True,2025-07-18T04:31:03
11130-1,11130,51053,"Hi, when will I get my money back for the item I sent back?",True,2025-07-10T19:53:08
11130-2,11130,914,"Thanks for reaching out, let me look into this for you.",True,2025-07-10T21:47:08
11130-3,11130,51053,It's been longer than the timeline you gave me.,True,2025-07-11T00:50:08
11130-4,11130,914,"I'm sorry for the trouble, checking your account now.",True,2025-07-11T02:05:08
11130-5,11130,51053,Following up on this.,True,2025-07-11T04:13:08
11131-1,11131,51043,"I returned my order #595504 13 days ago and haven't seen a refund yet, can you check?",True,2025-07-22T19:51:03
11131-2,11131,907,"Thanks for reaching out, let me look into this for you.",True,2025-07-22T23:42:03
11131-3,11131,51043,It's been longer than the timeline you gave me.,True,2025-07-23T00:59:03
11131-4,11131,907,"This has been taken care of, apologies again for the inconvenience.",True,2025-07-23T02:05:03
11131-5,11131,51043,"Perfect, thank you.",True,2025-07-23T03:22:03
11132-1,11132,50345,Order #285886 was supposed to arrive on Jul 07 adn it's still not here. What's going on?,True,2025-07-09T08:36:43
11132-2,11132,925,"I'm sorry for the trouble, checking your account now.",True,2025-07-09T09:45:43
11132-3,11132,50345,Do you have an updated delivery estimate?,True,2025-07-09T13:15:43
11132-4,11132,925,"I understand the frustration, let's get this sorted out.",True,2025-07-09T14:47:43
11132-5,11132,50345,"OK, still waiting to hear back.",True,2025-07-09T17:27:43
11132-6,11132,925,"I've resolved this on our end, please let us know if you need anything else.",True,2025-07-09T18:41:43
11132-7,11132,50345,Thanks for the help!,True,2025-07-09T20:06:43
11133-1,11133,52940,How many days do I have to return something after delivery?,True,2025-06-15T07:25:29
11133-2,11133,916,"Thanks for the details, give me a moment to check on this.",True,2025-06-15T09:48:29
11133-3,11133,52940,Does that apply to sale items too?,True,2025-06-15T11:49:29
11133-4,11133,916,"I've resolved this on our end, please let us know if you need anything else.",True,2025-06-15T12:06:29
11133-5,11133,52940,"OK thank you, that answers my question.",True,2025-06-15T13:36:29
11134-1,11134,51826,"I returned my order #602723 12 days ago and haven't seen a refund yet, can you check?",True,2025-07-04T15:34:35
11134-2,11134,910,"Thanks for the details, give me a moment to check on this.",True,2025-07-04T16:26:35
11134-3,11134,51826,My bank still shows no refund received.,True,2025-07-04T19:49:35
11134-4,11134,910,"Thanks for the details, give me a moment to check on this.",True,2025-07-04T23:30:35
11134-5,11134,51826,Any news?,True,2025-07-04T23:56:35
11134-6,11134,910,"I understand the frustration, let's get this sorted out.",True,2025-07-05T01:21:35
11134-7,11134,51826,"OK, still waiting to hear back.",True,2025-07-05T04:39:35
11134-8,11134,910,"All set on our side now, thanks for your patience.",True,2025-07-05T06:14:35
11134-9,11134,51826,"Great, appreciate the quick resolution.",True,2025-07-05T07:22:35
11135-1,11135,53226,"Hi, my order arrived and the desk lamp is broken, it won't turn on at all. I ordered the desk lamp but received a completely different item.",True,2025-07-16T11:36:25
11135-2,11135,923,"I'm sorry for the trouble, checking your account now.",True,2025-07-16T14:41:25
11135-3,11135,53226,Can I get a replacement or refund?,True,2025-07-16T18:40:25
11136-1,11136,50035,Order #197078 was supposed to arrive on Aug 19 and it's still not here. What's going on?,True,2025-08-28T08:39:56
11136-2,11136,918,"Thanks for reaching out, let me look into this for you.",True,2025-08-28T09:53:56
11136-3,11136,50035,"It's been 7 extra days now, this is getting frustrating.",True,2025-08-28T12:28:56
11136-4,11136,918,"Thanks for confirming, I've closed this out on our end.",True,2025-08-28T16:17:56
11136-5,11136,50035,Thanks for the help!,True,2025-08-28T16:27:56
11137-1,11137,50499,"Hi, teh color/size I received doesn't match order #255823 at all.",True,2025-06-19T05:35:23
11137-2,11137,900,"I understand the frustration, let's get this sorted out.",True,2025-06-19T06:58:23
11137-3,11137,50499,Should I send this one back first?,True,2025-06-19T08:16:23
11137-4,11137,900,"All set on our side now, thanks for your patience.",True,2025-06-19T08:39:23
11137-5,11137,50499,Thanks for the help!,True,2025-06-19T09:09:23
11138-1,11138,52700,"Hi, I was only refunded part of my order, can you check what happened?",True,2025-07-16T09:42:25
11138-2,11138,921,"I'm sorry for the trouble, checking your account now.",True,2025-07-16T11:06:25
11138-3,11138,52700,I paid $144 and only got a fraction of that back.,True,2025-07-16T14:56:25
11138-4,11138,921,"I'm sorry for the trouble, checking your account now.",True,2025-07-16T19:55:25
11138-5,11138,52700,Any news?,True,2025-07-16T22:17:25
11138-6,11138,921,"All set on our side now, thanks for your patience.",True,2025-07-17T00:36:25
11138-7,11138,52700,Thanks for the help!,True,2025-07-17T02:36:25
11139-1,11139,50676,"Hi, when will I get my money back for the item I sent back?",True,2025-06-17T18:44:24
11139-2,11139,918,"I understand the frustration, let's get this sorted out.",True,2025-06-17T20:06:24
11139-3,11139,50676,It's been longer than the timeline yuo gave me.,True,2025-06-18T00:52:24
11139-4,11139,918,"This has been taken care of, apologies again for the inconvenience.",True,2025-06-18T03:20:24
11139-5,11139,50676,"Perfect, thank you.",True,2025-06-18T03:57:24
11140-1,11140,50188,"Hi, my order arrived and the running shoes is broken, it won't turn on at all.",True,2025-08-27T01:19:19
11140-2,11140,911,"I understand the frustration, let's get this sorted out.",True,2025-08-27T03:37:19
11140-3,11140,50188,Can I get a replacement or refund?,True,2025-08-27T05:13:19
11140-4,11140,911,"Thanks for the details, give me a moment to check on this.",True,2025-08-27T07:31:19
11140-5,11140,50188,"OK, still waiting to hear back.",True,2025-08-27T07:45:19
11141-1,11141,52897,"Hi, before I order the leather wallet, does it come in a larger size?",True,2025-06-08T21:21:14
11141-2,11141,910,"I understand the frustration, let's get this sorted out.",True,2025-06-08T21:57:14
11141-3,11141,52897,Do you have a size guide I can check?,True,2025-06-08T23:44:14
11141-4,11141,910,"I'm sorry for the trouble, checking your account now.",True,2025-06-09T00:28:14
11141-5,11141,52897,Any news?,True,2025-06-09T02:44:14
11142-1,11142,53275,"Hi, quick question about your returns policy, can I return an item I already opened?",True,2025-06-20T13:48:06
11142-2,11142,900,"I'm sorry for the trouble, checking your account now.",True,2025-06-20T14:42:06
11142-3,11142,53275,Does that apply to sale items too?,True,2025-06-20T18:14:06
11142-4,11142,900,"This has been taken care of, apologies again for the inconvenience.",True,2025-06-20T18:58:06
11142-5,11142,53275,"Great, appreciate the quick resolution.",True,2025-06-20T19:13:06
11143-1,11143,51982,"Hi, my order arrived and the graphic t-shirt is broken, it won't turn on at all.",True,2025-06-11T05:32:11
11143-2,11143,905,"Thanks for reaching out, let me look into this for you.",True,2025-06-11T05:40:11
11143-3,11143,51982,"I've tried everything, it's definitely faulty.",True,2025-06-11T05:52:11
11143-4,11143,905,"I understand the frustration, let's get this sorted out.",True,2025-06-11T06:42:11
11143-5,11143,51982,"OK, still waiting to hear back.",True,2025-06-11T08:19:11
11143-6,11143,905,"Thanks for the details, give me a moment to check on this.",True,2025-06-11T09:13:11
11143-7,11143,51982,Following up on this.,True,2025-06-11T10:42:11
11143-8,11143,905,"This has been taken care of, apologies again for the inconvenience.",True,2025-06-11T11:53:11
11143-9,11143,51982,"OK thank you, that answers my question.",True,2025-06-11T13:38:11
11144-1,11144,51783,"Hi, I placed order #850289 on Jun 25 and I can't find any tracking info. Can you tell me where it is?",True,2025-07-13T08:14:40
11144-2,11144,919,"Thanks for reaching out, let me look into this for you.",True,2025-07-13T11:07:40
11144-3,11144,51783,Any update on this? It's been a while.,True,2025-07-13T15:56:40
11144-4,11144,919,"Thanks for reaching out, let me look into this for you.",True,2025-07-13T18:30:40
11144-5,11144,51783,"OK, still waiting to hear back.",True,2025-07-13T19:25:40
11144-6,11144,919,"I've resolved this on our end, please let us know if you need anything else.",True,2025-07-13T20:17:40
11144-7,11144,51783,"Perfect, thank you.",True,2025-07-13T20:25:40
11145-1,11145,50568,The bluetooth speaker I received feels much cheaper than it looked in the photos.,True,2025-07-02T21:14:11
11145-2,11145,921,"I'm sorry for the trouble, checking your account now.",True,2025-07-02T23:34:11
11145-3,11145,50568,Is this normal for this product line?,True,2025-07-03T01:09:11
11145-4,11145,921,"Thanks for reaching out, let me look into this for you.",True,2025-07-03T05:31:11
11145-5,11145,50568,Any news?,True,2025-07-03T06:02:11
11145-6,11145,921,"I've resolved this on our end, please let us know if you need anything else.",True,2025-07-03T08:06:11
11145-7,11145,50568,"OK thank you, that answers my question.",True,2025-07-03T09:53:11
11146-1,11146,53018,What's the process to send back an item I ordered? It doesn't fit.,True,2025-06-01T15:25:11
11146-2,11146,904,"Thanks for the details, give me a moment to check on this.",True,2025-06-01T15:40:11
11146-3,11146,53018,Where do I send the package back to?,True,2025-06-01T16:32:11
11147-1,11147,50317,"Hello, just checking on the status of order #459365, it's been a few days and I haven't heard anything.",True,2025-08-10T22:25:04
11147-2,11147,919,"Thanks for reaching out, let me look into this for you.",True,2025-08-11T00:24:04
11147-3,11147,50317,"Still no movement on the tracking page, is that normal?",True,2025-08-11T02:33:04
11147-4,11147,919,"This has been taken care of, apologies again for the inconvenience.",True,2025-08-11T06:54:04
11147-5,11147,50317,"OK thank you, that answers my question.",True,2025-08-11T07:02:04
11148-1,11148,50951,"Hi, I placed order #271358 on Aug 06 and I can't find any tracking info. Can you tell me where it is?",True,2025-08-21T12:54:00
11148-2,11148,910,"I'm sorry for the trouble, checking your account now.",True,2025-08-21T16:51:00
11148-3,11148,50951,Any update on this? It's been a while.,True,2025-08-21T18:07:00
11148-4,11148,910,"I've resolved this on our end, please let us know if you need anything else.",True,2025-08-21T21:21:00
11148-5,11148,50951,"Great, appreciate the quick resolution.",True,2025-08-21T23:11:00
11149-1,11149,50127,"Hi, when will I get my money back for the item I sent back?",True,2025-07-25T07:09:02
11149-2,11149,902,"Thanks for reaching out, let me look into this for you.",True,2025-07-25T09:15:02
11149-3,11149,50127,My bank stil shows no refund received.,True,2025-07-25T10:10:02
11150-1,11150,52583,Where can I download a receipt for my recent purchase?,True,2025-08-21T09:29:50
11150-2,11150,921,"Thanks for reaching out, let me look into this for you.",True,2025-08-21T11:52:50
11150-3,11150,52583,"Actually, sorry, let me explain the real issue. I got refunded for order #969750 but the amount is way less than what I paid.",True,2025-08-21T12:33:50
11150-4,11150,921,"Thanks for the details, give me a moment to check on this.",True,2025-08-21T15:03:50
11150-5,11150,52583,Any news?,True,2025-08-21T18:11:50
11150-6,11150,921,"Thanks for confirming, I've closed this out on our end.",True,2025-08-21T20:28:50
11150-7,11150,52583,"OK thank you, that answers my question.",True,2025-08-21T21:32:50
11151-1,11151,51097,How many days do I have to return something after delivry?,True,2025-06-03T15:19:06
11151-2,11151,918,"Thanks for reaching out, let me look into this for you.",True,2025-06-03T17:23:06
11151-3,11151,51097,Does that apply to sale items too?,True,2025-06-03T18:39:06
11151-4,11151,918,"Thanks for the details, give me a moment to check on this.",True,2025-06-03T20:34:06
11151-5,11151,51097,Any news?,True,2025-06-03T23:44:06
11151-6,11151,918,"This has been taken care of, apologies again for the inconvenience.",True,2025-06-04T00:52:06
11151-7,11151,51097,"OK thank you, that answers my question.",True,2025-06-04T01:53:06
11152-1,11152,52528,"Hi, my delivery is running late, I ordered the phone case over a week ago.",True,2025-07-29T15:33:44
11152-2,11152,911,"I'm sorry for the trouble, checking your account now.",True,2025-07-29T16:26:44
11152-3,11152,52528,Do you have an updated delivery estimate?,True,2025-07-29T19:29:44
11152-4,11152,911,"Thanks for the details, give me a moment to check on this.",True,2025-07-29T21:02:44
11152-5,11152,52528,Following up on this.,True,2025-07-29T21:19:44
11152-6,11152,911,"Thanks for confirming, I've closed this out on our end.",True,2025-07-29T22:31:44
11152-7,11152,52528,"OK thank you, that answers my question.",True,2025-07-30T00:01:44
11153-1,11153,51171,The desk lamp I ordered stopped working after 14 days of normal use.,True,2025-07-12T09:46:15
11153-2,11153,908,"I understand the frustration, let's get this sorted out.",True,2025-07-12T12:40:15
11153-3,11153,51171,"I've tried everything, it's definitely faulty.",True,2025-07-12T16:17:15
11153-4,11153,908,"This has been taken care of, apologies again for the inconvenience.",True,2025-07-12T17:46:15
11153-5,11153,51171,"Great, appreciate the quick resolution.",True,2025-07-12T19:37:15
11154-1,11154,53490,"Hi, my order arrived but it's short one item, the box wasn't damaged so I'm not sure what happened.",True,2025-06-18T16:44:15
11154-2,11154,903,"I'm sorry for the trouble, checking your account now.",True,2025-06-18T18:16:15
11154-3,11154,53490,"I checked the box twice, it's definitely not there.",True,2025-06-18T21:58:15
11154-4,11154,903,"I'm sorry for the trouble, checking your account now.",True,2025-06-19T02:38:15
11154-5,11154,53490,"OK, still waiting to hear back.",True,2025-06-19T03:43:15
11154-6,11154,903,"All set on our side now, thanks for your patience.",True,2025-06-19T05:26:15
11154-7,11154,53490,"Perfect, thank you.",True,2025-06-19T06:06:15
11155-1,11155,51109,"Hello, just checking on the status of order #456027, it's been a few days and I haven't heard anything.",True,2025-06-08T15:36:04
11155-2,11155,909,"Thanks for the details, give me a moment to check on this.",True,2025-06-08T17:57:04
11155-3,11155,51109,"Actually, sorry, let me explain the real issue. The password reset link you sent isn't working, can yuo help me get back in?",True,2025-06-08T19:38:04
11156-1,11156,51030,The denim jacket I ordered stopped working after 6 days of normal use.,True,2025-06-17T04:55:37
11156-2,11156,921,"Thanks for the details, give me a moment to check on this.",True,2025-06-17T07:06:37
11156-3,11156,51030,Can I get a replacement or refund?,True,2025-06-17T08:16:37
11156-4,11156,921,"Thanks for reaching out, let me look into this for you.",True,2025-06-17T10:28:37
11156-5,11156,51030,Any news?,True,2025-06-17T12:36:37
11156-6,11156,921,"Thanks for the details, give me a moment to check on this.",True,2025-06-17T13:16:37
11156-7,11156,51030,Following up on this.,True,2025-06-17T15:00:37
11156-8,11156,921,"This has been taken care of, apologies again for the inconvenience.",True,2025-06-17T15:29:37
11156-9,11156,51030,"Perfect, thank you.",True,2025-06-17T17:23:37
11157-1,11157,50199,The desk lamp I ordered stopped working after 5 days of normal use.,True,2025-08-13T23:30:56
11157-2,11157,910,"I understand the frustration, let's get this sorted out.",True,2025-08-14T00:36:56
11157-3,11157,50199,Can I get a replacement or refund?,True,2025-08-14T05:19:56
11157-4,11157,910,"I've resolved this on our end, please let us know if you need anything else.",True,2025-08-14T06:55:56
11157-5,11157,50199,"OK thank you, that answers my question.",True,2025-08-14T07:34:56
11158-1,11158,52971,I ordered the graphic t-shirt but received a completely different item.,True,2025-08-18T17:26:38
11158-2,11158,900,"Thanks for the details, give me a moment to check on this.",True,2025-08-18T19:09:38
11158-3,11158,52971,Should I send this one back first?,True,2025-08-18T19:23:38
11158-4,11158,900,"Thanks for the details, give me a moment to check on this.",True,2025-08-18T20:12:38
11158-5,11158,52971,"OK, still waiting to hear back.",True,2025-08-18T22:14:38
11158-6,11158,900,"I've resolved this on our end, please let us know if you need anything else.",True,2025-08-18T23:53:38
11158-7,11158,52971,"Great, appreciate the quick resolution.",True,2025-08-19T00:11:38
11159-1,11159,50333,"My card keeps getting declined when I try to check out, even though there are funds available.",True,2025-08-22T19:25:16
11159-2,11159,913,"I understand the frustration, let's get this sorted out.",True,2025-08-22T19:45:16
11159-3,11159,50333,"Actually, sorry, let me explain the real issue. What's the process to send back an item I ordered? It doesn't fit.",True,2025-08-22T20:35:16
11159-4,11159,913,"Thanks for confirming, I've closed this out on our end.",True,2025-08-22T23:16:16
11159-5,11159,50333,"OK thank you, that answers my question.",True,2025-08-23T00:40:16
11160-1,11160,50132,"Hi, my order arrived but it's short one item, the box wasn't damaged so I'm not sure what happened.",True,2025-06-27T00:35:05
11160-2,11160,901,"Thanks for reaching out, let me look into this for you.",True,2025-06-27T02:28:05
11160-3,11160,50132,Can you send the missing item or refund it?,True,2025-06-27T05:39:05
11160-4,11160,901,"Thanks for the details, give me a moment to check on this.",True,2025-06-27T08:33:05
11160-5,11160,50132,Any news?,True,2025-06-27T10:39:05
11160-6,11160,901,"Thanks for confirming, I've closed this out on our end.",True,2025-06-27T13:37:05
11160-7,11160,50132,"OK thank you, that answers my question.",True,2025-06-27T14:09:05
11161-1,11161,51392,"Quick question, is teh leather wallet compatible with older devices?",True,2025-07-23T07:37:30
11161-2,11161,910,"Thanks for the details, give me a moment to check on this.",True,2025-07-23T07:52:30
11161-3,11161,51392,Do you have a size guide I can check?,True,2025-07-23T09:53:30
11161-4,11161,910,"All set on our side now, thanks for your patience.",True,2025-07-23T14:37:30
11161-5,11161,51392,"Great, appreciate the quick resolution.",True,2025-07-23T16:26:30
11162-1,11162,53582,"Hi, the color/size I received doesn't match order #749039 at all.",True,2025-08-09T20:37:35
11162-2,11162,904,"Thanks for reaching out, let me look into this for you.",True,2025-08-09T22:05:35
11162-3,11162,53582,"Actually, sorry, let me explain teh real issue. Hi, could you send me an invoice for order #749039? I need it for accounting.",True,2025-08-09T23:42:35
11162-4,11162,904,"Thanks for confirming, I've closed this out on our end.",True,2025-08-10T00:58:35
11162-5,11162,53582,"Perfect, thank you.",True,2025-08-10T01:42:35
11163-1,11163,53500,"Hi, quick question about your returns policy, can I return an item I already opened?",True,2025-06-27T16:55:03
11163-2,11163,908,"I'm sorry for the trouble, checking your account now.",True,2025-06-27T19:44:03
11163-3,11163,53500,Is there a restocking fee?,True,2025-06-27T23:54:03
11163-4,11163,908,"Thanks for confirming, I've closed this out on our end.",True,2025-06-28T02:53:03
11163-5,11163,53500,"Perfect, thank you.",True,2025-06-28T04:25:03
11164-1,11164,51990,"Hi, the quality of this item really doesn't match the product description on the site. Hi, my order arrived and the bluetooth speaker is broken, it won't turn on at all.",True,2025-08-08T05:16:51
11164-2,11164,908,"Thanks for the details, give me a moment to check on this.",True,2025-08-08T08:47:51
11164-3,11164,51990,It just doesn't feel like a $58 item.,True,2025-08-08T10:23:51
11164-4,11164,908,"I'm sorry for the trouble, checking your account now.",True,2025-08-08T14:38:51
11164-5,11164,51990,Any news?,True,2025-08-08T17:27:51
11164-6,11164,908,"Thanks for confirming, I've closed this out on our end.",True,2025-08-08T20:01:51
11164-7,11164,51990,"Great, appreciate the quick resolution.",True,2025-08-08T20:47:51
11165-1,11165,50582,What's the process to send back an item I ordered? It doesn't fit.,True,2025-07-31T12:13:33
11165-2,11165,901,"I understand the frustration, let's get this sorted out.",True,2025-07-31T12:54:33
11165-3,11165,50582,Where do I send the package back to?,True,2025-07-31T17:52:33
11165-4,11165,901,"This has been taken care of, apologies again for the inconvenience.",True,2025-07-31T22:40:33
11165-5,11165,50582,"OK thank you, that answers my question.",True,2025-08-01T00:11:33
11166-1,11166,50288,"Order #384289 was supposed to arrive on Jul 08 and it's still not here. What's going on? Hi, the courier says my package for order #384289 was delivered but it's nowhere to be found.",True,2025-07-10T12:55:47
11166-2,11166,909,"I understand the frustration, let's get this sorted out.",True,2025-07-10T15:14:47
11166-3,11166,50288,Do you have an updated delivery estimate?,True,2025-07-10T17:00:47
11166-4,11166,909,"I'm sorry for the trouble, checking your account now.",True,2025-07-10T20:25:47
11166-5,11166,50288,"OK, still waiting to hear back.",True,2025-07-10T23:23:47
11166-6,11166,909,"Thanks for reaching out, let me look into this for you.",True,2025-07-11T02:30:47
11166-7,11166,50288,"OK, still waiting to hear back.",True,2025-07-11T03:53:47
11167-1,11167,51004,"Quick question, is the leather wallet compatible with older devices?",True,2025-08-07T04:09:51
11167-2,11167,906,"I'm sorry for the trouble, checking your account now.",True,2025-08-07T04:27:51
11167-3,11167,51004,"Also, what material is it made from?",True,2025-08-07T04:45:51
11168-1,11168,50128,The laptop sleeve I received feels much cheaper than it looked in the photos.,True,2025-07-08T19:40:31
11168-2,11168,918,"Thanks for the details, give me a moment to check on this.",True,2025-07-08T21:01:31
11168-3,11168,50128,It just doesn't feel like a $215 item.,True,2025-07-08T21:40:31
11168-4,11168,918,"Thanks for reaching out, let me look into this for you.",True,2025-07-08T23:58:31
11168-5,11168,50128,Any news?,True,2025-07-09T02:45:31
11168-6,11168,918,"Thanks for the details, give me a moment to check on this.",True,2025-07-09T05:53:31
11168-7,11168,50128,Any news?,True,2025-07-09T06:54:31
11168-8,11168,918,"I've resolved this on our end, please let us know if you need anything else.",True,2025-07-09T10:13:31
11168-9,11168,50128,Thanks for the help!,True,2025-07-09T12:13:31
11169-1,11169,50962,"Hi, my delivery is running late, I ordered the smartwatch over a week ago.",True,2025-08-06T14:10:48
11169-2,11169,901,"Thanks for the details, give me a moment to check on this.",True,2025-08-06T15:35:48
11169-3,11169,50962,Do yuo have an updated delivery estimate?,True,2025-08-06T15:59:48
11170-1,11170,52589,"Hi, could you send me an invoice for order #600707? I need it for accounting.",True,2025-06-28T00:42:19
11170-2,11170,903,"I understand the frustration, let's get this sorted out.",True,2025-06-28T03:45:19
11170-3,11170,52589,Can it include the VAT breakdown?,True,2025-06-28T06:02:19
11170-4,11170,903,"Thanks for confirming, I've closed this out on our end.",True,2025-06-28T08:36:19
11170-5,11170,52589,"Perfect, thank you.",True,2025-06-28T09:02:19
11171-1,11171,51859,"Hi, my order arrived and the sunglasses is broken, it won't turn on at all.",True,2025-06-15T15:17:23
11171-2,11171,914,"Thanks for reaching out, let me look into this for you.",True,2025-06-15T16:47:23
11171-3,11171,51859,Can I get a replacement or refund?,True,2025-06-15T19:18:23
11171-4,11171,914,"Thanks for the details, give me a moment to check on this.",True,2025-06-15T22:49:23
11171-5,11171,51859,Any news?,True,2025-06-16T00:15:23
11171-6,11171,914,"This has been taken care of, apologies again for the inconvenience.",True,2025-06-16T01:29:23
11171-7,11171,51859,Thanks for the help!,True,2025-06-16T02:04:23
11172-1,11172,51241,"My card keeps getting declined when I try to check out, even though there are funds available.",True,2025-08-19T23:53:54
11172-2,11172,904,"I understand the frustration, let's get this sorted out.",True,2025-08-20T01:58:54
11172-3,11172,51241,I've tried two different cards now.,True,2025-08-20T05:05:54
11172-4,11172,904,"Thanks for the details, give me a moment to check on this.",True,2025-08-20T06:18:54
11172-5,11172,51241,Any news?,True,2025-08-20T08:04:54
11172-6,11172,904,"I'm sorry for the trouble, checking your account now.",True,2025-08-20T08:25:54
11172-7,11172,51241,Any news?,True,2025-08-20T10:23:54
11172-8,11172,904,"All set on our side now, thanks for your patience.",True,2025-08-20T11:09:54
11172-9,11172,51241,Thanks for the help!,True,2025-08-20T13:09:54
11173-1,11173,51890,I ordered the desk lamp but received a completely different item.,True,2025-06-03T22:53:53
11173-2,11173,915,"I'm sorry for the trouble, checking your account now.",True,2025-06-04T01:28:53
11173-3,11173,51890,"Actually, sorry, let me explain the real issue. Where can I download a receipt for my recent purchase?",True,2025-06-04T02:22:53
11174-1,11174,53560,How many days do I have to return something after delivery?,True,2025-08-08T16:06:25
11174-2,11174,904,"I understand the frustration, let's get this sorted out.",True,2025-08-08T19:21:25
11174-3,11174,53560,Is there a restocking fee?,True,2025-08-08T20:27:25
11174-4,11174,904,"I understand the frustration, let's get this sorted out.",True,2025-08-08T23:43:25
11174-5,11174,53560,Any news?,True,2025-08-09T00:13:25
11174-6,11174,904,"All set on our side now, thanks for your patience.",True,2025-08-09T02:09:25
11174-7,11174,53560,"Great, appreciate the quick resolution.",True,2025-08-09T02:19:25
11175-1,11175,51399,"Hi, the smartwatch shows as out of stock, do you know when it'll be available again?",True,2025-06-29T13:02:07
11175-2,11175,918,"I understand the frustration, let's get this sorted out.",True,2025-06-29T14:42:07
11175-3,11175,51399,"Actually, sorry, let me explain the real issue. Hi, I think I entered the wrong address for order #222229, could you update it before it ships?",True,2025-06-29T18:18:07
11175-4,11175,918,"I understand the frustration, let's get this sorted out.",True,2025-06-29T22:07:07
11175-5,11175,51399,Any news?,True,2025-06-30T01:26:07
11175-6,11175,918,"I understand the frustration, let's get this sorted out.",True,2025-06-30T03:58:07
11175-7,11175,51399,Any news?,True,2025-06-30T06:36:07
11175-8,11175,918,"Thanks for confirming, I've closed this out on our end.",True,2025-06-30T09:07:07
11175-9,11175,51399,"OK thank you, that answers my question.",True,2025-06-30T10:25:07
11176-1,11176,50239,"I just opened my package for order #314817 and teh phone case is missing, only the rest of the items were inside.",True,2025-07-28T01:38:03
11176-2,11176,911,"Thanks for reaching out, let me look into this for you.",True,2025-07-28T04:59:03
11176-3,11176,50239,Can you send the missing item or refund it?,True,2025-07-28T06:05:03
11176-4,11176,911,"I understand the frustration, let's get this sorted out.",True,2025-07-28T07:01:03
11176-5,11176,50239,Any news?,True,2025-07-28T08:13:03
11176-6,11176,911,"All set on our side now, thanks for your patience.",True,2025-07-28T11:17:03
11176-7,11176,50239,"Perfect, thank you.",True,2025-07-28T12:47:03
11177-1,11177,50711,"Hi, when will I get my money back for the item I sent back?",True,2025-06-18T03:55:22
11177-2,11177,906,"Thanks for reaching out, let me look into this for you.",True,2025-06-18T04:16:22
11177-3,11177,50711,It's been longer than the timeline you gave me.,True,2025-06-18T06:58:22
11177-4,11177,906,"I'm sorry for the trouble, checking your account now.",True,2025-06-18T08:59:22
11177-5,11177,50711,"OK, still waiting to hear back.",True,2025-06-18T11:09:22
11177-6,11177,906,"I'm sorry for the trouble, checking your account now.",True,2025-06-18T11:23:22
11177-7,11177,50711,Any news?,True,2025-06-18T12:05:22
11177-8,11177,906,"Thanks for confirming, I've closed this out on our end.",True,2025-06-18T14:29:22
11177-9,11177,50711,"OK thank you, that answers my question.",True,2025-06-18T15:12:22
11178-1,11178,53436,Is there any way to get notified when the smartwatch is restocked?,True,2025-07-21T16:19:32
11178-2,11178,913,"I understand the frustration, let's get this sorted out.",True,2025-07-21T17:48:32
11178-3,11178,53436,"I really want this before Jul 20, is that realistic?",True,2025-07-21T19:09:32
11179-1,11179,52686,How many days do I have to return something after delivery?,True,2025-06-08T03:42:29
11179-2,11179,905,"Thanks for the details, give me a moment to check on this.",True,2025-06-08T06:24:29
11179-3,11179,52686,Does that apply to sale items too?,True,2025-06-08T10:39:29
11179-4,11179,905,"Thanks for confirming, I've closed this out on our end.",True,2025-06-08T15:08:29
11179-5,11179,52686,"Perfect, thank you.",True,2025-06-08T17:01:29
11180-1,11180,50823,"Hi, my delivery is running late, I ordered the backpack over a week ago.",True,2025-06-05T11:35:45
11180-2,11180,921,"I'm sorry for the trouble, checking your account now.",True,2025-06-05T14:28:45
11180-3,11180,50823,Do you have an updated delivery estimate?,True,2025-06-05T15:57:45
11180-4,11180,921,"Thanks for the details, give me a moment to check on this.",True,2025-06-05T19:56:45
11180-5,11180,50823,Any news?,True,2025-06-05T21:52:45
11180-6,11180,921,"Thanks for the details, give me a moment to check on this.",True,2025-06-05T22:27:45
11180-7,11180,50823,Following up on this.,True,2025-06-05T22:49:45
11180-8,11180,921,"Thanks for confirming, I've closed this out on our end.",True,2025-06-06T00:02:45
11180-9,11180,50823,"OK thank you, that answers my question.",True,2025-06-06T01:11:45
11181-1,11181,52871,"The password reset link you sent isn't working, can you help me get back in?",True,2025-06-14T19:31:18
11181-2,11181,924,"Thanks for reaching out, let me look into this for you.",True,2025-06-14T20:19:18
11181-3,11181,52871,Is there another way to verify my identity?,True,2025-06-14T21:06:18
11181-4,11181,924,"Thanks for confirming, I've closed this out on our end.",True,2025-06-14T22:17:18
11181-5,11181,52871,"Perfect, thank you.",True,2025-06-14T23:14:18
11182-1,11182,51672,"Hi, my delivery is running late, I ordered the desk lamp over a week ago.",True,2025-08-16T09:08:22
11182-2,11182,911,"I'm sorry for the trouble, checking your account now.",True,2025-08-16T13:00:22
11182-3,11182,51672,Do you have an updated delivery estimate?,True,2025-08-16T17:58:22
11183-1,11183,50314,The yoga mat I ordered stopped working after 7 days of normal use.,True,2025-08-23T14:37:34
11183-2,11183,923,"I understand the frustration, let's get this sorted out.",True,2025-08-23T17:52:34
11183-3,11183,50314,"I've tried everything, it's definitely faulty.",True,2025-08-23T22:25:34
11183-4,11183,923,"Thanks for the details, give me a moment to check on this.",True,2025-08-23T23:47:34
11183-5,11183,50314,"OK, still waiting to hear back.",True,2025-08-24T02:28:34
11183-6,11183,923,"Thanks for reaching out, let me look into this for you.",True,2025-08-24T04:16:34
11183-7,11183,50314,Following up on this.,True,2025-08-24T04:55:34
11183-8,11183,923,"Thanks for confirming, I've closed this out on our end.",True,2025-08-24T06:17:34
11183-9,11183,50314,"OK thank you, that answers my question.",True,2025-08-24T06:25:34
11184-1,11184,52889,"I returned my order #100751 15 days ago and haven't seen a refund yet, can you check?",True,2025-06-04T18:51:59
11184-2,11184,916,"I understand the frustration, let's get this sorted out.",True,2025-06-04T22:10:59
11184-3,11184,52889,My bank still shows no refund received.,True,2025-06-05T01:42:59
11184-4,11184,916,"I'm sorry for the trouble, checking your account now.",True,2025-06-05T03:15:59
11184-5,11184,52889,Any news?,True,2025-06-05T06:10:59
11184-6,11184,916,"Thanks for the details, give me a moment to check on this.",True,2025-06-05T07:17:59
11184-7,11184,52889,Following up on this.,True,2025-06-05T08:31:59
11185-1,11185,52372,"Quick question, is the sneakers compatible with older devices?",True,2025-07-02T15:08:25
11185-2,11185,920,"I understand the frustration, let's get this sorted out.",True,2025-07-02T18:42:25
11185-3,11185,52372,"Also, what material is it made from?",True,2025-07-02T20:35:25
11185-4,11185,920,"I've resolved this on our end, please let us know if you need anything else.",True,2025-07-02T21:23:25
11185-5,11185,52372,"Perfect, thank you.",True,2025-07-02T22:43:25
11186-1,11186,53056,"I returned my order #627028 3 days ago and haven't seen a refund yet, can you check?",True,2025-06-05T13:23:48
11186-2,11186,907,"I understand the frustration, let's get this sorted out.",True,2025-06-05T17:02:48
11186-3,11186,53056,My bank still shows no refund received.,True,2025-06-05T18:17:48
11186-4,11186,907,"Thanks for reaching out, let me look into this for you.",True,2025-06-05T22:47:48
11186-5,11186,53056,Any news?,True,2025-06-06T01:21:48
11186-6,11186,907,"Thanks for reaching out, let me look into this for you.",True,2025-06-06T03:43:48
11186-7,11186,53056,"OK, still waiting to hear back.",True,2025-06-06T05:11:48
11186-8,11186,907,"Thanks for confirming, I've closed this out on our end.",True,2025-06-06T05:44:48
11186-9,11186,53056,"Perfect, thank you.",True,2025-06-06T06:04:48
11187-1,11187,50167,"Hello, just checking on the status of order #136618, it's been a few days and I haven't heard anything.",True,2025-07-23T18:49:42
11187-2,11187,900,"Thanks for the details, give me a moment to check on this.",True,2025-07-23T21:01:42
11187-3,11187,50167,"Still no movement on the tracking page, is that normal?",True,2025-07-23T23:15:42
11187-4,11187,900,"Thanks for the details, give me a moment to check on this.",True,2025-07-23T23:41:42
11187-5,11187,50167,"OK, still waiting to hear back.",True,2025-07-24T00:17:42
11187-6,11187,900,"All set on our side now, thanks for your patience.",True,2025-07-24T00:54:42
11187-7,11187,50167,"OK thank you, that answers my question.",True,2025-07-24T02:12:42
11188-1,11188,50054,The bluetooth speaker I ordered stopped working after 12 days of normal use.,True,2025-08-24T21:06:42
11188-2,11188,911,"Thanks for reaching out, let me look into this for you.",True,2025-08-25T00:22:42
11188-3,11188,50054,"I've tried everything, it's definitely faulty.",True,2025-08-25T03:02:42
11188-4,11188,911,"Thanks for confirming, I've closed this out on our end.",True,2025-08-25T05:36:42
11188-5,11188,50054,Thanks for the help!,True,2025-08-25T07:00:42
11189-1,11189,51011,"Hi, when will I get my money back for the item I sent back?",True,2025-07-11T17:55:43
11189-2,11189,917,"Thanks for the details, give me a moment to check on this.",True,2025-07-11T21:19:43
11189-3,11189,51011,It's been longer than the timeline you gave me.,True,2025-07-11T21:37:43
11189-4,11189,917,"I understand the frustration, let's get this sorted out.",True,2025-07-12T01:47:43
11189-5,11189,51011,Any news?,True,2025-07-12T03:10:43
11189-6,11189,917,"This has been taken care of, apologies again for the inconvenience.",True,2025-07-12T06:11:43
11189-7,11189,51011,Thanks for the help!,True,2025-07-12T06:18:43
11190-1,11190,52595,Is there any way to get notified when the sneakers is restocked?,True,2025-08-14T13:00:28
11190-2,11190,919,"Thanks for the details, give me a moment to check on this.",True,2025-08-14T15:26:28
11190-3,11190,52595,"I really want this before Aug 01, is that realistic?",True,2025-08-14T16:36:28
11190-4,11190,919,"Thanks for reaching out, let me look into this for you.",True,2025-08-14T18:40:28
11190-5,11190,52595,Any news?,True,2025-08-14T19:09:28
11190-6,11190,919,"All set on our side now, thanks for your patience.",True,2025-08-14T21:29:28
11190-7,11190,52595,"OK thank you, that answers my question.",True,2025-08-14T22:30:28
11191-1,11191,53126,Order #565474 was supposed to arrive on May 26 and it's still not here. What's going on?,True,2025-06-06T09:03:58
11191-2,11191,901,"I understand the frustration, let's get this sorted out.",True,2025-06-06T11:13:58
11191-3,11191,53126,"Actually, sorry, let me explain the real issue. I was charged twice for order #565474, can you refund the duplicate?",True,2025-06-06T12:19:58
11191-4,11191,901,"Thanks for confirming, I've closed this out on our end.",True,2025-06-06T13:58:58
11191-5,11191,53126,"Great, appreciate the quick resolution.",True,2025-06-06T14:11:58
11192-1,11192,51059,"I moved recently and my order #339997 is still set to go to my old address, can this be fixed?",True,2025-08-03T04:54:47
11192-2,11192,922,"I'm sorry for the trouble, checking your account now.",True,2025-08-03T07:15:47
11192-3,11192,51059,Has the address been updated yet?,True,2025-08-03T10:10:47
11192-4,11192,922,"Thanks for the details, give me a moment to check on this.",True,2025-08-03T10:44:47
11192-5,11192,51059,"OK, still waiting to hear back.",True,2025-08-03T11:20:47
11192-6,11192,922,"Thanks for confirming, I've closed this out on our end.",True,2025-08-03T11:58:47
11192-7,11192,51059,"Great, appreciate the quick resolution.",True,2025-08-03T13:03:47
11193-1,11193,51174,"I returned my order #793128 15 days ago and haven't seen a refund yet, can you check? I was charged twice for order #793128, can you refund the duplicate?",True,2025-06-04T08:59:41
11193-2,11193,923,"I understand the frustration, let's get this sorted out.",True,2025-06-04T10:10:41
11193-3,11193,51174,It's been longer than the timeline you gave me.,True,2025-06-04T13:05:41
11193-4,11193,923,"Thanks for reaching out, let me look into this for you.",True,2025-06-04T17:35:41
11193-5,11193,51174,Following up on this.,True,2025-06-04T18:48:41
11193-6,11193,923,"Thanks for the details, give me a moment to check on this.",True,2025-06-04T20:14:41
11193-7,11193,51174,"OK, still waiting to hear back.",True,2025-06-04T22:00:41
11193-8,11193,923,"This has been taken care of, apologies again for the inconvenience.",True,2025-06-05T01:06:41
11193-9,11193,51174,"Great, appreciate the quick resolution.",True,2025-06-05T02:50:41
11194-1,11194,50219,"Hi, I can't log into my account, it keeps saying my password is wrong even after resetting it.",True,2025-08-18T14:30:56
11194-2,11194,910,"I'm sorry for the trouble, checking your account now.",True,2025-08-18T15:26:56
11194-3,11194,50219,"Actually, sorry, let me explain the real issue. Hi, I didn't get loyalty points for my last order #857561, can you check why?",True,2025-08-18T17:53:56
11194-4,11194,910,"I understand the frustration, let's get this sorted out.",True,2025-08-18T22:31:56
11194-5,11194,50219,Following up on this.,True,2025-08-18T23:22:56
11194-6,11194,910,"Thanks for confirming, I've closed this out on our end.",True,2025-08-19T02:28:56
11194-7,11194,50219,"OK thank you, that answers my question.",True,2025-08-19T03:47:56
11195-1,11195,52591,"I returned my order #392667 14 days ago and haven't seen a refund yet, can you check?",True,2025-08-02T07:22:35
11195-2,11195,915,"I'm sorry for the trouble, checking your account now.",True,2025-08-02T08:06:35
11195-3,11195,52591,It's been longer than the timeline you gave me.,True,2025-08-02T10:39:35
11195-4,11195,915,"I'm sorry for the trouble, checking your account now.",True,2025-08-02T12:18:35
11195-5,11195,52591,Following up on this.,True,2025-08-02T13:03:35
11195-6,11195,915,"Thanks for reaching out, let me look into this for you.",True,2025-08-02T16:11:35
11195-7,11195,52591,"OK, still waiting to hear back.",True,2025-08-02T18:01:35
11195-8,11195,915,"All set on our side now, thanks for your patience.",True,2025-08-02T19:40:35
11195-9,11195,52591,Thanks for the help!,True,2025-08-02T21:36:35
11196-1,11196,50263,Can you help me change teh phone number linked to my account?,True,2025-06-29T23:19:34
11196-2,11196,917,"I understand the frustration, let's get this sorted out.",True,2025-06-30T00:02:34
11196-3,11196,50263,I want to make sure I still get order notifications after the change.,True,2025-06-30T04:15:34
11196-4,11196,917,"Thanks for confirming, I've closed this out on our end.",True,2025-06-30T04:29:34
11196-5,11196,50263,"OK thank you, that answers my question.",True,2025-06-30T05:20:34
11197-1,11197,50797,"Hello, just checking on the status of order #538122, it's been a few days and I haven't heard anything.",True,2025-08-12T05:59:23
11197-2,11197,904,"I'm sorry for the trouble, checking your account now.",True,2025-08-12T08:18:23
11197-3,11197,50797,"Actually, sorry, let me explain the real issue. I want to file a complaint, my overall experience with this order has been really disappointing.",True,2025-08-12T10:15:23
11197-4,11197,904,"I'm sorry for the trouble, checking your account now.",True,2025-08-12T13:30:23
11197-5,11197,50797,Following up on this.,True,2025-08-12T15:53:23
11197-6,11197,904,"Thanks for confirming, I've closed this out on our end.",True,2025-08-12T18:49:23
11197-7,11197,50797,"Great, appreciate the quick resolution.",True,2025-08-12T19:53:23
11198-1,11198,50067,I got refunded for order #880371 but the amount is way less than what I paid.,True,2025-06-04T19:29:06
11198-2,11198,917,"Thanks for the details, give me a moment to check on this.",True,2025-06-04T21:45:06
11198-3,11198,50067,Can someone look into the difference?,True,2025-06-05T02:10:06
11199-1,11199,50389,"Hi, when will I get my money back for the item I sent back?",True,2025-08-02T18:36:06
11199-2,11199,901,"Thanks for the details, give me a moment to check on this.",True,2025-08-02T18:41:06
11199-3,11199,50389,"Actually, sorry, let me explain the real issue. This might not be the right place but I wasn't sure where else to send this.",True,2025-08-02T22:43:06
