id,subject,description,status,priority,type,via_channel,tags,requester_id,assignee_id,group_id,created_at,updated_at,true_category_id_triage,true_category_id_final,taxonomy_version,is_drift_case,is_ambiguous_case,ambiguous_with_category_id,is_injected_new_category
10000,Package hasn't arrived yet,"Hi, my delivry is running late, I ordered the yoga mat over a week ago.",solved,low,task,web_widget,web,52619,903,1,2025-06-26T00:48:15,2025-06-26T14:45:15,ORD-002,ORD-002,1,False,False,,False
10001,Package hasn't arrived yet,Order #496922 was supposed to arrive on Jul 09 and it's stil not here. What's going on?,solved,normal,incident,web_widget,,51083,925,1,2025-07-12T19:37:34,2025-07-13T01:53:34,ORD-002,ORD-002,1,False,False,,False
10002,When will this be back in stock?,"Hi, the leather wallet shows as out of stock, do you know when it'll be available again?",solved,normal,incident,web_widget,,50669,914,1,2025-08-24T05:32:40,2025-08-24T22:49:40,PRD-004,PRD-004,1,False,False,,False
10003,Package hasn't arrived yet,"Hi, my delivery is running late, I ordered the phone case over a week ago.",solved,normal,question,web_widget,ecommerce,53095,901,2,2025-06-14T21:53:40,2025-06-15T16:24:40,ORD-002,GEN-003,1,True,False,,False
10004,Address correction for #160738,"I moved recently and my order #160738 is still set to go to my old address, can this be fixed?",solved,low,incident,web_widget,,50458,911,2,2025-08-15T16:48:51,2025-08-16T13:42:51,ORD-005,ORD-005,1,False,False,,False
10005,Update my account details,"Hi, I need to update the email address on my account.",solved,low,problem,email,,50290,922,1,2025-06-21T20:07:04,2025-06-22T05:34:04,ACC-002,ACC-002,1,False,False,,False
10006,Still waiting on refund for #392075,"I returned my order #392075 15 days ago adn haven't seen a refund yet, can you check?",closed,low,question,web_widget,"ecommerce,vip",51018,906,1,2025-07-11T20:00:08,2025-07-12T12:31:08,RET-002,RET-002,1,False,False,,False
10007,Can't log in,"Hi, I can't log into my account, it keeps saying my password is wrong even after resetting it.",solved,normal,problem,web_widget,,50234,901,1,2025-07-16T18:29:58,2025-07-17T05:43:58,ACC-001,ACC-001,1,False,False,,False
10008,Where is my order?,"Hello, just checking on the status of order #323508, it's been a few days and I haven't heard anything.",pending,normal,incident,web_widget,"priority,vip",50038,914,1,2025-07-22T05:52:06,2025-07-22T15:34:06,ORD-001,ORD-001,1,False,False,,False
10009,Return policy question,"Hi, quick question about your returns policy, can I return an item I already opened?",solved,high,incident,web_widget,,50833,921,1,2025-06-25T00:40:32,2025-06-25T11:59:32,RET-004,RET-004,1,False,False,,False
10010,Tracking question,"Hello, just checking on the status of order #475190, it's been a few days and I haven't heard anything.",pending,low,question,web_widget,,51262,911,2,2025-08-12T11:09:55,2025-08-12T22:30:55,ORD-001,ORD-001,1,False,False,,False
10011,Partial refund issue,"Hi, I was only refunded part of my order, can you check what happened? Hi, the amount charged to my card doesn't match my order total, can you check?",solved,normal,incident,web_widget,"mobile_app,ecommerce",53516,915,1,2025-08-14T07:51:58,2025-08-14T21:08:58,RET-003,RET-003,1,False,True,PAY-002,False
10012,Card not working at checkout,"Hi, I'm getting a payment error and can't finish my order.",open,normal,incident,web_widget,mobile_app,52129,925,1,2025-08-05T11:37:47,2025-08-06T01:05:47,PAY-001,PAY-001,1,False,False,,False
10013,Incorrect charge amount,"Hi, the amount charged to my card doesn't match my order total, can you check?",solved,urgent,question,web_widget,"web,priority",52244,900,1,2025-06-20T03:09:27,2025-06-20T08:21:27,PAY-002,PAY-002,1,False,False,,False
10014,Delivery delay on #821024,Order #821024 was supposed to arrive on Jul 06 and it's still not here. What's going on?,closed,normal,problem,email,"mobile_app,priority",52942,922,1,2025-07-07T09:03:15,2025-07-08T07:25:15,ORD-002,RET-004,1,True,False,,False
10015,Incomplete package,"I just opened my package for order #435239 adn the running shoes is missing, only the rest of the items were inside.",solved,normal,task,email,priority,51124,914,1,2025-06-27T00:10:15,2025-06-27T21:11:15,ORD-004,ORD-004,1,False,False,,False
10016,Product arrived defective,The yoga mat I ordered stopped working after 8 days of normal use.,solved,normal,question,email,,52548,917,1,2025-07-06T20:45:37,2025-07-07T06:22:37,PRD-001,PRD-001,1,False,False,,False
10017,Partial refund issue,I got refunded for order #219946 but the amount is way less than what I paid.,solved,high,question,email,"ecommerce,vip",50816,900,1,2025-06-22T17:06:08,2025-06-23T05:17:08,RET-003,RET-003,1,False,False,,False
10018,This isn't what I ordered,"Hi, the color/size I received doesn't match order #113266 at all.",solved,low,task,web_widget,"mobile_app,vip",52182,913,1,2025-06-07T06:38:32,2025-06-07T15:07:32,PRD-002,PRD-002,1,False,False,,False
10019,Package hasn't arrived yet,Order #936587 was supposed to arrive on Jun 08 and it's still not here. What's going on?,closed,normal,problem,web_widget,"web,vip",50117,915,2,2025-06-17T13:14:31,2025-06-18T00:03:31,ORD-002,ORD-002,1,False,False,,False
10020,My order never arrived,Order #856321 shows as delivered but I never received anything. I've checked with neighbours and the building office.,solved,urgent,problem,email,,51441,922,1,2025-06-28T21:49:16,2025-06-29T04:54:16,ORD-003,ORD-003,1,False,False,,False
10021,Item stopped working,"Hi, my order arrived and teh laptop sleeve is broken, it won't turn on at all.",solved,low,task,web_widget,"ecommerce,web",52612,924,1,2025-08-19T10:29:00,2025-08-20T06:14:00,PRD-001,PRD-001,1,False,False,,False
10022,Tracking question,"Hello, just checking on the status of order #351516, it's been a few days and I haven't heard anything.",solved,low,incident,email,"web,vip",53124,906,1,2025-06-25T02:07:42,2025-06-25T11:41:42,ORD-001,ORD-001,1,False,False,,False
10023,Still waiting on refund for #385470,"I returned my order #385470 9 days ago and haven't seen a refund yet, can you check?",closed,normal,task,email,vip,51798,903,1,2025-06-28T16:17:44,2025-06-28T23:48:44,RET-002,RET-004,1,True,False,,False
10024,Delivery delay on #531641,Order #531641 was supposed to arrive on May 25 and it's still not here. What's going on?,solved,high,task,web_widget,"web,priority",51672,910,1,2025-06-10T12:30:54,2025-06-11T02:42:54,ORD-002,ORD-002,1,False,False,,False
10025,Where is my refund?,"Hi, when will I get my money back for the item I sent back?",solved,low,problem,email,"mobile_app,priority",52907,905,1,2025-06-02T05:52:35,2025-06-02T20:43:35,RET-002,RET-002,1,False,False,,False
10026,Card not working at checkout,"My card keeps getting declined when I try to check out, even though there are funds available.",open,normal,question,web_widget,"vip,ecommerce",51829,917,1,2025-07-01T06:13:35,2025-07-01T19:04:35,PAY-001,PAY-001,1,False,False,,False
10027,Tracking question,"Hello, just checking on the status of order #251157, it's been a few days and I haven't heard anything.",closed,normal,question,email,"ecommerce,mobile_app",53580,914,1,2025-08-22T20:53:29,2025-08-23T04:47:29,ORD-001,ORD-001,1,False,False,,False
10028,How do I return this?,What's the process to send back an item I ordered? It doesn't fit.,pending,normal,problem,email,,50681,922,1,2025-06-03T15:14:02,2025-06-03T23:25:02,RET-001,RET-001,1,False,False,,False
10029,Wrong address on order,"I moved recently and my order #544920 is still set to go to my old address, can this be fixed?",pending,normal,question,email,"mobile_app,vip",50302,914,2,2025-08-29T21:33:37,2025-08-30T03:28:37,ORD-005,ORD-005,1,False,False,,False
10030,Package hasn't arrived yet,Order #299367 was supposed to arrive on Jul 23 and it's still not here. What's going on?,solved,normal,problem,email,mobile_app,53177,925,1,2025-08-12T23:50:22,2025-08-13T06:42:22,ORD-002,ORD-002,1,False,False,,False
10031,Package hasn't arrived yet,"Hi, my delivery is running late, I ordered the sneakers over a week ago.",solved,normal,question,web_widget,,53303,909,2,2025-07-01T19:56:51,2025-07-02T08:37:51,ORD-002,ORD-002,1,False,False,,False
10032,Defective bluetooth speaker,The bluetooth speaker I ordered stopped working after 12 days of normal use.,solved,low,problem,web_widget,"vip,ecommerce",51246,915,1,2025-06-22T08:55:56,2025-06-22T19:23:56,PRD-001,PRD-001,1,False,False,,False
10033,Discount code not working,"Hi, I was supposed to get a discount but my order #196126 was charged full price.",solved,urgent,problem,email,,51630,908,1,2025-06-12T02:51:54,2025-06-12T08:54:54,PAY-004,PAY-004,1,False,False,,False
10034,Charged twice,"Hi, the amount charged to my card doesn't match my order total, can you check?",solved,normal,question,web_widget,ecommerce,52707,900,1,2025-07-03T14:35:50,2025-07-04T01:41:50,PAY-002,PAY-002,1,False,False,,False
10035,Order #763829 missing an item,"Hi, my order arrived but it's short one item, the box wasn't damaged so I'm not sure what happened.",solved,normal,incident,email,ecommerce,50330,910,1,2025-06-06T23:29:08,2025-06-07T08:12:08,ORD-004,GEN-002,1,True,False,,False
10036,Card not working at checkout,"My card keeps getting declined when I try to check out, even though there are funds available.",closed,low,question,web_widget,"vip,ecommerce",50373,902,1,2025-06-09T18:56:47,2025-06-10T02:02:47,PAY-001,PAY-001,1,False,False,,False
10037,Didn't get my discount,"Hi, I was supposed to get a discount but my order #904711 was charged full price.",open,low,incident,web_widget,vip,53123,908,1,2025-08-13T11:24:27,2025-08-14T02:24:27,PAY-004,PAY-004,1,False,False,,False
10038,Frustrated customer,"I want to file a complaint, my overall experience with this order has been really disappointing.",closed,low,task,web_widget,ecommerce,50644,911,1,2025-06-30T12:37:49,2025-07-01T00:20:49,GEN-001,GEN-001,1,False,False,,False
10039,My order is late,Order #321494 was supposed to arrive on May 31 and it's still not here. What's going on?,solved,normal,task,web_widget,ecommerce,50903,912,2,2025-06-05T23:40:00,2025-06-06T03:06:00,ORD-002,ORD-002,1,False,False,,False
10040,Coupon issue at checkout,"Hi, I was supposed to get a discount but my order #479430 was charged full price.",open,normal,incident,web_widget,,51330,905,2,2025-07-27T06:18:29,2025-07-27T15:48:29,PAY-004,PAY-004,1,False,False,,False
10041,Card not working at checkout,"Hi, I'm getting a payment error and can't finish my order.",solved,normal,problem,web_widget,mobile_app,51048,906,1,2025-06-14T21:56:48,2025-06-15T09:12:48,PAY-001,PAY-001,1,False,False,,False
10042,Tracking question,"Hi, I placed order #996840 on Aug 12 and I can't find any tracking info. Can you tell me where it is?",open,normal,incident,web_widget,mobile_app,51851,901,1,2025-08-15T16:52:18,2025-08-16T05:12:18,ORD-001,ORD-001,1,False,False,,False
10043,Duplicate charge on my card,"Hi, the amount charged to my card doesn't match my order total, can you check?",closed,normal,question,web_widget,web,51674,924,1,2025-07-25T10:06:03,2025-07-26T00:44:03,PAY-002,PAY-002,1,False,False,,False
10044,Refund status,"Hi, when will I get my money back for the item I sent back?",solved,normal,task,web_widget,,51482,900,1,2025-06-17T09:47:13,2025-06-17T22:45:13,RET-002,RET-002,1,False,False,,False
10045,Delivery delay on #811256,"Hi, my delivery is running late, I ordered the laptop sleeve over a week ago.",solved,high,question,web_widget,web,51267,925,2,2025-08-22T06:45:53,2025-08-23T00:45:53,ORD-002,ORD-002,1,False,False,,False
10046,My order is late,Order #434165 was supposed to arrive on Jun 04 adn it's still not here. What's going on?,solved,low,problem,web_widget,,51531,907,1,2025-06-08T10:16:23,2025-06-08T19:39:23,ORD-002,ORD-002,1,False,False,,False
10047,Refund doesn't match order #216242,"I got refunded for order #216242 but the amount is way less than what I paid. Hi, the amount charged to my card doesn't match my order total, can you check?",solved,low,task,email,ecommerce,50195,907,1,2025-08-12T06:17:39,2025-08-12T13:16:39,RET-003,RET-003,1,False,True,PAY-002,False
10048,Question before buying,"Quick question, is the desk lamp compatible with older devices?",closed,low,incident,email,vip,51462,925,1,2025-06-22T22:44:46,2025-06-23T07:51:46,PRD-003,PRD-003,1,False,False,,False
10049,Lost order #889882,"Hi, the courier says my package for order #889882 was delivered but it's nowhere to be found.",closed,normal,problem,web_widget,vip,52111,912,2,2025-07-20T10:16:30,2025-07-20T23:33:30,ORD-003,ORD-003,1,False,False,,False
10050,Out of stock item,Is there any way to get notified when the wireless headphones is restocked?,closed,low,problem,web_widget,"ecommerce,priority",51255,914,1,2025-07-09T18:51:10,2025-07-09T23:05:10,PRD-004,PRD-004,1,False,False,,False
10051,Card not working at checkout,"Hi, I'm getting a payment error and can't finish my order.",closed,low,question,web_widget,"mobile_app,ecommerce",52781,914,2,2025-07-04T20:40:28,2025-07-05T09:10:28,PAY-001,PAY-001,1,False,False,,False
10052,Question before buying,"Hi, before I order the sunglasses, does it come in a larger size?",pending,low,task,email,"mobile_app,web",53319,921,2,2025-08-29T19:12:20,2025-08-30T08:29:20,PRD-003,PRD-003,1,False,False,,False
10053,Quick question,"Hi, I have a question but I'm not totally sure it's the right team to ask.",solved,high,problem,web_widget,"vip,priority",53150,913,2,2025-06-07T17:06:08,2025-06-08T01:40:08,GEN-OTHER,GEN-OTHER,1,False,False,,False
10054,Received wrong product,"I ordered the denim jacket but recieved a completely different item. Hi, my order arrived and the denim jacket is broken, it won't turn on at all.",solved,low,task,web_widget,,52560,909,1,2025-06-09T12:05:32,2025-06-10T02:49:32,PRD-002,PRD-002,1,False,True,PRD-001,False
10055,Return process question,"Hi, I'd like to return the denim jacket from order #462147, can you send me a return label?",pending,normal,question,email,"mobile_app,priority",51393,919,1,2025-08-18T09:56:45,2025-08-18T20:21:45,RET-001,PRD-002,1,True,False,,False
10056,How long do I have to return an item?,"Hi, quick question about your returns policy, can I return an item I already opened?",closed,low,task,email,web,50881,918,1,2025-06-05T14:24:18,2025-06-06T01:51:18,RET-004,RET-004,1,False,False,,False
10057,Refund status,"Hi, when will I get my money back for the item I sent back? I was charged twice for order #933510, can you refund the duplicate?",closed,normal,task,email,mobile_app,52786,919,1,2025-08-28T18:06:06,2025-08-29T03:41:06,RET-002,RET-002,1,False,True,PAY-002,False
10058,Random query,This might not be the right place but I wasn't sure where else to send this.,closed,low,task,web_widget,,53341,900,1,2025-08-01T07:57:07,2025-08-01T15:48:07,GEN-OTHER,GEN-OTHER,1,False,False,,False
10059,Defective desk lamp,"Hi, my order arrived and the desk lamp is broken, it won't turn on at all.",solved,normal,task,web_widget,web,51691,922,1,2025-07-16T16:14:49,2025-07-17T06:58:49,PRD-001,PRD-001,1,False,False,,False
10060,Does this come in other sizes?,"Hi, before I order the leather wallet, does it come in a larger size?",solved,normal,incident,web_widget,,53257,923,1,2025-06-12T02:14:36,2025-06-12T14:48:36,PRD-003,PRD-003,1,False,False,,False
10061,Stock availability question,"Hi, the sunglasses shows as out of stock, do you know when it'll be available again?",closed,normal,task,email,,50410,913,1,2025-07-13T23:58:06,2025-07-14T12:08:06,PRD-004,GEN-OTHER,1,True,False,,False
10062,Where is my order?,"Hello, just checking on the status of order #270387, it's been a few days and I haven't heard anything.",closed,low,problem,email,,53485,916,1,2025-06-18T13:12:51,2025-06-19T04:46:51,ORD-001,ORD-001,1,False,False,,False
10063,Stock availability question,"Hi, the desk lamp shows as out of stock, do you know when it'll be available again?",pending,low,task,web_widget,ecommerce,52735,903,1,2025-06-15T12:54:25,2025-06-16T03:56:25,PRD-004,PRD-004,1,False,False,,False
10064,Return policy question,"Hi, quick question about your returns policy, can I return an item I already opened?",solved,normal,question,email,"ecommerce,web",52310,903,1,2025-07-20T20:21:57,2025-07-21T08:55:57,RET-004,RET-004,1,False,False,,False
10065,Not happy with my experience,"Hi, I've had several issues with my last few orders and I'm not happy with the service.",open,normal,incident,email,,51735,911,2,2025-07-20T06:11:03,2025-07-20T11:51:03,GEN-001,GEN-001,1,False,False,,False
10066,Wrong refund amount,"Hi, I was only refunded part of my order, can you check what happened?",solved,low,question,web_widget,,53419,900,2,2025-08-29T01:32:19,2025-08-29T06:28:19,RET-003,RET-003,1,False,False,,False
10067,Package hasn't arrived yet,"Hi, my delivery is running late, I ordered the leather wallet over a week ago.",closed,normal,problem,web_widget,"mobile_app,priority",52210,906,2,2025-08-10T15:20:03,2025-08-11T10:14:03,ORD-002,ORD-002,1,False,False,,False
10068,Invoice request for #160423,"Hi, could you send me an invoice for order #160423? I need it for accounting.",closed,high,problem,web_widget,,53478,907,1,2025-08-04T09:43:09,2025-08-04T21:58:09,PAY-003,PAY-001,1,True,False,,False
10069,Not sure who to ask,"Hi, I have a question but I'm not totally sure it's the right team to ask.",pending,normal,problem,email,vip,50867,906,2,2025-06-11T16:16:47,2025-06-12T01:48:47,GEN-OTHER,GEN-OTHER,1,False,False,,False
10070,Delivery delay on #373441,Order #373441 was supposed to arrive on Jun 03 and it's still not here. What's going on?,closed,normal,task,web_widget,"ecommerce,web",51695,901,1,2025-06-21T03:22:47,2025-06-21T12:55:47,ORD-002,ORD-002,1,False,False,,False
10071,Incorrect charge amount,"I was charged twice for order #532424, can yuo refund the duplicate?",closed,high,incident,web_widget,,53436,902,2,2025-07-31T19:44:03,2025-08-01T05:56:03,PAY-002,PAY-002,1,False,False,,False
10072,Package marked delivered but I got nothing,"Hi, the courier says my package for order #471658 was delivered but it's nowhere to be found.",closed,normal,question,web_widget,vip,52147,904,1,2025-07-27T09:55:33,2025-07-27T19:06:33,ORD-003,ORD-003,1,False,False,,False
10073,Lost order #825916,"Hi, the courier says my package for order #825916 was delivered but it's nowhere to be found. Hi, when will I get my money back for the item I sent back?",pending,normal,problem,web_widget,"priority,ecommerce",52317,903,2,2025-08-23T15:55:02,2025-08-23T22:25:02,ORD-003,ORD-003,1,False,True,RET-002,False
10074,Where is my refund?,"I returned my order #979414 11 days ago and haven't seen a refund yet, can you check?",solved,normal,problem,web_widget,,52051,923,2,2025-06-05T21:18:06,2025-06-06T07:02:06,RET-002,RET-002,1,False,False,,False
10075,Where is my order?,"Hi, I placed order #191537 on Aug 03 and I can't find any tracking info. Can you tell me where it is?",solved,low,problem,web_widget,ecommerce,50021,909,1,2025-08-09T07:11:17,2025-08-09T22:12:17,ORD-001,ORD-001,1,False,False,,False
10076,Return policy question,How many days do I have to return something after delivery?,closed,low,task,email,mobile_app,51479,908,2,2025-08-05T14:49:40,2025-08-05T21:44:40,RET-004,RET-004,1,False,False,,False
10077,Receipt for accounting,"Hi, could you send me an invoice for order #512022? I need it for accounting.",solved,normal,task,web_widget,"mobile_app,web",52358,925,1,2025-07-05T05:30:17,2025-07-05T14:06:17,PAY-003,PAY-003,1,False,False,,False
10078,Refund status,"I returned my order #138551 14 days ago and haven't seen a refund yet, can you check?",solved,normal,problem,web_widget,,52188,916,2,2025-08-19T03:44:44,2025-08-19T16:27:44,RET-002,LOY-001,1,True,False,,False
10079,Partial refund issue,"Hi, I was only refunded part of my order, can you check what happened?",open,low,task,web_widget,,50475,923,1,2025-06-29T09:20:21,2025-06-29T22:59:21,RET-003,RET-003,1,False,False,,False
10080,Defective phone case,The phone case I ordered stopped working after 8 days of normal use.,solved,normal,problem,web_widget,"mobile_app,ecommerce",52623,921,1,2025-06-03T15:46:47,2025-06-04T01:38:47,PRD-001,PRD-001,1,False,False,,False
10081,Receipt for accounting,"Hi, could you send me an invoice for order #840282? I need it for accounting.",solved,normal,incident,web_widget,web,51425,911,2,2025-07-27T04:38:11,2025-07-27T16:53:11,PAY-003,PRD-003,1,True,False,,False
10082,Package hasn't arrived yet,"Hi, my delivery is running late, I ordered the sunglasses over a week ago.",closed,normal,question,email,web,50219,911,2,2025-07-15T02:38:08,2025-07-15T17:41:08,ORD-002,ORD-001,1,True,False,,False
10083,Can't complete checkout,"My card keeps getting declined when I try to check out, even though there are funds available.",solved,low,problem,email,"ecommerce,priority",50895,913,1,2025-08-15T13:19:41,2025-08-16T00:51:41,PAY-001,PAY-001,1,False,False,,False
10084,Can't log in,"The password reset link you sent isn't working, can you help me get back in?",solved,normal,task,web_widget,"vip,ecommerce",53072,925,1,2025-06-06T09:30:17,2025-06-06T21:07:17,ACC-001,ACC-001,1,False,False,,False
10085,Didn't get my discount,I used the code SUMMER20 but it didn't apply any discount at checkout.,pending,normal,question,email,priority,53259,917,1,2025-08-28T02:54:27,2025-08-28T06:44:27,PAY-004,PAY-004,1,False,False,,False
10086,Locked out of my account,"Hi, I can't log into my account, it keeps saying my password is wrong even after resetting it.",solved,low,problem,email,priority,52820,904,2,2025-06-28T11:26:10,2025-06-28T19:46:10,ACC-001,ACC-001,1,False,False,,False
10087,Need an invoice,"Hi, could yuo send me an invoice for order #208214? I need it for accounting.",solved,low,question,web_widget,"web,vip",51956,902,1,2025-06-09T03:08:46,2025-06-09T14:53:46,PAY-003,PAY-003,1,False,False,,False
10088,Locked out of my account,"Hi, I can't log into my account, it keeps saying my password is wrong even after resetting it.",solved,normal,question,web_widget,,53190,922,1,2025-08-17T02:27:42,2025-08-17T11:02:42,ACC-001,ACC-001,1,False,False,,False
10089,Complaint about recent order,"Hi, I've had several issues with my last few orders and I'm not happy with the service.",closed,normal,incident,web_widget,,50056,908,1,2025-08-23T23:24:03,2025-08-24T13:08:03,GEN-001,GEN-001,1,False,False,,False
10090,Address correction for #877722,"Hi, I think I entered the wrong address for order #877722, could you update it before it ships?",solved,low,question,web_widget,"vip,ecommerce",51779,903,1,2025-07-26T10:00:03,2025-07-26T20:11:03,ORD-005,ORD-005,1,False,False,,False
10091,Charged twice,"I was charged twice for order #701790, can you refund the duplicate?",solved,normal,question,web_widget,,52046,918,1,2025-06-15T07:38:16,2025-06-15T18:58:16,PAY-002,PAY-002,1,False,False,,False
10092,Feedback about the website,"Just some feedback, it would be great if the website had a size comparison tool.",closed,high,question,web_widget,ecommerce,50734,907,2,2025-08-29T07:55:02,2025-08-29T19:49:02,GEN-002,GEN-002,1,False,False,,False
10093,Can't complete checkout,"My card keeps getting declined when I try to check out, even though there are funds available.",pending,normal,question,web_widget,"priority,mobile_app",51372,900,2,2025-07-05T05:59:54,2025-07-05T12:23:54,PAY-001,PAY-001,1,False,False,,False
10094,Just wanted to say thanks,"Hi, your support team helped me out so quickly yesterday, really appreciated it.",solved,urgent,incident,web_widget,vip,50306,918,1,2025-07-10T14:14:42,2025-07-10T18:44:42,GEN-003,GEN-003,1,False,False,,False
10095,Need to change shipping address,"Hi, I think I entered the wrong address for order #838936, could you update it before it ships?",pending,low,question,web_widget,,53491,903,1,2025-08-13T12:13:43,2025-08-13T14:47:43,ORD-005,PRD-002,1,True,False,,False
10096,Wrong item received,I ordered the phone case but received a completely different item.,solved,low,incident,web_widget,priority,50535,906,2,2025-07-04T21:10:43,2025-07-05T05:51:43,PRD-002,PRD-003,1,True,False,,False
10097,Wrong address on order,"Hi, I think I entered the wrong address for order #532005, could you update it before it ships?",solved,normal,incident,web_widget,ecommerce,50141,919,1,2025-06-23T08:55:41,2025-06-24T00:29:41,ORD-005,ORD-005,1,False,False,,False
10098,Random query,"Hi, I have a question but I'm not totally sure it's the right team to ask.",solved,normal,problem,email,"priority,web",53312,915,1,2025-08-09T19:11:37,2025-08-10T04:51:37,GEN-OTHER,GEN-OTHER,1,False,False,,False
10099,Need to change shipping address,"I moved recently adn my order #614259 is still set to go to my old address, can this be fixed?",open,normal,question,web_widget,priority,53427,925,2,2025-07-15T19:17:34,2025-07-16T06:20:34,ORD-005,ORD-005,1,False,False,,False
10100,A suggestion for you,"Just some feedback, it would be great if the website had a size comparison tool.",open,low,question,web_widget,priority,50645,923,2,2025-08-12T01:48:40,2025-08-12T11:20:40,GEN-002,GEN-002,1,False,False,,False
10101,Disappointed with quality,"The wireless headphones I received feels much cheaper than it looked in the photos. Hi, my order arrived and the wireless headphones is broken, it won't turn on at all.",solved,low,problem,web_widget,,52605,902,2,2025-07-31T23:41:40,2025-08-01T17:50:40,PRD-005,PRD-005,1,False,True,PRD-001,False
10102,Disappointed with quality,The bluetooth speaker I received feels much cheaper than it looked in the photos.,solved,low,question,web_widget,"vip,ecommerce",50303,910,1,2025-07-05T04:12:10,2025-07-05T15:32:10,PRD-005,PRD-002,1,True,False,,False
10103,Return policy question,How many days do I have to return something after delivery?,solved,urgent,incident,web_widget,web,51939,903,1,2025-07-07T04:16:30,2025-07-07T17:17:30,RET-004,RET-004,1,False,False,,False
10104,Defective backpack,The backpack I ordered stopped working after 3 days of normal use.,open,normal,incident,email,vip,51714,917,1,2025-08-25T05:30:30,2025-08-25T08:36:30,PRD-001,PRD-001,1,False,False,,False
10105,Still waiting on refund for #441968,"Hi, when will I get my money back for the item I sent back?",solved,high,problem,email,,52978,925,1,2025-07-06T07:48:35,2025-07-06T20:22:35,RET-002,RET-002,1,False,False,,False
10106,Order #957091 status,"Hi, I placed order #957091 on Aug 11 and I can't find any tracking info. Can you tell me where it is?",pending,normal,problem,email,"priority,ecommerce",53054,915,2,2025-08-21T15:35:23,2025-08-22T01:21:23,ORD-001,ORD-001,1,False,False,,False
10107,Can't log in,"Hi, I can't log into my account, it keeps saying my password is wrong even after resetting it.",solved,normal,problem,email,"ecommerce,vip",51274,922,1,2025-06-13T08:19:49,2025-06-13T20:54:49,ACC-001,PRD-003,1,True,False,,False
10108,Duplicate charge on my card,"Hi, the amount charged to my card doesn't match my order total, can you check?",pending,normal,problem,web_widget,vip,50112,912,1,2025-08-17T17:12:36,2025-08-17T23:00:36,PAY-002,PAY-002,1,False,False,,False
10109,Defective phone case,"Hi, my order arrived and the phone case is broken, it won't turn on at all. Hi, the color/size I received doesn't match order #753898 at all.",solved,high,task,email,"priority,ecommerce",51880,908,1,2025-06-28T12:02:43,2025-06-28T22:03:43,PRD-001,PRD-001,1,False,True,PRD-002,False
10110,Where is my refund?,"I returned my order #507135 13 days ago and haven't seen a refund yet, can you check?",solved,normal,problem,web_widget,"vip,mobile_app",52684,915,2,2025-06-24T14:43:58,2025-06-25T02:52:58,RET-002,RET-002,1,False,False,,False
10111,Defective laptop sleeve,"Hi, my order arrived and the laptop sleeve is broken, it won't turn on at all.",closed,normal,incident,web_widget,,53486,903,1,2025-08-18T20:39:40,2025-08-19T03:44:40,PRD-001,PRD-001,1,False,False,,False
10112,My order is late,"Hi, my delivery is running late, I ordered the laptop sleeve over a week ago.",closed,normal,question,web_widget,"vip,priority",50019,914,1,2025-08-09T06:51:49,2025-08-09T14:18:49,ORD-002,ORD-002,1,False,False,,False
10113,Not as pictured,"Hi, the quality of this item really doesn't match the product description on the site.",closed,normal,question,web_widget,,50267,901,1,2025-06-27T11:19:29,2025-06-27T18:46:29,PRD-005,PRD-005,1,False,False,,False
10114,Stock availability question,"Hi, the winter coat shows as out of stock, do you know when it'll be available again?",solved,high,incident,web_widget,vip,52711,903,1,2025-06-02T19:07:03,2025-06-03T01:43:03,PRD-004,PRD-004,1,False,False,,False
10115,When will this be back in stock?,Is there any way to get notified when the smartwatch is restocked?,solved,low,question,web_widget,,50656,901,1,2025-08-22T20:42:13,2025-08-23T11:12:13,PRD-004,PRD-004,1,False,False,,False
10116,Where is my refund?,"I returned my order #752011 13 days ago and haven't seen a refund yet, can you check?",solved,normal,incident,web_widget,ecommerce,52717,920,1,2025-07-03T13:01:57,2025-07-04T06:05:57,RET-002,RET-002,1,False,False,,False
10117,Need a return label,What's the process to send back an item I ordered? It doesn't fit.,solved,high,question,email,priority,51684,914,1,2025-06-24T19:30:41,2025-06-25T06:03:41,RET-001,RET-001,1,False,False,,False
10118,Wrong item received,"Hi, the color/size I received doesn't match order #522866 at all.",closed,high,incident,email,web,51355,908,1,2025-06-21T06:30:35,2025-06-21T15:48:35,PRD-002,PRD-002,1,False,False,,False
10119,Refund status,"Hi, when will I get my money back for the item I sent back?",closed,low,incident,email,,53143,919,1,2025-08-05T05:33:42,2025-08-05T13:01:42,RET-002,RET-002,1,False,False,,False
10120,Does this come in other sizes?,"Hi, before I order the laptop sleeve, does it come in a larger size?",closed,normal,incident,web_widget,vip,53101,913,1,2025-07-28T15:20:53,2025-07-29T05:50:53,PRD-003,PRD-003,1,False,False,,False
10121,Out of stock item,"Hi, the backpack shows as out of stock, do you know when it'll be available again?",closed,high,question,web_widget,,51854,925,1,2025-07-08T13:39:38,2025-07-09T03:02:38,PRD-004,PRD-004,1,False,False,,False
10122,Charged twice,"I was charged twice for order #400538, can you refund the duplicate?",open,normal,problem,email,,50217,921,1,2025-06-25T07:13:48,2025-06-25T20:18:48,PAY-002,PAY-002,1,False,False,,False
10123,Incorrect charge amount,"I was charged twice for order #564586, can you refund the duplicate?",solved,low,problem,web_widget,priority,50053,923,1,2025-07-27T11:38:55,2025-07-27T22:11:55,PAY-002,PAY-002,1,False,False,,False
10124,Incorrect charge amount,"Hi, teh amount charged to my card doesn't match my order total, can you check?",pending,normal,problem,web_widget,,50163,904,2,2025-07-25T07:54:03,2025-07-25T20:01:03,PAY-002,PAY-002,1,False,False,,False
10125,Payment declined,"My card keeps getting declined when I try to check out, even though there are funds available.",solved,low,incident,web_widget,,53082,919,1,2025-07-22T02:15:52,2025-07-22T10:19:52,PAY-001,PAY-001,1,False,False,,False
10126,Defective smartwatch,"Hi, my order arrived and the smartwatch is broken, it won't turn on at all.",solved,low,problem,web_widget,"priority,vip",50393,905,2,2025-08-10T09:20:34,2025-08-10T13:56:34,PRD-001,PRD-001,1,False,False,,False
10127,Need a return label,"Hi, I'd like to return the sunglasses from order #508422, can yuo send me a return label?",open,low,problem,email,,51669,912,1,2025-07-07T19:31:27,2025-07-08T04:12:27,RET-001,GEN-001,1,True,False,,False
10128,Defective sunglasses,"Hi, my order arrived and the sunglasses is broken, it won't turn on at all.",closed,normal,question,web_widget,,52267,917,1,2025-06-04T19:15:00,2025-06-05T01:27:00,PRD-001,PRD-001,1,False,False,,False
10129,Complaint about recent order,"I want to file a complaint, my overall experience with this order has been really disappointing.",solved,low,problem,web_widget,"vip,mobile_app",51026,903,1,2025-07-23T20:19:31,2025-07-24T08:20:31,GEN-001,GEN-001,1,False,False,,False
10130,Defective running shoes,The running shoes I ordered stopped working after 15 days of normal use.,solved,normal,question,web_widget,"ecommerce,priority",51895,914,1,2025-06-28T19:18:31,2025-06-29T09:10:31,PRD-001,ORD-003,1,True,False,,False
10131,Card not working at checkout,"Hi, I'm getting a payment error and can't finish my order.",solved,high,question,web_widget,"vip,ecommerce",53473,925,2,2025-08-02T06:34:10,2025-08-02T13:06:10,PAY-001,PAY-001,1,False,False,,False
10132,Can't complete checkout,"My card keeps getting declined when I try to check out, even though there are funds available.",solved,low,problem,web_widget,,52882,916,1,2025-06-25T21:27:53,2025-06-26T15:07:53,PAY-001,PAY-001,1,False,False,,False
10133,Does this come in other sizes?,"Hi, before I order the desk lamp, does it come in a larger size?",solved,normal,question,email,"vip,ecommerce",50644,911,1,2025-08-14T08:39:07,2025-08-14T16:30:07,PRD-003,PRD-003,1,False,False,,False
10134,Return eligibility,How many days do I have to return something after delivery?,solved,normal,incident,web_widget,"web,ecommerce",50887,914,1,2025-07-13T21:49:55,2025-07-14T07:50:55,RET-004,RET-004,1,False,False,,False
10135,Order #791423 status,"Hello, just checking on the status of order #791423, it's been a few days and I haven't heard anything.",solved,low,task,web_widget,,53595,925,1,2025-08-08T11:36:07,2025-08-08T18:58:07,ORD-001,ORD-001,1,False,False,,False
10136,Delivery delay on #107543,"Hi, my delivery is running late, I ordered the yoga mat over a week ago.",solved,normal,task,email,"ecommerce,priority",52904,923,2,2025-07-23T14:37:33,2025-07-24T06:52:33,ORD-002,ORD-002,1,False,False,,False
10137,My order is late,"Hi, my delivery is running late, I ordered teh sneakers over a week ago.",solved,high,task,web_widget,"vip,ecommerce",51829,925,1,2025-06-15T17:26:06,2025-06-16T01:00:06,ORD-002,ORD-002,1,False,False,,False
10138,Package hasn't arrived yet,Order #788793 was supposed to arrive on Jun 23 and it's still not here. What's going on?,closed,low,incident,web_widget,web,53168,905,1,2025-07-10T22:56:00,2025-07-11T07:33:00,ORD-002,ORD-002,1,False,False,,False
10139,Defective bluetooth speaker,"Hi, my order arrived and the bluetooth speaker is broken, it won't turn on at all.",solved,normal,incident,email,vip,50019,908,1,2025-07-17T01:53:06,2025-07-17T11:05:06,PRD-001,PRD-001,1,False,False,,False
10140,My order never arrived,Order #197527 shows as delivered but I never received anything. I've checked with neighbours and the building office.,pending,high,problem,web_widget,,52115,917,1,2025-08-15T17:55:16,2025-08-16T05:32:16,ORD-003,ORD-003,1,False,False,,False
10141,Defective wireless headphones,"Hi, my order arrived and the wireless headphones is broken, it won't turn on at all.",closed,normal,question,web_widget,priority,50491,902,1,2025-07-31T09:16:31,2025-07-31T20:42:31,PRD-001,PRD-001,1,False,False,,False
10142,Stock availability question,Is there any way to get notified when the winter coat is restocked?,solved,low,incident,web_widget,"priority,ecommerce",51872,903,1,2025-07-12T21:02:20,2025-07-13T08:16:20,PRD-004,PRD-004,1,False,False,,False
10143,Can't log in,"Hi, I can't log into my account, it keeps saying my password is wrong even after resetting it.",solved,normal,question,web_widget,vip,52952,908,2,2025-07-21T13:09:27,2025-07-22T06:25:27,ACC-001,ACC-001,1,False,False,,False
10144,Order #120798 missing an item,"I just opened my package for order #120798 and the running shoes is missing, only the rest of the items were inside.",solved,normal,task,web_widget,vip,51478,911,1,2025-08-24T19:38:51,2025-08-25T05:32:51,ORD-004,ACC-003,1,True,False,,False
10145,Package hasn't arrived yet,Order #995706 was supposed to arrive on Jul 10 and it's still not here. What's going on?,solved,low,problem,web_widget,,53063,918,1,2025-07-11T23:40:26,2025-07-12T03:56:26,ORD-002,ORD-002,1,False,False,,False
10146,Product question about laptop sleeve,"Quick question, is the laptop sleeve compatible with older devices?",solved,normal,problem,web_widget,,50537,916,2,2025-06-03T14:24:02,2025-06-04T04:29:02,PRD-003,PRD-003,1,False,False,,False
10147,Coupon issue at checkout,"Hi, I was supposed to get a discount but my order #460589 was charged full price.",solved,low,question,web_widget,,51243,900,1,2025-08-14T05:13:48,2025-08-14T12:29:48,PAY-004,PAY-004,1,False,False,,False
10148,Stock availability question,"Hi, the yoga mat shows as out of stock, do you know when it'll be available again?",solved,low,incident,email,"ecommerce,priority",52116,924,2,2025-07-26T19:35:51,2025-07-27T03:01:51,PRD-004,PRD-004,1,False,False,,False
10149,Where is my refund?,"I returned my order #923892 9 days ago and haven't seen a refund yet, can you check? Hi, the amount charged to my card doesn't match my order total, can you check?",closed,low,question,web_widget,,50369,904,1,2025-06-20T18:27:21,2025-06-21T05:33:21,RET-002,RET-002,1,False,True,PAY-002,False
10150,Return process question,What's the process to send back an item I ordered? It doesn't fit.,solved,normal,incident,web_widget,,51936,912,1,2025-06-29T09:48:59,2025-06-29T19:52:59,RET-001,RET-001,1,False,False,,False
10151,Package hasn't arrived yet,"Hi, my delivery is running late, I ordered the smartwatch over a week ago.",closed,low,question,web_widget,web,52380,925,1,2025-08-02T15:50:38,2025-08-03T02:04:38,ORD-002,LOY-001,1,True,False,,False
10152,My order is late,Order #464552 was supposed to arrive on Jun 07 and it's still not here. What's going on?,closed,normal,incident,web_widget,mobile_app,51207,917,1,2025-06-18T06:34:36,2025-06-18T17:24:36,ORD-002,ORD-002,1,False,False,,False
10153,Where is my order?,"Hello, just checking on the status of order #975763, it's been a few days adn I haven't heard anything.",closed,normal,question,email,web,52625,910,1,2025-07-18T14:56:42,2025-07-19T03:49:42,ORD-001,ORD-001,1,False,False,,False
10154,Not happy with my experience,"I want to file a complaint, my overall experience with this order has been really disappointing.",closed,normal,problem,email,"web,mobile_app",50166,923,1,2025-06-28T15:53:04,2025-06-29T07:14:04,GEN-001,GEN-001,1,False,False,,False
10155,Still waiting on refund for #901305,"I returned my order #901305 13 days ago and haven't seen a refund yet, can you check?",solved,high,incident,web_widget,vip,51443,910,1,2025-06-30T13:13:54,2025-06-30T20:28:54,RET-002,RET-002,1,False,False,,False
10156,Lost order #368691,Order #368691 shows as delivered but I never received anything. I've checked with neighbours and the building office.,solved,normal,question,email,,50639,904,1,2025-08-20T23:24:37,2025-08-21T08:53:37,ORD-003,ORD-003,1,False,False,,False
10157,This isn't what I ordered,I ordered the wireless headphones but received a completely different item.,solved,normal,problem,web_widget,"mobile_app,priority",53062,920,2,2025-08-24T12:40:00,2025-08-24T23:42:00,PRD-002,PRD-002,1,False,False,,False
10158,Refund status,"I returned my order #699083 11 days ago and haven't seen a refund yet, can you check?",closed,low,problem,web_widget,"ecommerce,web",53121,904,1,2025-06-19T00:46:31,2025-06-19T09:19:31,RET-002,RET-002,1,False,False,,False
10159,Delivery delay on #972881,"Hi, my delivery is running late, I ordered the wireless headphones over a week ago.",pending,normal,problem,web_widget,priority,53029,901,1,2025-07-27T12:36:59,2025-07-27T20:09:59,ORD-002,ORD-002,1,False,False,,False
10160,Question before buying,"Hi, before I order the winter coat, does it come in a larger size?",solved,low,problem,web_widget,priority,53232,922,1,2025-06-05T19:57:29,2025-06-06T06:28:29,PRD-003,PRD-003,1,False,False,,False
10161,Wrong address on order,"Hi, I think I entered the wrong address for order #625600, could you update it before it ships?",solved,normal,incident,email,web,50075,911,1,2025-07-03T08:20:40,2025-07-04T01:21:40,ORD-005,ORD-005,1,False,False,,False
10162,My order is late,"Hi, my delivery is running late, I ordered the bluetooth speaker over a week ago. Hi, the courier says my package for order #692282 was delivered but it's nowhere to be found.",solved,normal,problem,web_widget,"priority,web",50553,913,2,2025-08-28T19:37:49,2025-08-29T06:05:49,ORD-002,ORD-002,1,False,True,ORD-003,False
10163,Charged twice,"Hi, the amount charged to my card doesn't match my order total, can you check?",open,urgent,task,email,priority,50945,921,1,2025-06-08T05:37:44,2025-06-08T11:20:44,PAY-002,GEN-OTHER,1,True,False,,False
10164,Didn't get my discount,I used the code SAVE10 but it didn't apply any discount at checkout.,solved,normal,task,web_widget,,51751,912,2,2025-07-26T08:02:47,2025-07-26T13:08:47,PAY-004,RET-003,1,True,False,,False
10165,This isn't what I ordered,"Hi, the color/size I recieved doesn't match order #194834 at all.",solved,normal,incident,web_widget,ecommerce,52826,916,2,2025-07-13T04:42:53,2025-07-13T18:09:53,PRD-002,PRD-002,1,False,False,,False
10166,Does this come in other sizes?,"Quick question, is the leather wallet compatible with older devices?",closed,high,question,web_widget,priority,53146,905,2,2025-07-22T11:20:55,2025-07-22T18:11:55,PRD-003,PRD-003,1,False,False,,False
10167,Still waiting on refund for #730421,"I returned my order #730421 5 days ago adn haven't seen a refund yet, can you check?",solved,normal,task,email,web,50888,918,1,2025-07-12T07:12:26,2025-07-12T20:41:26,RET-002,ORD-002,1,True,False,,False
10168,Password reset not working,"Hi, I can't log into my account, it keeps saying my password is wrong even after resetting it.",open,normal,incident,web_widget,web,50265,909,1,2025-06-12T02:33:44,2025-06-12T17:17:44,ACC-001,ACC-001,1,False,False,,False
10169,Change email on file,"Hi, I need to update the email address on my account.",closed,normal,problem,email,,52986,920,1,2025-08-13T13:03:11,2025-08-13T21:35:11,ACC-002,ACC-002,1,False,False,,False
10170,Defective smartwatch,"Hi, my order arrived and the smartwatch is broken, it won't turn on at all.",solved,low,problem,email,ecommerce,52809,910,1,2025-08-05T22:28:36,2025-08-06T17:02:36,PRD-001,PRD-001,1,False,False,,False
10171,Received wrong product,I ordered the phone case but received a completely different item.,solved,normal,question,web_widget,,50611,908,2,2025-07-01T20:53:24,2025-07-02T09:05:24,PRD-002,PRD-002,1,False,False,,False
10172,Refund status,"I returned my order #606957 14 days ago and haven't seen a refund yet, can yuo check?",pending,low,problem,web_widget,priority,53272,915,2,2025-06-15T00:35:12,2025-06-15T04:52:12,RET-002,RET-002,1,False,False,,False
10173,How do I return this?,"Hi, I'd like to return the backpack from order #562543, can you send me a return label?",pending,normal,question,web_widget,ecommerce,51314,906,1,2025-06-26T04:21:34,2025-06-26T15:03:34,RET-001,RET-001,1,False,False,,False
10174,Package hasn't arrived yet,"Hi, my delivery is running late, I ordered the yoga mat over a week ago.",closed,high,incident,email,"vip,web",50433,912,1,2025-07-09T19:37:25,2025-07-10T06:11:25,ORD-002,ORD-002,1,False,False,,False
10175,Charged twice,"Hi, the amount charged to my card doesn't match my order total, can you check?",solved,normal,task,web_widget,,51605,905,1,2025-07-31T13:06:21,2025-08-01T05:27:21,PAY-002,PAY-002,1,False,False,,False
10176,Still waiting on refund for #953452,"I returned my order #953452 14 days ago and haven't seen a refund yet, can you check?",open,low,question,email,"mobile_app,vip",52244,905,2,2025-07-05T22:27:04,2025-07-06T07:11:04,RET-002,RET-002,1,False,False,,False
10177,Invoice request for #708979,Where can I download a receipt for my recent purchase?,pending,high,question,web_widget,"ecommerce,web",52024,920,1,2025-06-09T05:46:13,2025-06-09T20:42:13,PAY-003,PAY-003,1,False,False,,False
10178,Password reset not working,"The password reset link you sent isn't working, can you help me get back in?",solved,low,task,email,,52880,917,2,2025-07-03T16:46:07,2025-07-04T05:06:07,ACC-001,ACC-001,1,False,False,,False
10179,Partial refund issue,"Hi, I was only refunded part of my order, can you check what happened?",solved,normal,question,web_widget,"ecommerce,priority",50346,904,1,2025-07-08T20:27:55,2025-07-09T05:32:55,RET-003,RET-003,1,False,False,,False
10180,Charged twice,"Hi, the amount charged to my card doesn't match my order total, can you check?",closed,urgent,problem,web_widget,,52990,923,1,2025-08-18T05:16:48,2025-08-18T18:13:48,PAY-002,PAY-002,1,False,False,,False
10181,Defective phone case,"Hi, my order arrived and the phone case is broken, it won't turn on at all.",solved,normal,problem,email,priority,52846,919,2,2025-08-06T04:05:50,2025-08-06T10:29:50,PRD-001,PAY-004,1,True,False,,False
10182,Where is my refund?,"Hi, when will I get my money back for the item I sent back?",solved,normal,task,web_widget,,51986,905,2,2025-08-18T11:05:02,2025-08-18T15:55:02,RET-002,RET-002,1,False,False,,False
10183,Still waiting on refund for #811451,"Hi, when will I get my money back for the item I sent back?",closed,normal,incident,web_widget,,52172,913,1,2025-08-24T09:32:51,2025-08-24T21:25:51,RET-002,RET-002,1,False,False,,False
10184,Tracking question,"Hi, I placed order #208954 on May 18 adn I can't find any tracking info. Can you tell me where it is?",solved,normal,problem,email,"vip,web",52755,900,2,2025-06-02T02:07:26,2025-06-02T15:51:26,ORD-001,ORD-001,1,False,False,,False
10185,Where is my refund?,"I returned my order #448813 15 days ago and haven't seen a refund yet, can you check?",closed,low,task,web_widget,"ecommerce,web",50663,924,1,2025-08-10T17:36:03,2025-08-11T03:35:03,RET-002,RET-002,1,False,False,,False
10186,Change email on file,Can you help me change the phone number linked to my account?,solved,normal,problem,web_widget,vip,52722,912,1,2025-08-03T17:17:21,2025-08-04T02:16:21,ACC-002,RET-003,1,True,False,,False
10187,Does this come in other sizes?,"Hi, before I order the graphic t-shirt, does it come in a larger size?",closed,urgent,question,web_widget,,52653,906,1,2025-06-04T13:55:24,2025-06-04T19:59:24,PRD-003,PRD-003,1,False,False,,False
10188,Package hasn't arrived yet,Order #785611 was supposed to arrive on Jun 20 and it's stil not here. What's going on?,solved,normal,incident,email,,51383,925,2,2025-07-07T21:50:07,2025-07-08T04:16:07,ORD-002,ORD-002,1,False,False,,False
10189,Item stopped working,The winter coat I ordered stopped working after 7 days of normal use.,solved,normal,task,web_widget,"ecommerce,priority",53349,903,1,2025-07-25T03:44:51,2025-07-25T11:23:51,PRD-001,PRD-001,1,False,False,,False
10190,Charged twice,"Hi, the amount charged to my card doesn't match my order total, can you check?",solved,normal,question,web_widget,vip,50409,925,2,2025-07-26T17:53:24,2025-07-27T02:19:24,PAY-002,PAY-002,1,False,False,,False
10191,Not sure who to ask,"Hi, I have a question but I'm not totally sure it's the right team to ask.",solved,normal,task,web_widget,"ecommerce,priority",51715,900,1,2025-06-18T11:13:07,2025-06-18T22:51:07,GEN-OTHER,GEN-OTHER,1,False,False,,False
10192,Where is my order?,"Hello, just checking on the status of order #346729, it's been a few days and I haven't heard anything.",solved,high,task,web_widget,priority,50647,925,1,2025-07-17T20:49:07,2025-07-18T03:11:07,ORD-001,ORD-001,1,False,False,,False
10193,My order is late,Order #233391 was supposed to arrive on Jul 01 and it's still not here. What's going on?,solved,low,task,web_widget,"priority,ecommerce",51874,923,1,2025-07-03T15:21:17,2025-07-04T12:13:17,ORD-002,ORD-002,1,False,False,,False
10194,Duplicate charge on my card,"Hi, the amount charged to my card doesn't match my order total, can you check? Hi, when will I get my money back for the item I sent back?",solved,urgent,task,email,"mobile_app,priority",51711,901,1,2025-07-13T20:09:46,2025-07-14T07:43:46,PAY-002,PAY-002,1,False,True,RET-002,False
10195,Tracking question,"Hello, just checking on the status of order #757776, it's been a few days and I haven't heard anything.",solved,normal,incident,web_widget,priority,53235,911,1,2025-08-04T01:41:40,2025-08-04T16:20:40,ORD-001,ORD-001,1,False,False,,False
10196,Item stopped working,"Hi, my order arrived and the sneakers is broken, it won't turn on at all.",solved,low,task,email,ecommerce,52210,903,1,2025-08-07T02:49:48,2025-08-07T11:48:48,PRD-001,PRD-004,1,True,False,,False
10197,Return eligibility,"Hi, quick question about your returns policy, can I return an item I already opened?",pending,high,problem,web_widget,vip,50447,905,1,2025-08-03T10:47:09,2025-08-03T17:21:09,RET-004,RET-004,1,False,False,,False
10198,Product arrived defective,"Hi, my order arrived and the phone case is broken, it won't turn on at all.",solved,low,question,web_widget,web,51991,918,1,2025-07-19T06:09:53,2025-07-19T17:28:53,PRD-001,PRD-001,1,False,False,,False
10199,Defective bluetooth speaker,The bluetooth speaker I ordered stopped working after 4 days of normal use.,solved,normal,question,web_widget,"ecommerce,vip",50518,914,1,2025-06-17T19:02:13,2025-06-18T16:48:13,PRD-001,PAY-003,1,True,False,,False
10200,Where is my refund?,"I returned my order #442220 12 days ago adn haven't seen a refund yet, can you check?",solved,urgent,question,web_widget,mobile_app,50101,912,1,2025-06-21T01:23:28,2025-06-21T13:39:28,RET-002,RET-002,1,False,False,,False
10201,Thank you!,"Just wanted to say thank you, my order arrived early and in perfect condition.",closed,high,problem,web_widget,,53291,914,1,2025-08-13T08:01:46,2025-08-13T14:31:46,GEN-003,GEN-003,1,False,False,,False
10202,Item stopped working,"Hi, my order arrived and the wireless headphones is broken, it won't turn on at all.",solved,high,task,email,,53370,909,2,2025-06-28T15:54:31,2025-06-29T10:32:31,PRD-001,PRD-001,1,False,False,,False
10203,Incomplete package,"I just opened my pacakge for order #709908 and the denim jacket is missing, only the rest of teh items were inside.",closed,high,question,web_widget,vip,51528,916,2,2025-06-02T14:19:54,2025-06-02T22:42:54,ORD-004,ORD-004,1,False,False,,False
10204,Package hasn't arrived yet,Order #328459 was supposed to arrive on Aug 18 and it's still not here. What's going on?,solved,normal,incident,web_widget,,53189,915,1,2025-08-23T19:45:58,2025-08-24T11:18:58,ORD-002,ORD-002,1,False,False,,False
10205,Order #607778 status,"Hi, I placed order #607778 on May 28 and I can't find any tracking info. Can you tell me where it is?",solved,high,problem,web_widget,"web,priority",51740,922,2,2025-06-11T04:03:04,2025-06-11T07:38:04,ORD-001,ORD-001,1,False,False,,False
10206,Card not working at checkout,"My card keeps getting declined when I try to check out, even though there are funds available.",solved,normal,question,web_widget,ecommerce,52068,918,1,2025-08-14T14:24:37,2025-08-15T05:31:37,PAY-001,RET-002,1,True,False,,False
10207,Stock availability question,"Hi, the smartwatch shows as out of stock, do you know when it'll be available again?",solved,normal,question,email,,51576,909,1,2025-08-07T00:11:19,2025-08-07T03:29:19,PRD-004,PRD-004,1,False,False,,False
10208,Item stopped working,"Hi, my order arrived and the smartwatch is broken, it won't turn on at all.",solved,normal,question,web_widget,,50265,911,2,2025-07-01T19:45:12,2025-07-02T07:27:12,PRD-001,PRD-001,1,False,False,,False
10209,Wrong address on order,"Hi, I think I entered the wrong address for order #753506, could you update it before it ships?",solved,low,incident,web_widget,priority,50733,912,1,2025-06-30T18:14:09,2025-07-01T00:23:09,ORD-005,ORD-005,1,False,False,,False
10210,How long do I have to return an item?,"Hi, quick question about your returns policy, can I return an item I already opened?",closed,normal,question,email,"vip,mobile_app",52013,913,1,2025-08-05T03:31:24,2025-08-05T13:38:24,RET-004,RET-004,1,False,False,,False
10211,Still waiting on refund for #793360,"I returned my order #793360 5 days ago and haven't seen a refund yet, can yuo check?",solved,low,incident,web_widget,"vip,priority",50398,913,1,2025-07-03T12:40:26,2025-07-04T02:12:26,RET-002,RET-002,1,False,False,,False
10212,How long do I have to return an item?,How many days do I have to return something after delivry?,pending,normal,incident,web_widget,,52518,909,1,2025-07-10T16:26:12,2025-07-10T20:55:12,RET-004,RET-004,1,False,False,,False
10213,Product question about winter coat,"Hi, before I order the winter coat, does it come in a larger size?",solved,low,incident,email,mobile_app,52668,909,1,2025-06-28T07:09:27,2025-06-28T20:57:27,PRD-003,PRD-003,1,False,False,,False
10214,This isn't what I ordered,I ordered the backpack but received a completely different item.,solved,normal,question,email,ecommerce,51680,910,2,2025-08-22T22:24:04,2025-08-23T18:04:04,PRD-002,PRD-002,1,False,False,,False
10215,Tracking question,"Hi, I placed order #526777 on Jun 16 and I can't find any tracking info. Can you tell me where it is?",solved,low,incident,web_widget,mobile_app,50226,902,1,2025-06-28T02:56:55,2025-06-28T18:17:55,ORD-001,ORD-001,1,False,False,,False
10216,Defective bluetooth speaker,The bluetooth speaker I ordered stopped working after 10 days of normal use.,closed,normal,problem,email,"ecommerce,priority",51672,908,2,2025-06-06T02:10:31,2025-06-06T11:44:31,PRD-001,PRD-001,1,False,False,,False
10217,Complaint about recent order,"I want to file a complaint, my overall experience with this order has been really disappointing.",open,normal,task,email,,53512,914,1,2025-08-22T19:27:25,2025-08-23T05:58:25,GEN-001,GEN-001,1,False,False,,False
10218,Refund status,"I returned my order #731364 7 days ago and haven't seen a refund yet, can you check?",pending,low,incident,email,vip,53376,905,1,2025-07-17T02:06:04,2025-07-17T12:40:04,RET-002,RET-002,1,False,False,,False
10219,Can't log in,"The password reset link you sent isn't working, can you help me get back in?",solved,low,task,web_widget,priority,50813,902,1,2025-06-17T13:20:25,2025-06-18T00:31:25,ACC-001,ACC-001,1,False,False,,False
10220,Does this come in other sizes?,"Quick question, is the winter coat compatible with older devices?",solved,normal,task,email,ecommerce,52457,906,2,2025-06-26T18:09:46,2025-06-27T03:18:46,PRD-003,PRD-003,1,False,False,,False
10221,My order never arrived,"Hi, the courier says my package for order #471512 was delivered but it's nowhere to be found.",solved,normal,task,web_widget,web,50390,917,1,2025-07-01T07:08:59,2025-07-01T18:46:59,ORD-003,ORD-003,1,False,False,,False
10222,Still waiting on refund for #272998,"Hi, when will I get my money back for teh item I sent back?",solved,low,incident,web_widget,,53397,924,2,2025-07-18T01:20:20,2025-07-18T09:23:20,RET-002,RET-002,1,False,False,,False
10223,Return eligibility,"Hi, quick question about your returns policy, can I return an item I already opened?",open,low,problem,web_widget,,50834,909,1,2025-06-16T07:38:47,2025-06-16T21:40:47,RET-004,RET-004,1,False,False,,False
10224,Feedback about the website,"Just some feedback, it would be great if the website had a size comparison tool.",solved,high,incident,web_widget,vip,51885,922,1,2025-07-12T07:53:40,2025-07-12T11:19:40,GEN-002,GEN-002,1,False,False,,False
10225,Address correction for #940014,"Hi, I think I entered the wrong address for order #940014, could you update it before it ships?",solved,normal,task,email,"priority,mobile_app",52650,924,2,2025-06-15T00:42:07,2025-06-15T16:53:07,ORD-005,ORD-005,1,False,False,,False
10226,Wrong refund amount,"Hi, I was only refunded part of my order, can you check what happened? I was charged twice for order #183029, can you refund the duplicate?",closed,normal,question,web_widget,"mobile_app,priority",52159,920,1,2025-06-08T15:26:18,2025-06-09T04:28:18,RET-003,RET-003,1,False,True,PAY-002,False
10227,Still waiting on refund for #838594,"Hi, when will I get my money back for the item I sent back?",solved,high,task,web_widget,"vip,mobile_app",53220,905,2,2025-06-05T02:52:05,2025-06-05T16:22:05,RET-002,RET-002,1,False,False,,False
10228,My order is late,"Hi, my delivery is running late, I ordered the desk lamp over a week ago.",solved,urgent,task,web_widget,web,53295,909,1,2025-06-13T07:09:00,2025-06-13T16:55:00,ORD-002,ORD-002,1,False,False,,False
10229,Where is my refund?,"Hi, when will I get my money back for the item I sent back?",solved,normal,problem,email,mobile_app,50993,906,1,2025-08-15T11:57:53,2025-08-15T22:53:53,RET-002,RET-002,1,False,False,,False
10230,Where is my refund?,"Hi, when will I get my money back for the item I sent back?",closed,low,task,web_widget,mobile_app,50478,915,1,2025-07-29T19:36:22,2025-07-30T13:34:22,RET-002,RET-002,1,False,False,,False
10231,Refund status,"Hi, when will I get my money back for the item I sent back?",solved,high,task,email,,51243,907,1,2025-06-05T06:46:01,2025-06-05T16:40:01,RET-002,RET-002,1,False,False,,False
10232,Frustrated customer,"I want to file a complaint, my overall experience with this order has been really disappointing.",solved,normal,task,email,,50433,925,1,2025-08-11T04:38:54,2025-08-11T10:39:54,GEN-001,GEN-001,1,False,False,,False
10233,Package hasn't arrived yet,Order #378937 was supposed to arrive on Jun 15 and it's still not here. What's going on?,closed,normal,incident,web_widget,ecommerce,51004,925,1,2025-06-27T02:25:32,2025-06-27T15:29:32,ORD-002,ORD-002,1,False,False,,False
10234,Random query,This might not be the right place but I wasn't sure where else to send this.,solved,low,problem,web_widget,"priority,vip",52704,920,1,2025-07-23T07:08:03,2025-07-24T01:53:03,GEN-OTHER,GEN-OTHER,1,False,False,,False
10235,Refund status,"Hi, when will I get my money back for the item I sent back?",closed,high,incident,web_widget,web,50875,902,1,2025-06-29T10:07:33,2025-06-29T20:56:33,RET-002,ORD-002,1,True,False,,False
10236,Package marked delivered but I got nothing,Order #443772 shows as delivered but I never received anything. I've checked with neighbours and the building office.,closed,normal,task,email,,52754,904,2,2025-07-18T07:13:47,2025-07-18T18:33:47,ORD-003,ORD-003,1,False,False,,False
10237,Great service,"Just wanted to say thank you, my order arrived early and in perfect condition.",solved,normal,task,web_widget,,52071,904,1,2025-07-12T15:53:08,2025-07-12T23:00:08,GEN-003,GEN-003,1,False,False,,False
10238,Update my account details,"Hi, I need to update the email address on my account.",solved,normal,task,web_widget,,50582,925,1,2025-06-05T10:16:59,2025-06-05T23:28:59,ACC-002,PAY-002,1,True,False,,False
10239,Password reset not working,"Hi, I can't log into my account, it keeps saying my password is wrong even after resetting it.",solved,low,problem,web_widget,,52746,914,2,2025-07-29T19:01:05,2025-07-30T07:19:05,ACC-001,ACC-003,1,True,False,,False
10240,Where is my order?,"Hi, I placed order #653545 on Jun 06 and I can't find any tracking info. Can you tell me where it is?",solved,low,question,web_widget,,52013,900,1,2025-06-17T10:19:26,2025-06-17T17:29:26,ORD-001,ORD-001,1,False,False,,False
10241,Card not working at checkout,"Hi, I'm getting a payment error adn can't finish my order.",solved,normal,incident,email,"mobile_app,web",53080,919,1,2025-07-15T20:55:32,2025-07-16T10:42:32,PAY-001,PAY-001,1,False,False,,False
10242,Item stopped working,"Hi, my order arrived and the wireless headphones is broken, it won't turn on at all.",solved,high,incident,web_widget,vip,50171,900,2,2025-08-27T11:35:53,2025-08-28T00:42:53,PRD-001,PRD-001,1,False,False,,False
10243,Item missing from my order,"I just opened my package for order #794447 adn the bluetooth speaker is missing, only the rest of the items were inside.",open,normal,problem,web_widget,"ecommerce,web",52601,908,2,2025-08-04T10:06:28,2025-08-04T22:13:28,ORD-004,ORD-004,1,False,False,,False
10244,My order is late,"Hi, my delivery is running late, I ordered the yoga mat over a week ago.",pending,normal,problem,web_widget,priority,51895,911,2,2025-07-11T11:11:00,2025-07-11T16:00:00,ORD-002,ORD-002,1,False,False,,False
10245,When will this be back in stock?,Is there any way to get notified when the running shoes is restocked?,closed,normal,task,web_widget,"web,mobile_app",52260,906,1,2025-07-22T11:48:43,2025-07-23T02:27:43,PRD-004,PRD-004,1,False,False,,False
10246,Not as pictured,The graphic t-shirt I received feels much cheaper than it looked in the photos.,solved,normal,question,web_widget,"vip,web",52029,911,1,2025-06-04T22:57:56,2025-06-05T02:45:56,PRD-005,PRD-005,1,False,False,,False
10247,Didn't get my discount,"Hi, I was supposed to get a discount but my order #961545 was charged full price.",closed,normal,question,web_widget,mobile_app,51012,903,1,2025-08-27T06:32:21,2025-08-27T14:24:21,PAY-004,PAY-004,1,False,False,,False
10248,Item stopped working,The wireless headphones I ordered stopped working after 9 days of normal use.,closed,normal,problem,web_widget,web,50392,919,2,2025-06-22T05:14:55,2025-06-22T12:05:55,PRD-001,PRD-001,1,False,False,,False
10249,Tracking question,"Hi, I placed order #426806 on Jul 24 and I can't find any tracking info. Can you tell me where it is?",open,normal,incident,email,priority,51821,905,1,2025-08-12T13:07:02,2025-08-12T21:20:02,ORD-001,ORD-001,1,False,False,,False
10250,Item stopped working,"Hi, my order arrived and the phone case is broken, it won't turn on at all.",solved,low,question,web_widget,,52735,915,1,2025-08-29T09:02:29,2025-08-30T00:34:29,PRD-001,RET-003,1,True,False,,False
10251,Charged twice,"Hi, the amount charged to my card doesn't match my order total, can you check?",solved,low,problem,email,"web,mobile_app",51190,914,1,2025-07-24T07:27:58,2025-07-24T13:30:58,PAY-002,PAY-002,1,False,False,,False
10252,Membership benefits,What benefits come with the premium membership tier?,solved,normal,task,web_widget,"vip,mobile_app",53597,922,1,2025-06-14T03:31:56,2025-06-14T20:02:56,LOY-001,ACC-002,1,True,False,,False
10253,Wrong item received,"Hi, the color/size I received doesn't match order #929029 at all.",closed,low,question,web_widget,"vip,mobile_app",52931,915,1,2025-07-23T21:37:25,2025-07-24T09:21:25,PRD-002,PRD-002,1,False,False,,False
10254,How long do I have to return an item?,"Hi, quick question about your returns policy, can I return an item I already opened?",solved,urgent,problem,web_widget,vip,51847,914,1,2025-07-04T10:50:51,2025-07-04T19:09:51,RET-004,PAY-004,1,True,False,,False
10255,Coupon issue at checkout,I used the code WELCOME15 but it didn't apply any discount at checkout.,open,normal,task,web_widget,"ecommerce,vip",53368,911,2,2025-07-07T18:08:25,2025-07-08T02:17:25,PAY-004,PAY-004,1,False,False,,False
10256,Order #949767 status,"Hello, just checking on the status of order #949767, it's been a few days and I haven't heard anything.",solved,low,task,web_widget,ecommerce,50569,918,2,2025-06-28T19:31:47,2025-06-29T06:27:47,ORD-001,ORD-001,1,False,False,,False
10257,Coupon issue at checkout,"Hi, I was supposed to get a discount but my order #732672 was charged full price.",closed,low,incident,web_widget,"mobile_app,priority",50702,903,1,2025-06-17T04:03:02,2025-06-17T22:28:02,PAY-004,PAY-004,1,False,False,,False
10258,How long do I have to return an item?,"Hi, quick question about your returns policy, can I return an item I already opened?",solved,normal,incident,email,"mobile_app,web",52472,918,2,2025-07-24T11:23:12,2025-07-25T01:22:12,RET-004,RET-004,1,False,False,,False
10259,Still waiting on refund for #145785,"Hi, when will I get my money back for the item I sent back? I was charged twice for order #145785, can you refund the duplicate?",solved,low,task,web_widget,"mobile_app,priority",51575,921,1,2025-07-22T18:09:06,2025-07-23T06:39:06,RET-002,RET-002,1,False,True,PAY-002,False
10260,Missing points from order,"Hi, I didn't get loyalty points for my last order #443000, can you check why?",solved,normal,question,email,,51624,901,1,2025-06-11T10:31:45,2025-06-11T14:51:45,LOY-001,LOY-001,1,False,False,,False
10261,Change email on file,Can you help me change the phone number linked to my account?,solved,normal,problem,web_widget,"priority,web",51804,911,1,2025-08-05T00:39:02,2025-08-05T13:36:02,ACC-002,ACC-002,1,False,False,,False
10262,My order is late,"Hi, my delivery is running late, I ordered the denim jacket over a week ago.",closed,low,question,web_widget,"mobile_app,priority",52218,912,2,2025-06-11T23:54:14,2025-06-12T05:29:14,ORD-002,ORD-002,1,False,False,,False
10263,Return process question,"Hi, I'd like to return the running shoes from order #992919, can you send me a return label? Hi, quick question about your returns policy, can I return an item I already opened?",solved,low,question,web_widget,"web,mobile_app",51360,905,1,2025-08-20T11:03:44,2025-08-20T22:56:44,RET-001,RET-001,1,False,True,RET-004,False
10264,Charged twice,"I was charged twice for order #141531, can you refund the duplicate?",solved,low,incident,web_widget,,53027,910,1,2025-06-29T21:40:41,2025-06-30T08:29:41,PAY-002,PAY-002,1,False,False,,False
10265,Coupon issue at checkout,I used the code NOVA5 but it didn't apply any discount at checkout.,open,normal,incident,web_widget,web,50836,904,1,2025-07-24T22:37:35,2025-07-25T06:37:35,PAY-004,PAY-004,1,False,False,,False
10266,Feedback about the website,"Just some feedback, it would be great if the website had a size comparison tool.",solved,low,problem,web_widget,mobile_app,52496,923,1,2025-06-15T04:31:52,2025-06-15T18:43:52,GEN-002,GEN-002,1,False,False,,False
10267,Not sure who to ask,"Hi, I have a question but I'm not totally sure it's the right team to ask.",solved,normal,question,email,"priority,vip",53040,911,1,2025-06-29T00:25:41,2025-06-29T17:11:41,GEN-OTHER,GEN-OTHER,1,False,False,,False
10268,Lost order #706435,"Hi, the courier says my package for order #706435 was delivered but it's nowhere to be found.",solved,high,problem,email,"mobile_app,vip",52479,914,2,2025-06-14T09:55:16,2025-06-14T23:19:16,ORD-003,ORD-003,1,False,False,,False
10269,Order #830140 status,"Hello, just checking on the status of order #830140, it's been a few days and I haven't heard anything.",closed,normal,question,email,,50026,905,2,2025-06-01T03:26:06,2025-06-01T10:40:06,ORD-001,ORD-001,1,False,False,,False
10270,Where is my order?,"Hi, I placed order #131107 on May 24 and I can't find any tracking info. Can you tell me where it is?",closed,urgent,incident,email,"mobile_app,web",50326,909,1,2025-06-12T08:22:17,2025-06-12T18:39:17,ORD-001,ORD-001,1,False,False,,False
10271,Need an invoice,"Hi, could you send me an invoice for order #103234? I need it for accounting.",solved,urgent,problem,email,,52501,901,2,2025-08-19T11:16:21,2025-08-20T01:58:21,PAY-003,PAY-003,1,False,False,,False
10272,Order #548702 status,"Hello, just checking on the status of order #548702, it's been a few days and I haven't heard anything.",solved,low,question,web_widget,mobile_app,52485,915,1,2025-07-26T18:13:50,2025-07-27T10:12:50,ORD-001,ORD-001,1,False,False,,False
10273,Wrong refund amount,"Hi, I was only refunded part of my order, can you check what happened?",solved,normal,incident,email,,53138,908,1,2025-06-24T10:47:42,2025-06-24T22:39:42,RET-003,RET-003,1,False,False,,False
10274,Item stopped working,"Hi, my order arrived and the wireless headphones is broken, it won't turn on at all.",pending,normal,task,web_widget,priority,52346,911,1,2025-06-29T12:34:24,2025-06-29T19:05:24,PRD-001,PRD-001,1,False,False,,False
10275,Order #435690 status,"Hello, just checking on the status of order #435690, it's been a few days and I haven't heard anything.",solved,normal,task,email,mobile_app,53059,921,2,2025-08-15T08:15:44,2025-08-15T16:26:44,ORD-001,ORD-001,1,False,False,,False
10276,Missing points from order,"Hi, I didn't get loyalty points for my last order #835165, can you check why?",solved,normal,incident,email,,50294,916,2,2025-06-26T16:50:44,2025-06-27T07:28:44,LOY-001,LOY-001,1,False,False,,False
10277,Quick question,"Hi, I have a question but I'm not totally sure it's the right team to ask.",solved,low,task,web_widget,"ecommerce,priority",51456,915,1,2025-06-05T18:37:07,2025-06-06T12:31:07,GEN-OTHER,GEN-OTHER,1,False,False,,False
10278,Wrong address on order,"Hi, I think I entered the wrong address for order #231319, could you update it before it ships?",solved,low,incident,email,,51572,915,2,2025-08-03T23:09:27,2025-08-04T03:28:27,ORD-005,ORD-005,1,False,False,,False
10279,Random query,"Hi, I have a question but I'm not totally sure it's the right team to ask.",solved,low,incident,web_widget,,52303,908,2,2025-06-04T04:28:05,2025-06-05T00:02:05,GEN-OTHER,GEN-OTHER,1,False,False,,False
10280,Incomplete package,"Hi, my order arrived but it's short one item, the box wasn't damaged so I'm not sure what happened.",open,normal,question,email,,50549,919,1,2025-07-24T20:46:22,2025-07-25T10:59:22,ORD-004,ORD-004,1,False,False,,False
10281,Item stopped working,The yoga mat I ordered stopped working after 3 days of normal use.,solved,normal,question,web_widget,priority,50317,908,1,2025-06-11T00:16:43,2025-06-11T07:55:43,PRD-001,PRD-005,1,True,False,,False
10282,Product arrived defective,The laptop sleeve I ordered stopped working after 11 days of normal use.,solved,normal,question,email,vip,51413,925,2,2025-08-28T02:37:50,2025-08-28T16:03:50,PRD-001,PRD-001,1,False,False,,False
10283,Lost order #198181,"Hi, the courier says my pacakge for order #198181 was delivered but it's nowhere to be found.",pending,normal,task,email,"vip,priority",53462,902,1,2025-06-07T23:32:46,2025-06-08T12:52:46,ORD-003,ORD-003,1,False,False,,False
10284,Frustrated customer,"I want to file a complaint, my overall experience with this order has been really disappointing.",solved,high,question,web_widget,vip,53026,921,2,2025-08-14T22:39:56,2025-08-15T05:05:56,GEN-001,GEN-001,1,False,False,,False
10285,Refund status,"Hi, when will I get my money back for teh item I sent back?",solved,high,question,web_widget,"vip,priority",51084,906,1,2025-07-28T10:49:36,2025-07-28T19:17:36,RET-002,RET-002,1,False,False,,False
10286,Update my account details,"Hi, I need to update the email address on my account.",open,urgent,problem,web_widget,web,51927,912,1,2025-07-04T04:15:27,2025-07-04T14:44:27,ACC-002,ACC-002,1,False,False,,False
10287,Payment declined,"My card keeps getting declined when I try to check out, even though there are funds available.",pending,normal,question,web_widget,vip,52029,925,1,2025-06-12T14:23:20,2025-06-12T20:17:20,PAY-001,PAY-001,1,False,False,,False
10288,Delivery delay on #636073,Order #636073 was supposed to arrive on Jun 17 and it's still not here. What's going on?,solved,normal,incident,web_widget,,51990,902,2,2025-06-23T13:12:39,2025-06-23T18:05:39,ORD-002,ORD-002,1,False,False,,False
10289,Random query,"Hi, I have a question but I'm not totally sure it's the right team to ask.",solved,normal,question,web_widget,mobile_app,51557,913,1,2025-08-03T17:31:40,2025-08-03T23:36:40,GEN-OTHER,GEN-OTHER,1,False,False,,False
10290,Order #678570 status,"Hello, just checking on the status of order #678570, it's been a few days and I haven't heard anything.",solved,low,problem,email,"vip,web",51489,910,1,2025-06-09T19:39:42,2025-06-10T06:03:42,ORD-001,ORD-005,1,True,False,,False
10291,Where is my order?,"Hello, just checking on the status of order #539357, it's been a few days and I haven't heard anything.",closed,normal,problem,web_widget,,51836,920,2,2025-08-22T21:46:27,2025-08-23T06:51:27,ORD-001,ORD-001,1,False,False,,False
10292,Change email on file,"Hi, I need to update the email address on my account.",closed,high,problem,email,web,50655,918,1,2025-08-03T10:00:00,2025-08-03T20:25:00,ACC-002,RET-003,1,True,False,,False
10293,Where is my order?,"Hi, I placed order #472751 on Jul 19 and I can't find any tracking info. Can you tell me where it is?",closed,low,task,web_widget,ecommerce,51207,910,2,2025-07-27T23:25:52,2025-07-28T09:26:52,ORD-001,ORD-001,1,False,False,,False
10294,My order is late,"Hi, my delivery is running late, I ordered the desk lamp over a week ago.",solved,normal,question,web_widget,,52031,905,1,2025-08-14T05:42:55,2025-08-14T11:48:55,ORD-002,ORD-002,1,False,False,,False
10295,Charged twice,"Hi, the amount charged to my card doesn't match my order total, can you check?",solved,low,question,web_widget,ecommerce,53127,920,2,2025-06-13T00:44:15,2025-06-13T10:34:15,PAY-002,PAY-002,1,False,False,,False
10296,Where is my order?,"Hello, just checking on the status of order #547883, it's been a few days and I haven't heard anything.",open,low,question,web_widget,,52095,913,1,2025-08-23T00:39:14,2025-08-23T03:24:14,ORD-001,ORD-001,1,False,False,,False
10297,Refund status,"Hi, when will I get my money back for the item I sent back?",closed,low,task,email,priority,51755,916,1,2025-06-17T12:11:43,2025-06-17T19:08:43,RET-002,RET-002,1,False,False,,False
10298,Still waiting on refund for #434826,"Hi, when will I get my money back for the item I sent back?",solved,low,question,web_widget,,50370,910,2,2025-06-17T13:18:49,2025-06-18T05:54:49,RET-002,RET-002,1,False,False,,False
10299,Tracking question,"Hello, just checking on the status of order #466317, it's been a few days and I haven't heard anything.",closed,normal,task,web_widget,"ecommerce,web",51484,917,1,2025-06-13T03:50:58,2025-06-13T09:14:58,ORD-001,ORD-001,1,False,False,,False
10300,Refund status,"I returned my order #182830 2 days ago and haven't seen a refund yet, can you check?",solved,normal,question,web_widget,mobile_app,51953,919,2,2025-06-03T17:56:09,2025-06-04T03:01:09,RET-002,RET-002,1,False,False,,False
10301,Return eligibility,How many days do I have to return something after delivery?,solved,low,problem,web_widget,,52269,922,2,2025-08-23T15:54:36,2025-08-24T05:32:36,RET-004,RET-004,1,False,False,,False
10302,Charged twice,"I was charged twice for order #451767, can you refund the duplicate?",solved,urgent,incident,web_widget,vip,51105,903,1,2025-07-04T00:20:38,2025-07-04T13:49:38,PAY-002,PAY-002,1,False,False,,False
10303,Update my account details,Can you help me change the phone number linked to my account?,solved,normal,problem,web_widget,ecommerce,50530,922,1,2025-07-01T03:46:26,2025-07-01T16:08:26,ACC-002,ACC-002,1,False,False,,False
10304,Quick question,"Hi, I have a question but I'm not totally sure it's the right team to ask.",open,low,problem,web_widget,ecommerce,52919,924,1,2025-06-22T18:20:13,2025-06-23T06:16:13,GEN-OTHER,GEN-OTHER,1,False,False,,False
10305,Quick question,This might not be the right place but I wasn't sure where else to send this.,closed,normal,question,email,,50291,905,2,2025-07-12T22:30:16,2025-07-13T09:52:16,GEN-OTHER,GEN-OTHER,1,False,False,,False
10306,Wrong address on order,"I moved recently and my order #265890 is still set to go to my old address, can this be fixed?",open,normal,task,web_widget,ecommerce,52866,917,1,2025-08-17T15:32:06,2025-08-18T03:11:06,ORD-005,ORD-005,1,False,False,,False
10307,Delivery delay on #695807,"Hi, my delivery is running late, I ordered the phone case over a week ago.",solved,normal,problem,web_widget,,52232,904,2,2025-06-14T05:52:40,2025-06-14T14:01:40,ORD-002,GEN-OTHER,1,True,False,,False
10308,Package hasn't arrived yet,"Hi, my delivery is running late, I ordered the laptop sleeve over a week ago.",pending,high,task,email,,50378,913,1,2025-08-08T13:20:19,2025-08-08T18:31:19,ORD-002,ACC-003,1,True,False,,False
10309,Where is my order?,"Hi, I placed order #572445 on Jul 13 and I can't find any tracking info. Can you tell me where it is?",solved,normal,question,email,"mobile_app,web",53244,921,1,2025-07-18T09:28:46,2025-07-18T16:22:46,ORD-001,ORD-001,1,False,False,,False
10310,Item stopped working,The running shoes I ordered stopped working after 4 days of normal use.,closed,normal,question,web_widget,"web,ecommerce",51680,911,1,2025-07-20T09:02:27,2025-07-20T14:52:27,PRD-001,PRD-001,1,False,False,,False
10311,Charged twice,"Hi, the amount charged to my card doesn't match my order total, can you check?",pending,normal,task,email,,52734,909,2,2025-06-20T06:50:14,2025-06-20T16:38:14,PAY-002,PAY-002,1,False,False,,False
10312,Where is my refund?,"I returned my order #956379 13 days ago and haven't seen a refund yet, can you check?",solved,low,incident,web_widget,"web,mobile_app",51698,901,1,2025-06-14T23:03:50,2025-06-15T03:11:50,RET-002,RET-002,1,False,False,,False
10313,Product arrived defective,The running shoes I ordered stopped working after 3 days of normal use.,pending,low,incident,email,vip,53453,924,1,2025-06-24T16:28:53,2025-06-25T01:11:53,PRD-001,PRD-001,1,False,False,,False
10314,Received wrong product,I ordered the leather wallet but received a completely different item.,solved,normal,problem,web_widget,priority,52700,901,1,2025-08-25T02:29:09,2025-08-25T08:58:09,PRD-002,PAY-003,1,True,False,,False
10315,Defective running shoes,The running shoes I ordered stopped working after 7 days of normal use.,pending,low,incident,web_widget,"priority,vip",50736,909,1,2025-06-17T06:19:42,2025-06-17T18:16:42,PRD-001,PRD-001,1,False,False,,False
10316,Not as pictured,"Hi, the quality of this item really doesn't match the product description on the site.",closed,normal,question,web_widget,,51120,915,1,2025-06-09T08:54:22,2025-06-09T21:59:22,PRD-005,PRD-005,1,False,False,,False
10317,Discount code not working,"Hi, I was supposed to get a discount but my order #776434 was charged full price.",closed,normal,problem,email,"ecommerce,mobile_app",52094,908,1,2025-06-27T17:06:38,2025-06-27T21:57:38,PAY-004,PAY-004,1,False,False,,False
10318,Defective graphic t-shirt,"Hi, my order arrived and the graphic t-shirt is broken, it won't turn on at all.",solved,normal,incident,web_widget,ecommerce,51161,919,1,2025-06-20T19:03:06,2025-06-21T03:36:06,PRD-001,PRD-001,1,False,False,,False
10319,GDPR data request,"Hi, I'd like to delete my account adn all data you hold on me, please confirm once done.",solved,normal,question,email,"ecommerce,web",52636,925,2,2025-08-29T22:13:00,2025-08-30T06:59:00,ACC-003,ACC-003,1,False,False,,False
10320,Random query,This might not be the right place but I wasn't sure where else to send this.,solved,high,task,web_widget,priority,50917,901,2,2025-06-13T15:04:06,2025-06-14T00:37:06,GEN-OTHER,GEN-001,1,True,False,,False
10321,Still waiting on refund for #568482,"Hi, when will I get my money back for the item I sent back?",open,low,question,email,mobile_app,53084,918,2,2025-08-27T21:54:57,2025-08-28T07:11:57,RET-002,RET-002,1,False,False,,False
10322,Defective leather wallet,"Hi, my order arrived and the leather wallet is broken, it won't turn on at all.",solved,low,problem,email,"ecommerce,priority",50769,915,1,2025-06-19T23:49:52,2025-06-20T12:27:52,PRD-001,PRD-001,1,False,False,,False
10323,Change email on file,Can you help me change the phone number linked to my account?,solved,normal,task,web_widget,,51888,903,2,2025-06-22T21:31:01,2025-06-23T05:52:01,ACC-002,ACC-002,1,False,False,,False
10324,Return policy question,"Hi, quick question about your returns policy, can I return an item I already opened?",solved,low,problem,web_widget,,51649,905,1,2025-07-19T04:50:38,2025-07-19T15:11:38,RET-004,RET-004,1,False,False,,False
10325,Defective running shoes,"Hi, my order arrived and the running shoes is broken, it won't turn on at all.",closed,urgent,question,web_widget,,53218,906,1,2025-06-27T05:07:45,2025-06-27T16:01:45,PRD-001,PRD-001,1,False,False,,False
10326,When will this be back in stock?,"Hi, the sunglasses shows as out of stock, do you know when it'll be available again?",pending,normal,problem,email,"web,mobile_app",51935,903,1,2025-06-02T13:59:36,2025-06-02T23:58:36,PRD-004,PRD-004,1,False,False,,False
10327,Where is my order?,"Hi, I placed order #530250 on Jul 29 and I can't find any tracking info. Can you tell me where it is?",solved,low,problem,email,,50461,908,1,2025-08-06T06:48:40,2025-08-06T21:47:40,ORD-001,ORD-001,1,False,False,,False
10328,Duplicate charge on my card,"I was charged twice for order #402418, can you refund the duplicate?",solved,normal,task,web_widget,,51775,925,1,2025-08-28T02:57:50,2025-08-28T06:17:50,PAY-002,PAY-002,1,False,False,,False
10329,Charged twice,"I was charged twice for order #626378, can you refund the duplicate?",closed,normal,problem,web_widget,web,50204,908,1,2025-08-19T23:35:18,2025-08-20T15:51:18,PAY-002,PRD-003,1,True,False,,False
10330,Password reset not working,"The password reset link you sent isn't working, can you help me get back in?",pending,high,question,email,priority,52573,914,1,2025-07-05T05:18:50,2025-07-05T11:49:50,ACC-001,PAY-004,1,True,False,,False
10331,Locked out of my account,"Hi, I can't log into my account, it keeps saying my password is wrong even after resetting it.",solved,high,incident,web_widget,ecommerce,51650,921,1,2025-08-13T11:58:48,2025-08-14T02:04:48,ACC-001,ACC-001,1,False,False,,False
10332,Where is my order?,"Hi, I placed order #260455 on May 30 and I can't find any tracking info. Can yuo tell me where it is?",closed,normal,question,web_widget,"priority,web",53299,915,1,2025-06-19T06:26:07,2025-06-19T17:22:07,ORD-001,ORD-001,1,False,False,,False
10333,Partial refund issue,"Hi, I was only refunded part of my order, can you check what happened?",closed,low,problem,email,mobile_app,52095,923,1,2025-06-19T05:40:30,2025-06-19T14:22:30,RET-003,RET-003,1,False,False,,False
10334,Password reset not working,"Hi, I can't log into my account, it keeps saying my password is wrong even after resetting it.",closed,normal,problem,web_widget,ecommerce,51134,900,2,2025-07-03T13:30:32,2025-07-04T07:55:32,ACC-001,ACC-001,1,False,False,,False
10335,Where is my order?,"Hi, I placed order #211380 on May 30 and I can't find any tracking info. Can you tell me where it is?",solved,low,task,web_widget,"web,priority",50184,900,2,2025-06-15T11:43:14,2025-06-15T15:30:14,ORD-001,ORD-001,1,False,False,,False
10336,My order is late,Order #878204 was supposed to arrive on Jul 26 and it's still not here. What's going on?,closed,normal,task,web_widget,web,50801,908,1,2025-08-01T18:58:18,2025-08-02T05:38:18,ORD-002,ORD-002,1,False,False,,False
10337,Wrong item received,I ordered the running shoes but recieved a completely different item.,solved,normal,problem,email,,52288,904,2,2025-07-10T22:44:27,2025-07-11T12:32:27,PRD-002,PRD-001,1,True,False,,False
10338,Incorrect charge amount,"I was charged twice for order #246054, can you refund teh duplicate?",solved,normal,incident,email,mobile_app,51384,913,1,2025-07-01T10:48:56,2025-07-02T00:14:56,PAY-002,PAY-002,1,False,False,,False
10339,Order #158045 status,"Hello, just checking on the status of order #158045, it's been a few days and I haven't heard anything.",solved,normal,question,email,,51242,925,2,2025-08-28T10:11:14,2025-08-28T22:16:14,ORD-001,GEN-OTHER,1,True,False,,False
10340,Order #559859 status,"Hi, I placed order #559859 on May 31 and I can't find any tracking info. Can you tell me where it is?",solved,low,task,email,"mobile_app,vip",53576,923,1,2025-06-06T04:15:04,2025-06-06T20:52:04,ORD-001,ORD-001,1,False,False,,False
10341,My order never arrived,Order #877947 shows as delivered but I never received anything. I've checked with neighbours and the building office.,closed,normal,question,web_widget,priority,50321,906,2,2025-08-16T14:07:33,2025-08-16T17:39:33,ORD-003,ORD-003,1,False,False,,False
10342,Tracking question,"Hi, I placed order #900059 on Jul 19 and I can't find any tracking info. Can you tell me where it is?",closed,low,problem,web_widget,,52703,913,1,2025-07-31T02:40:19,2025-07-31T16:49:19,ORD-001,ORD-001,1,False,False,,False
10343,Where is my order?,"Hello, just checking on the status of order #387592, it's been a few days and I haven't heard anything.",solved,normal,question,web_widget,"web,vip",53159,917,1,2025-07-22T23:32:25,2025-07-23T10:35:25,ORD-001,ORD-001,1,False,False,,False
10344,Order #618970 missing an item,"I just opened my package for order #618970 and the smartwatch is missing, only the rest of the items were inside.",solved,low,problem,web_widget,"mobile_app,ecommerce",50262,914,1,2025-08-09T17:18:50,2025-08-10T04:34:50,ORD-004,ORD-004,1,False,False,,False
10345,Return process question,What's the process to send back an item I ordered? It doesn't fit.,solved,urgent,incident,web_widget,"web,mobile_app",52629,913,2,2025-06-14T00:33:01,2025-06-14T14:42:01,RET-001,ORD-005,1,True,False,,False
10346,Invoice request for #736592,Where can I download a receipt for my recent purchase?,solved,normal,task,web_widget,web,52207,923,1,2025-08-19T23:04:33,2025-08-20T10:48:33,PAY-003,PAY-003,1,False,False,,False
10347,Defective smartwatch,The smartwatch I ordered stopped working after 11 days of normal use.,solved,normal,incident,email,ecommerce,52071,902,2,2025-07-30T11:13:30,2025-07-30T18:37:30,PRD-001,PRD-001,1,False,False,,False
10348,Quality doesn't match description,The denim jacket I received feels much cheaper than it looked in the photos.,pending,high,question,email,,50683,903,1,2025-08-09T16:16:35,2025-08-10T00:06:35,PRD-005,PRD-005,1,False,False,,False
10349,GDPR data request,"Hi, I'd like to delete my account and all data you hold on me, please confirm once done.",solved,low,task,web_widget,"web,mobile_app",50302,923,2,2025-08-26T11:07:28,2025-08-26T23:40:28,ACC-003,ACC-003,1,False,False,,False
10350,A suggestion for you,Have you considered adding more filters to the search page? Would make browsing easier.,open,normal,incident,web_widget,,51168,910,1,2025-08-08T22:20:11,2025-08-09T08:17:11,GEN-002,GEN-002,1,False,False,,False
10351,Refund status,"I returned my order #566432 15 days ago and haven't seen a refund yet, can you check?",solved,normal,problem,email,,51513,906,1,2025-08-26T06:40:36,2025-08-26T12:58:36,RET-002,RET-002,1,False,False,,False
10352,Need a return label,"Hi, I'd like to return the yoga mat from order #982304, can you send me a return label?",closed,low,question,web_widget,"priority,web",51775,903,2,2025-08-12T06:57:33,2025-08-12T19:53:33,RET-001,RET-001,1,False,False,,False
10353,This isn't what I ordered,I ordered the laptop sleeve but received a completely different item.,solved,normal,task,web_widget,vip,50158,913,1,2025-07-26T19:56:24,2025-07-27T07:01:24,PRD-002,PRD-002,1,False,False,,False
10354,My order is late,"Hi, my delivery is running late, I ordered the phone case over a week ago.",pending,low,incident,web_widget,,52705,903,1,2025-07-07T05:38:45,2025-07-07T14:16:45,ORD-002,ORD-002,1,False,False,,False
10355,Package hasn't arrived yet,Order #316217 was supposed to arrive on Jul 19 and it's stil not here. What's going on?,pending,normal,incident,web_widget,,51263,914,1,2025-07-23T02:39:56,2025-07-23T12:54:56,ORD-002,ORD-002,1,False,False,,False
10356,Lost order #114303,"Hi, the courier says my pacakge for order #114303 was delivered but it's nowhere to be found.",solved,normal,incident,web_widget,"mobile_app,priority",51531,910,1,2025-07-21T07:56:46,2025-07-21T19:05:46,ORD-003,LOY-001,1,True,False,,False
10357,Refund status,"Hi, when will I get my money back for the item I sent back?",solved,normal,question,web_widget,,53405,919,2,2025-08-11T10:21:20,2025-08-12T00:13:20,RET-002,RET-002,1,False,False,,False
10358,Wrong address on order,"Hi, I think I entered the wrong address for order #250755, could you update it before it ships?",closed,normal,task,email,priority,51831,911,1,2025-06-10T22:00:41,2025-06-11T04:47:41,ORD-005,ORD-005,1,False,False,,False
10359,Need a return label,"Hi, I'd like to return the bluetooth speaker from order #783680, can you send me a return label? Hi, quick question about your returns policy, can I return an item I already opened?",pending,low,task,web_widget,"web,mobile_app",53092,917,2,2025-07-20T15:51:31,2025-07-20T22:16:31,RET-001,RET-001,1,False,True,RET-004,False
10360,Order #223295 status,"Hello, just checking on the status of order #223295, it's been a few days and I haven't heard anything.",solved,normal,incident,web_widget,,50572,923,2,2025-07-09T01:27:25,2025-07-09T16:30:25,ORD-001,ORD-001,1,False,False,,False
10361,Partial refund issue,I got refunded for order #264052 but the amount is way less than what I paid.,solved,normal,problem,email,"web,mobile_app",52202,914,1,2025-06-06T13:29:39,2025-06-07T05:55:39,RET-003,RET-003,1,False,False,,False
10362,Where is my order?,"Hello, just checking on teh status of order #942377, it's been a few days and I haven't heard anything.",closed,high,problem,web_widget,"priority,web",50857,905,1,2025-06-22T02:26:13,2025-06-22T13:02:13,ORD-001,ORD-001,1,False,False,,False
10363,Defective yoga mat,"Hi, my order arrived and the yoga mat is broken, it won't turn on at all.",open,urgent,incident,web_widget,"priority,ecommerce",52595,908,2,2025-08-16T10:44:27,2025-08-16T17:41:27,PRD-001,PRD-001,1,False,False,,False
10364,Missing points from order,What benefits come with the premium membership tier?,solved,low,incident,email,,52401,909,1,2025-08-22T22:11:23,2025-08-23T04:02:23,LOY-001,LOY-001,1,False,False,,False
10365,My order is late,Order #564915 was supposed to arrive on Aug 13 and it's still not here. What's going on?,closed,high,incident,email,,53567,904,1,2025-08-15T22:02:54,2025-08-16T07:13:54,ORD-002,ORD-002,1,False,False,,False
10366,Stock availability question,Is there any way to get notified when the yoga mat is restocked?,solved,normal,question,email,,50706,914,1,2025-07-26T09:21:12,2025-07-26T19:22:12,PRD-004,PRD-004,1,False,False,,False
10367,Disappointed with quality,The leather wallet I received feels much cheaper than it looked in the photos.,solved,normal,problem,web_widget,"web,mobile_app",50890,920,1,2025-06-08T09:32:56,2025-06-08T15:38:56,PRD-005,PRD-005,1,False,False,,False
10368,Frustrated customer,"Hi, I've had several issues with my last few orders and I'm not happy with the service.",open,normal,incident,web_widget,web,53397,920,1,2025-06-16T12:24:02,2025-06-16T20:33:02,GEN-001,GEN-001,1,False,False,,False
10369,Update my account details,Can you help me change the phone number linked to my account?,solved,normal,task,email,vip,51322,911,1,2025-07-30T22:05:37,2025-07-31T07:23:37,ACC-002,ACC-002,1,False,False,,False
10370,Order #345684 status,"Hello, just checking on the status of order #345684, it's been a few days and I haven't heard anything.",pending,normal,incident,web_widget,"priority,web",52461,910,1,2025-07-07T12:19:19,2025-07-07T22:31:19,ORD-001,ORD-001,1,False,False,,False
10371,Can't log in,"The password reset link you sent isn't working, can you help me get back in?",solved,high,task,web_widget,"ecommerce,vip",50704,909,1,2025-06-17T19:15:15,2025-06-18T03:22:15,ACC-001,ACC-001,1,False,False,,False
10372,Delivery delay on #738081,Order #738081 was supposed to arrive on Jul 18 and it's still not here. What's going on?,solved,normal,problem,web_widget,"mobile_app,ecommerce",52000,921,2,2025-07-24T09:04:01,2025-07-24T14:56:01,ORD-002,ORD-002,1,False,False,,False
10373,Defective sneakers,"Hi, my order arrived and teh sneakers is broken, it won't turn on at all.",solved,normal,task,web_widget,vip,51069,913,1,2025-07-07T05:54:43,2025-07-07T12:05:43,PRD-001,PRD-001,1,False,False,,False
10374,My order is late,Order #544664 was supposed to arrive on May 24 and it's still not here. What's going on?,solved,low,problem,web_widget,vip,53457,917,2,2025-06-11T03:57:50,2025-06-11T16:32:50,ORD-002,ORD-002,1,False,False,,False
10375,Still waiting on refund for #118369,"I returned my order #118369 6 days ago and haven't seen a refund yet, can yuo check?",solved,low,problem,web_widget,,53140,900,1,2025-06-17T06:26:18,2025-06-17T12:26:18,RET-002,RET-002,1,False,False,,False
10376,Where is my refund?,"Hi, when will I get my money back for teh item I sent back?",closed,low,incident,web_widget,"ecommerce,mobile_app",52495,923,1,2025-08-20T06:50:06,2025-08-20T22:52:06,RET-002,RET-002,1,False,False,,False
10377,Delivery delay on #920039,"Hi, my delivery is running late, I ordered the yoga mat over a week ago.",closed,normal,task,web_widget,"mobile_app,priority",50742,921,1,2025-06-01T11:02:26,2025-06-01T22:05:26,ORD-002,ORD-002,1,False,False,,False
10378,Refund status,"I returned my order #792792 12 days ago and haven't seen a refund yet, can you check?",closed,normal,question,web_widget,,52180,922,1,2025-07-06T12:06:16,2025-07-06T21:21:16,RET-002,RET-002,1,False,False,,False
10379,Delivery delay on #915293,"Hi, my delivery is running late, I ordered the sunglasses over a week ago.",open,low,incident,web_widget,,50865,903,1,2025-06-17T06:12:55,2025-06-17T17:33:55,ORD-002,ORD-002,1,False,False,,False
10380,Stock availability question,"Hi, the phone case shows as out of stock, do you know when it'll be available again?",closed,normal,task,web_widget,,52181,910,2,2025-07-30T17:28:11,2025-07-30T21:23:11,PRD-004,PRD-004,1,False,False,,False
10381,My order never arrived,Order #595104 shows as delivered but I never received anything. I've checked with neighbours and the building office.,closed,high,question,email,web,53482,905,1,2025-08-05T19:32:55,2025-08-06T10:37:55,ORD-003,ORD-003,1,False,False,,False
10382,Not as pictured,The leather wallet I received feels much cheaper than it looked in the photos.,solved,low,question,web_widget,"ecommerce,mobile_app",50495,922,2,2025-07-29T21:35:34,2025-07-30T05:59:34,PRD-005,PRD-005,1,False,False,,False
10383,Still waiting on refund for #822672,"Hi, when will I get my money back for the item I sent back?",solved,high,problem,web_widget,,52904,915,2,2025-08-08T21:38:16,2025-08-09T14:26:16,RET-002,RET-002,1,False,False,,False
10384,Tracking question,"Hi, I placed order #481851 on May 28 and I can't find any tracking info. Can you tell me where it is?",pending,low,question,web_widget,priority,53485,906,1,2025-06-14T12:06:37,2025-06-14T22:03:37,ORD-001,ORD-001,1,False,False,,False
10385,Incorrect charge amount,"I was charged twice for order #781570, can you refund the duplicate? I returned my order #781570 9 days ago and haven't seen a refund yet, can you check?",solved,normal,incident,web_widget,"mobile_app,priority",50918,904,1,2025-08-10T19:35:46,2025-08-11T00:47:46,PAY-002,PAY-002,1,False,True,RET-002,False
10386,Payment declined,"My card keeps getting declined when I try to check out, even though there are funds available.",solved,normal,problem,web_widget,"mobile_app,ecommerce",50164,919,1,2025-06-26T06:09:05,2025-06-27T00:04:05,PAY-001,PAY-001,1,False,False,,False
10387,Receipt for accounting,Where can I download a receipt for my recent purchase?,solved,normal,question,email,,52949,914,2,2025-06-18T17:32:37,2025-06-19T03:42:37,PAY-003,PAY-003,1,False,False,,False
10388,Wrong refund amount,"Hi, I was only refunded part of my order, can you check what happened?",solved,high,incident,web_widget,,51997,900,1,2025-08-28T16:30:32,2025-08-28T23:50:32,RET-003,RET-003,1,False,False,,False
10389,Package hasn't arrived yet,"Hi, my delivery is running late, I ordered the yoga mat over a week ago.",solved,normal,task,email,,51326,905,1,2025-07-07T01:35:50,2025-07-07T12:26:50,ORD-002,ORD-002,1,False,False,,False
10390,Wrong item received,"Hi, the color/size I received doesn't match order #246727 at all.",solved,high,task,email,,53122,912,1,2025-07-08T05:00:22,2025-07-08T12:35:22,PRD-002,PRD-002,1,False,False,,False
10391,When will this be back in stock?,"Hi, the phone case shows as out of stock, do you know when it'll be available again?",solved,normal,problem,email,,53199,921,1,2025-08-27T08:33:58,2025-08-27T22:43:58,PRD-004,PRD-004,1,False,False,,False
10392,Quality doesn't match description,"Hi, the quality of this item really doesn't match the product description on the site.",pending,normal,question,email,"vip,ecommerce",53162,924,1,2025-08-11T12:49:44,2025-08-11T19:00:44,PRD-005,PRD-005,1,False,False,,False
10393,Password reset not working,"Hi, I can't log into my account, it keeps saying my password is wrong even after resetting it.",closed,normal,incident,email,,52317,913,2,2025-08-27T08:41:32,2025-08-27T22:17:32,ACC-001,ACC-001,1,False,False,,False
10394,Charged twice,"Hi, teh amount charged to my card doesn't match my order total, can you check?",solved,low,question,web_widget,,50744,920,1,2025-07-12T07:52:33,2025-07-12T20:01:33,PAY-002,PAY-002,1,False,False,,False
10395,How do I return this?,What's the process to send back an item I ordered? It doesn't fit.,open,low,incident,web_widget,mobile_app,53192,904,1,2025-08-26T21:29:04,2025-08-27T05:09:04,RET-001,RET-001,1,False,False,,False
10396,Need an invoice,"Hi, could you send me an invoice for order #197362? I need it for accounting.",solved,normal,task,web_widget,,51635,906,1,2025-07-05T15:13:37,2025-07-06T03:46:37,PAY-003,PAY-003,1,False,False,,False
10397,Where is my refund?,"I returned my order #988991 13 days ago and haven't seen a refund yet, can you check?",closed,high,task,web_widget,"priority,web",51452,911,2,2025-08-16T03:26:04,2025-08-16T17:22:04,RET-002,RET-002,1,False,False,,False
10398,My order is late,Order #523262 was supposed to arrive on May 22 and it's still not here. What's going on? Order #523262 shows as delivered but I never received anything. I've checked with neighbours and the building office.,solved,urgent,question,email,mobile_app,51495,903,2,2025-06-03T17:29:31,2025-06-03T23:52:31,ORD-002,ORD-002,1,False,True,ORD-003,False
10399,Need an invoice,Where can I download a receipt for my recent purchase?,solved,normal,task,web_widget,"ecommerce,priority",53506,917,1,2025-08-17T23:57:38,2025-08-18T09:16:38,PAY-003,PAY-003,1,False,False,,False
10400,How do I return this?,What's the process to send back an item I ordered? It doesn't fit.,solved,low,task,web_widget,,50926,908,1,2025-07-31T00:24:19,2025-07-31T13:57:19,RET-001,RET-001,1,False,False,,False
10401,Can't complete checkout,"Hi, I'm getting a payment error and can't finish my order.",solved,low,problem,web_widget,vip,51856,919,1,2025-07-11T00:53:07,2025-07-11T14:00:07,PAY-001,PAY-001,1,False,False,,False
10402,Thank you!,"Just wanted to say thank you, my order arrived early and in perfect condition.",closed,normal,task,email,ecommerce,51853,913,1,2025-08-25T12:28:05,2025-08-26T04:17:05,GEN-003,GEN-003,1,False,False,,False
10403,Update my account details,Can you help me change the phone number linked to my account?,pending,normal,incident,web_widget,,51641,909,1,2025-07-18T11:46:26,2025-07-18T16:24:26,ACC-002,ACC-002,1,False,False,,False
10404,Discount code not working,I used the code NOVA5 but it didn't apply any discount at checkout.,solved,low,problem,email,,52646,913,1,2025-06-18T14:25:15,2025-06-18T22:28:15,PAY-004,PAY-004,1,False,False,,False
10405,Product arrived defective,"Hi, my order arrived and the sneakers is broken, it won't turn on at all.",solved,low,task,web_widget,priority,51562,908,1,2025-07-13T11:08:27,2025-07-13T20:39:27,PRD-001,PRD-001,1,False,False,,False
10406,Didn't get my discount,"Hi, I was supposed to get a discount but my order #611560 was charged full price.",pending,normal,question,email,"mobile_app,ecommerce",52421,913,1,2025-06-10T11:06:49,2025-06-10T20:11:49,PAY-004,LOY-001,1,True,False,,False
10407,Tracking question,"Hello, just checking on the status of order #532164, it's been a few days and I haven't heard anything.",closed,high,problem,web_widget,"priority,vip",50884,918,1,2025-07-28T09:23:21,2025-07-28T22:03:21,ORD-001,ORD-001,1,False,False,,False
10408,Wrong item received,"Hi, the color/size I received doesn't match order #428124 at all.",closed,normal,question,web_widget,,53394,909,1,2025-08-05T17:06:05,2025-08-05T22:18:05,PRD-002,PRD-002,1,False,False,,False
10409,Locked out of my account,"Hi, I can't log into my account, it keeps saying my password is wrong even after resetting it.",solved,low,incident,email,,52914,919,2,2025-07-31T08:45:25,2025-07-31T17:01:25,ACC-001,ACC-001,1,False,False,,False
10410,Delivery delay on #411210,"Hi, my delivery is running late, I ordered the wireless headphones over a week ago.",solved,low,incident,web_widget,"priority,web",51004,907,1,2025-08-13T20:48:13,2025-08-14T05:42:13,ORD-002,ORD-002,1,False,False,,False
10411,Item stopped working,"Hi, my order arrived and teh smartwatch is broken, it won't turn on at all.",closed,low,problem,web_widget,"vip,web",50395,925,2,2025-08-04T11:25:30,2025-08-04T21:00:30,PRD-001,PRD-001,1,False,False,,False
10412,Out of stock item,Is there any way to get notified when the smartwatch is restocked?,solved,low,incident,email,,52980,900,2,2025-07-15T16:11:27,2025-07-16T07:23:27,PRD-004,PRD-004,1,False,False,,False
10413,Tracking question,"Hello, just checking on the status of order #523158, it's been a few days and I haven't heard anything.",open,normal,problem,web_widget,,52659,915,2,2025-07-01T04:48:05,2025-07-01T12:05:05,ORD-001,ORD-001,1,False,False,,False
10414,Quick question,This might not be the right place but I wasn't sure where else to send this.,open,low,incident,web_widget,"priority,mobile_app",52145,908,1,2025-07-26T04:10:03,2025-07-26T11:11:03,GEN-OTHER,GEN-OTHER,1,False,False,,False
10415,Invoice request for #131815,Where can I download a receipt for my recent purchase?,pending,normal,question,email,,52893,924,1,2025-06-14T13:10:52,2025-06-14T23:11:52,PAY-003,PAY-003,1,False,False,,False
10416,Return eligibility,"Hi, quick question about your returns policy, can I return an item I already opened?",closed,low,question,web_widget,web,51385,907,1,2025-06-22T19:05:52,2025-06-23T04:12:52,RET-004,LOY-001,1,True,False,,False
10417,Charged twice,"Hi, the amount charged to my card doesn't match my order total, can you check?",solved,normal,question,email,,51982,919,1,2025-07-16T07:03:50,2025-07-17T00:44:50,PAY-002,PAY-002,1,False,False,,False
10418,Where is my order?,"Hello, just checking on the status of order #313498, it's been a few days and I haven't heard anything.",solved,high,task,email,"vip,priority",51872,905,2,2025-08-04T20:17:20,2025-08-05T05:49:20,ORD-001,RET-004,1,True,False,,False
10419,Stock availability question,Is there any way to get notified when the winter coat is restocked?,solved,urgent,task,web_widget,vip,53599,920,2,2025-06-25T19:32:26,2025-06-26T02:19:26,PRD-004,PRD-004,1,False,False,,False
10420,Refund status,"I returned my order #311944 15 days ago and haven't seen a refund yet, can you check?",closed,normal,question,web_widget,,53504,918,1,2025-08-09T06:24:07,2025-08-09T11:06:07,RET-002,RET-002,1,False,False,,False
10421,Package hasn't arrived yet,Order #775424 was supposed to arrive on Jun 30 and it's still not here. What's going on?,solved,normal,task,web_widget,,51398,908,2,2025-07-02T20:50:29,2025-07-03T02:38:29,ORD-002,ORD-002,1,False,False,,False
10422,Refund status,"I returned my order #250456 5 days ago and haven't seen a refund yet, can you check?",closed,normal,incident,web_widget,priority,52533,923,1,2025-08-24T21:44:20,2025-08-25T17:53:20,RET-002,RET-002,1,False,False,,False
10423,Quick question,"Hi, I have a question but I'm not totally sure it's the right team to ask.",solved,normal,problem,web_widget,priority,50591,909,1,2025-06-16T20:52:24,2025-06-17T03:47:24,GEN-OTHER,GEN-OTHER,1,False,False,,False
10424,Delivery delay on #304054,"Hi, my delivery is running late, I ordered the bluetooth speaker over a week ago.",pending,normal,task,web_widget,ecommerce,52962,916,1,2025-06-20T17:57:45,2025-06-20T21:55:45,ORD-002,ORD-002,1,False,False,,False
10425,Order #882208 missing an item,"I just opened my package for order #882208 and the sneakers is missing, only the rest of the items were inside.",open,normal,question,web_widget,web,52842,906,1,2025-07-31T17:04:11,2025-08-01T02:30:11,ORD-004,ORD-004,1,False,False,,False
10426,Need to change shipping address,"I moved recently and my order #206429 is still set to go to my old address, can this be fixed?",solved,high,incident,web_widget,,53392,914,1,2025-08-04T01:02:11,2025-08-04T11:04:11,ORD-005,ORD-005,1,False,False,,False
10427,Random query,This might not be the right place but I wasn't sure where else to send this.,open,normal,task,email,vip,52014,921,1,2025-08-20T14:37:21,2025-08-20T21:19:21,GEN-OTHER,GEN-OTHER,1,False,False,,False
10428,Missing points from order,What benefits come with the premium membership tier?,pending,high,question,email,,50786,916,1,2025-07-18T08:54:57,2025-07-18T15:51:57,LOY-001,LOY-001,1,False,False,,False
10429,Still waiting on refund for #829062,"Hi, when will I get my money back for the item I sent back?",solved,low,incident,email,,51239,912,1,2025-07-13T18:59:24,2025-07-14T14:04:24,RET-002,RET-002,1,False,False,,False
10430,Password reset not working,"The password reset link you sent isn't working, can you help me get back in?",closed,normal,task,web_widget,"priority,mobile_app",50039,923,1,2025-08-13T10:53:21,2025-08-13T17:20:21,ACC-001,ACC-001,1,False,False,,False
10431,Stock availability question,"Hi, the desk lamp shows as out of stock, do yuo know when it'll be available again?",solved,normal,problem,web_widget,"vip,priority",53348,906,2,2025-07-16T02:00:38,2025-07-16T09:13:38,PRD-004,PRD-004,1,False,False,,False
10432,Product arrived defective,The backpack I ordered stopped working after 14 days of normal use.,closed,normal,problem,web_widget,"mobile_app,vip",51747,908,2,2025-08-06T22:36:15,2025-08-07T05:29:15,PRD-001,GEN-OTHER,1,True,False,,False
10433,Not sure who to ask,This might not be the right place but I wasn't sure where else to send this.,solved,normal,incident,web_widget,,52046,909,2,2025-06-29T12:47:34,2025-06-29T23:54:34,GEN-OTHER,GEN-OTHER,1,False,False,,False
10434,My order is late,"Hi, my delivery is running late, I ordered teh running shoes over a week ago.",solved,low,problem,email,"vip,priority",51779,925,2,2025-08-22T09:47:11,2025-08-22T23:35:11,ORD-002,ORD-002,1,False,False,,False
10435,Still waiting on refund for #113597,"Hi, when will I get my money back for the item I sent back?",solved,high,problem,web_widget,vip,50963,916,2,2025-08-13T03:32:13,2025-08-13T07:24:13,RET-002,RET-002,1,False,False,,False
10436,Package hasn't arrived yet,Order #233308 was supposed to arrive on Jun 20 and it's still not here. What's going on?,solved,normal,incident,email,priority,52273,910,1,2025-07-01T03:12:44,2025-07-01T11:10:44,ORD-002,ORD-002,1,False,False,,False
10437,This isn't what I ordered,"Hi, the color/size I received doesn't match order #443109 at all.",solved,low,incident,web_widget,,51490,924,1,2025-06-23T10:40:14,2025-06-23T20:49:14,PRD-002,PRD-002,1,False,False,,False
10438,Still waiting on refund for #913482,"Hi, when will I get my money back for the item I sent back?",pending,normal,problem,web_widget,"mobile_app,ecommerce",50118,920,1,2025-07-09T08:36:05,2025-07-09T14:11:05,RET-002,RET-002,1,False,False,,False
10439,Need a return label,"Hi, I'd like to return the yoga mat from order #976686, can you send me a return label?",solved,normal,question,web_widget,"ecommerce,mobile_app",52575,913,1,2025-07-07T00:03:11,2025-07-07T04:43:11,RET-001,RET-001,1,False,False,,False
10440,Discount code not working,I used teh code SUMMER20 but it didn't apply any discount at checkout.,solved,normal,task,web_widget,,52628,925,1,2025-06-15T02:34:35,2025-06-15T21:38:35,PAY-004,LOY-001,1,True,False,,False
10441,How long do I have to return an item?,"Hi, quick question about your returns policy, can I return an item I already opened?",pending,normal,problem,web_widget,web,50819,918,1,2025-06-21T21:21:37,2025-06-22T08:03:37,RET-004,LOY-001,1,True,False,,False
10442,My order is late,"Hi, my delivery is running late, I ordered the sneakers over a week ago.",pending,low,task,email,mobile_app,52668,921,1,2025-07-07T22:14:13,2025-07-08T07:58:13,ORD-002,ORD-002,1,False,False,,False
10443,Product arrived defective,The running shoes I ordered stopped working after 11 days of normal use.,solved,low,task,email,ecommerce,52465,924,1,2025-07-15T18:05:30,2025-07-16T00:50:30,PRD-001,PRD-001,1,False,False,,False
10444,Complaint about recent order,"I want to file a complaint, my overall experience with this order has been really disappointing.",solved,normal,task,web_widget,,50491,909,1,2025-07-12T14:10:59,2025-07-12T20:15:59,GEN-001,RET-003,1,True,False,,False
10445,Can't log in,"The password reset link you sent isn't working, can you help me get back in?",closed,normal,problem,email,web,52362,901,1,2025-08-27T07:54:49,2025-08-27T18:59:49,ACC-001,ACC-001,1,False,False,,False
10446,Refund status,"Hi, when will I get my money back for the item I sent back?",pending,urgent,incident,web_widget,"priority,web",52214,904,1,2025-07-29T04:36:22,2025-07-29T13:02:22,RET-002,RET-002,1,False,False,,False
10447,Order #539328 status,"Hi, I placed order #539328 on Jul 30 and I can't find any tracking info. Can you tell me where it is?",closed,normal,question,web_widget,"mobile_app,priority",53343,925,1,2025-08-03T02:21:25,2025-08-03T18:03:25,ORD-001,ORD-001,1,False,False,,False
10448,Where is my order?,"Hello, just checking on the status of order #932143, it's been a few days and I haven't heard anything.",solved,normal,question,web_widget,mobile_app,53417,922,2,2025-06-18T03:24:45,2025-06-18T04:53:45,ORD-001,ORD-001,1,False,False,,False
10449,Still waiting on refund for #418543,"I returned my order #418543 11 days ago and haven't seen a refund yet, can you check?",solved,normal,problem,web_widget,ecommerce,50043,922,1,2025-07-02T05:39:24,2025-07-02T16:21:24,RET-002,RET-002,1,False,False,,False
10450,Still waiting on refund for #743529,"I returned my order #743529 2 days ago and haven't seen a refund yet, can you check?",pending,low,incident,web_widget,"vip,mobile_app",51322,909,1,2025-08-04T01:59:54,2025-08-04T14:20:54,RET-002,RET-002,1,False,False,,False
10451,Delivery delay on #609867,Order #609867 was supposed to arrive on Aug 08 and it's still not here. What's going on?,solved,normal,task,web_widget,"vip,ecommerce",50449,921,1,2025-08-16T05:16:04,2025-08-16T13:26:04,ORD-002,ORD-002,1,False,False,,False
10452,Stock availability question,Is there any way to get notified when the running shoes is restocked?,solved,urgent,incident,web_widget,,51714,915,1,2025-07-10T17:05:35,2025-07-11T00:40:35,PRD-004,PRD-004,1,False,False,,False
10453,My order is late,"Hi, my delivery is running late, I ordered teh wireless headphones over a week ago.",solved,high,incident,email,,52292,901,1,2025-06-14T09:58:19,2025-06-14T23:09:19,ORD-002,ORD-002,1,False,False,,False
10454,Delivery delay on #757395,"Hi, my delivry is running late, I ordered the leather wallet over a week ago.",pending,normal,incident,web_widget,"vip,mobile_app",51956,916,2,2025-06-07T14:34:36,2025-06-08T00:44:36,ORD-002,ORD-002,1,False,False,,False
10455,Tracking question,"Hello, just checking on the status of order #188963, it's been a few days and I haven't heard anything.",closed,high,problem,web_widget,,53166,902,1,2025-06-03T19:31:26,2025-06-04T14:12:26,ORD-001,ORD-001,1,False,False,,False
10456,Where is my refund?,"Hi, when will I get my money back for the item I sent back?",solved,low,problem,web_widget,"mobile_app,vip",51282,910,2,2025-07-22T12:28:12,2025-07-23T04:34:12,RET-002,RET-002,1,False,False,,False
10457,Item stopped working,The denim jacket I ordered stopped working after 6 days of normal use.,open,normal,problem,web_widget,priority,51006,912,1,2025-06-25T15:26:59,2025-06-25T21:40:59,PRD-001,PRD-001,1,False,False,,False
10458,Product arrived defective,The winter coat I ordered stopped working after 7 days of normal use.,pending,normal,question,web_widget,"vip,web",51088,901,2,2025-07-28T04:07:31,2025-07-28T13:59:31,PRD-001,ORD-003,1,True,False,,False
10459,Product arrived defective,"Hi, my order arrived and the bluetooth speaker is broken, it won't turn on at all.",solved,high,incident,web_widget,,51760,907,1,2025-07-27T06:43:38,2025-07-27T16:57:38,PRD-001,PRD-001,1,False,False,,False
10460,Item stopped working,"Hi, my order arrived and the smartwatch is broken, it won't turn on at all.",closed,normal,question,web_widget,"mobile_app,priority",50978,921,1,2025-07-23T18:14:55,2025-07-24T10:12:55,PRD-001,PRD-001,1,False,False,,False
10461,Refund status,"I returned my order #360849 5 days ago and haven't seen a refund yet, can yuo check?",solved,high,problem,web_widget,,53227,912,1,2025-06-29T14:24:22,2025-06-29T23:48:22,RET-002,ACC-002,1,True,False,,False
10462,Need an invoice,"Hi, could you send me an invoice for order #986993? I need it for accounting.",solved,normal,incident,web_widget,mobile_app,50897,918,1,2025-07-25T12:45:33,2025-07-25T21:46:33,PAY-003,ORD-003,1,True,False,,False
10463,Defective sneakers,The sneakers I ordered stopped working after 3 days of normal use.,pending,normal,question,web_widget,,50687,907,1,2025-08-27T12:05:12,2025-08-27T23:07:12,PRD-001,PRD-001,1,False,False,,False
10464,Can't log in,"The password reset link you sent isn't working, can you help me get back in?",solved,normal,task,email,"mobile_app,priority",50198,915,1,2025-06-13T00:59:15,2025-06-13T14:32:15,ACC-001,ACC-001,1,False,False,,False
10465,Tracking question,"Hello, just checking on the status of order #485353, it's been a few days adn I haven't heard anything.",solved,low,task,web_widget,vip,52060,915,1,2025-06-04T07:33:13,2025-06-04T15:56:13,ORD-001,ORD-001,1,False,False,,False
10466,Package marked delivered but I got nothing,"Hi, the courier says my package for order #252607 was delivered but it's nowhere to be found. Hi, when will I get my money back for the item I sent back?",solved,normal,task,web_widget,vip,50838,914,1,2025-08-27T08:19:03,2025-08-27T17:04:03,ORD-003,ORD-003,1,False,True,RET-002,False
10467,Need to update my address,"Hi, I need to update the email address on my account.",solved,normal,incident,web_widget,,51507,901,2,2025-07-24T07:18:07,2025-07-24T14:42:07,ACC-002,ACC-002,1,False,False,,False
10468,Where is my order?,"Hi, I placed order #169445 on Aug 17 and I can't find any tracking info. Can you tell me where it is?",solved,low,question,web_widget,vip,51748,917,1,2025-08-23T09:11:13,2025-08-23T21:15:13,ORD-001,ORD-001,1,False,False,,False
10469,Where is my order?,"Hi, I placed order #720434 on Jul 26 and I can't find any tracking info. Can you tell me where it is?",solved,high,question,email,,52084,909,1,2025-08-05T22:12:25,2025-08-06T10:07:25,ORD-001,ORD-001,1,False,False,,False
10470,Partial refund issue,"Hi, I was only refunded part of my order, can you check what happened?",closed,low,question,email,,51784,912,2,2025-06-15T00:31:26,2025-06-15T08:30:26,RET-003,RET-003,1,False,False,,False
10471,Not happy with my experience,"I want to file a complaint, my overall experience with this order has been really disappointing.",solved,high,incident,email,mobile_app,50614,917,1,2025-08-21T14:36:05,2025-08-21T21:26:05,GEN-001,GEN-001,1,False,False,,False
10472,Defective backpack,"Hi, my order arrived and the backpack is broken, it won't turn on at all.",solved,normal,problem,email,,50440,908,1,2025-07-27T00:26:53,2025-07-27T10:20:53,PRD-001,PRD-001,1,False,False,,False
10473,Where is my order?,"Hi, I placed order #716230 on Jun 11 and I can't find any tracking info. Can you tell me where it is?",closed,low,question,web_widget,mobile_app,50985,914,1,2025-06-15T03:04:02,2025-06-15T19:30:02,ORD-001,ORD-001,1,False,False,,False
10474,Incorrect charge amount,"Hi, the amount charged to my card doesn't match my order total, can you check?",open,low,incident,web_widget,"mobile_app,vip",50764,915,1,2025-08-27T23:27:25,2025-08-28T06:29:25,PAY-002,PAY-002,1,False,False,,False
10475,Where is my order?,"Hi, I placed order #478250 on May 24 and I can't find any tracking info. Can you tell me where it is?",open,high,task,email,"web,vip",50828,923,1,2025-06-04T11:59:49,2025-06-04T20:00:49,ORD-001,ORD-001,1,False,False,,False
10476,Tracking question,"Hi, I placed order #717947 on Jun 23 and I can't find any tracking info. Can you tell me where it is?",open,normal,task,web_widget,,52206,924,1,2025-06-26T21:28:21,2025-06-27T05:35:21,ORD-001,ORD-001,1,False,False,,False
10477,Need to update my address,"Hi, I need to update the email address on my account.",closed,low,incident,email,,50311,925,2,2025-07-19T17:17:52,2025-07-20T01:22:52,ACC-002,ACC-002,1,False,False,,False
10478,My order is late,Order #406516 was supposed to arrive on Jul 28 and it's still not here. What's going on?,solved,normal,problem,email,ecommerce,50407,904,2,2025-08-06T12:55:16,2025-08-06T23:53:16,ORD-002,ORD-002,1,False,False,,False
10479,Not happy with my experience,"I want to file a complaint, my overall experience with this order has been really disappointing.",solved,low,incident,web_widget,web,51446,905,1,2025-06-18T05:31:34,2025-06-18T14:02:34,GEN-001,GEN-001,1,False,False,,False
10480,Coupon issue at checkout,"Hi, I was supposed to get a discount but my order #918691 was charged full price.",solved,normal,task,web_widget,"vip,ecommerce",53062,922,1,2025-08-07T18:42:14,2025-08-08T05:46:14,PAY-004,PAY-001,1,True,False,,False
10481,How do I return this?,"Hi, I'd like to return the leather wallet from order #427216, can you send me a return label?",open,normal,question,email,"web,ecommerce",52559,925,1,2025-08-16T00:34:40,2025-08-16T10:30:40,RET-001,RET-001,1,False,False,,False
10482,How do I return this?,"Hi, I'd like to return the phone case from order #229737, can you send me a return label?",solved,low,task,web_widget,mobile_app,51484,903,1,2025-06-25T01:09:49,2025-06-25T15:48:49,RET-001,RET-001,1,False,False,,False
10483,Need to update my address,"Hi, I need to update the email address on my account.",solved,low,problem,web_widget,web,52219,903,1,2025-07-24T18:44:35,2025-07-25T03:53:35,ACC-002,ACC-002,1,False,False,,False
10484,Can't log in,"Hi, I can't log into my account, it keeps saying my password is wrong even after resetting it.",solved,normal,task,web_widget,,51685,918,1,2025-06-23T16:00:39,2025-06-23T22:50:39,ACC-001,ACC-001,1,False,False,,False
10485,Not as pictured,The winter coat I received feels much cheaper than it looked in the photos.,solved,high,task,web_widget,,51132,903,1,2025-07-30T07:59:13,2025-07-30T16:08:13,PRD-005,PRD-005,1,False,False,,False
10486,Discount code not working,"Hi, I was supposed to get a discount but my order #884674 was charged full price.",closed,urgent,problem,web_widget,,51774,914,1,2025-08-11T02:58:56,2025-08-11T13:00:56,PAY-004,PAY-004,1,False,False,,False
10487,How long do I have to return an item?,How many days do I have to return something after delivery?,pending,normal,incident,web_widget,"ecommerce,priority",51794,904,1,2025-06-22T08:06:41,2025-06-22T17:42:41,RET-004,RET-004,1,False,False,,False
10488,Still waiting on refund for #457875,"Hi, when will I get my money back for the item I sent back?",solved,normal,question,web_widget,,50080,910,2,2025-08-10T01:24:35,2025-08-10T14:07:35,RET-002,RET-002,1,False,False,,False
10489,Still waiting on refund for #874494,"I returned my order #874494 12 days ago and haven't seen a refund yet, can you check?",solved,normal,incident,web_widget,"vip,priority",50947,913,2,2025-06-19T15:44:29,2025-06-19T22:08:29,RET-002,ORD-001,1,True,False,,False
10490,Discount code not working,I used the code SUMMER20 but it didn't apply any discount at checkout.,solved,low,incident,web_widget,,52692,924,1,2025-06-01T13:53:59,2025-06-01T20:10:59,PAY-004,PAY-004,1,False,False,,False
10491,My order is late,Order #583241 was supposed to arrive on Jun 18 and it's still not here. What's going on?,solved,normal,task,web_widget,,53000,905,1,2025-06-20T00:43:12,2025-06-20T12:10:12,ORD-002,ORD-002,1,False,False,,False
10492,Package marked delivered but I got nothing,Order #952072 shows as delivered but I never received anything. I've checked with neighbours and the building office.,solved,normal,incident,email,,50867,902,1,2025-06-10T20:53:27,2025-06-11T00:50:27,ORD-003,ORD-003,1,False,False,,False
10493,Product arrived defective,The desk lamp I ordered stopped working after 13 days of normal use.,solved,high,question,web_widget,,53018,922,1,2025-08-18T00:31:07,2025-08-18T16:01:07,PRD-001,PRD-001,1,False,False,,False
10494,Order #255002 status,"Hello, just checking on the status of order #255002, it's been a few days and I haven't heard anything.",solved,normal,question,web_widget,"vip,ecommerce",50572,925,2,2025-08-03T14:29:40,2025-08-03T15:45:40,ORD-001,ORD-001,1,False,False,,False
10495,Not as pictured,"Hi, the quality of this item really doesn't match the product description on the site.",closed,normal,task,web_widget,,53225,920,2,2025-07-26T01:21:01,2025-07-26T09:28:01,PRD-005,PRD-005,1,False,False,,False
10496,Lost order #462127,Order #462127 shows as delivered but I never received anything. I've checked with neighbours and the building office.,solved,normal,question,web_widget,,52454,901,1,2025-06-24T18:47:56,2025-06-25T04:04:56,ORD-003,ORD-003,1,False,False,,False
10497,Product arrived defective,The bluetooth speaker I ordered stopped working after 14 days of normal use.,open,normal,incident,web_widget,priority,51665,906,1,2025-07-25T19:18:54,2025-07-26T16:14:54,PRD-001,PRD-001,1,False,False,,False
10498,Package hasn't arrived yet,Order #168713 was supposed to arrive on Jun 20 and it's still not here. What's going on?,pending,normal,question,web_widget,ecommerce,52164,920,1,2025-06-25T09:01:15,2025-06-25T19:25:15,ORD-002,ORD-002,1,False,False,,False
10499,Refund status,"Hi, when will I get my money back for the item I sent back?",closed,normal,question,web_widget,"web,priority",51892,901,2,2025-06-27T13:03:40,2025-06-27T23:19:40,RET-002,RET-002,1,False,False,,False
10500,Partial refund issue,I got refunded for order #972156 but the amount is way less than what I paid.,pending,high,question,web_widget,"mobile_app,web",53401,908,1,2025-08-28T12:24:08,2025-08-28T21:53:08,RET-003,RET-003,1,False,False,,False
10501,Not sure who to ask,"Hi, I have a question but I'm not totally sure it's the right team to ask.",closed,low,question,email,,52954,925,1,2025-06-05T09:34:38,2025-06-05T18:10:38,GEN-OTHER,GEN-OTHER,1,False,False,,False
10502,Item stopped working,"Hi, my order arrived and the sunglasses is broken, it won't turn on at all.",closed,low,question,email,"web,vip",52400,903,1,2025-07-08T18:37:07,2025-07-09T03:17:07,PRD-001,PRD-001,1,False,False,,False
10503,Product arrived defective,The phone case I ordered stopped working after 4 days of normal use.,solved,high,problem,web_widget,"mobile_app,ecommerce",50445,917,1,2025-06-22T01:23:25,2025-06-22T09:06:25,PRD-001,PRD-001,1,False,False,,False
10504,Need a return label,"Hi, I'd like to return the winter coat from order #616293, can you send me a return label?",closed,low,incident,email,vip,53397,911,1,2025-08-10T19:36:50,2025-08-11T02:15:50,RET-001,ORD-002,1,True,False,,False
10505,Delivery delay on #699828,Order #699828 was supposed to arrive on Jul 13 and it's still not here. What's going on?,pending,low,question,web_widget,"vip,ecommerce",51457,901,2,2025-07-17T08:05:35,2025-07-18T00:18:35,ORD-002,ORD-002,1,False,False,,False
10506,Stock availability question,Is there any way to get notified when the sunglasses is restocked?,closed,low,problem,web_widget,"web,priority",50218,903,1,2025-07-12T02:23:44,2025-07-12T15:27:44,PRD-004,PRD-004,1,False,False,,False
10507,Charged twice,"I was charged twice for order #424632, can you refund the duplicate?",solved,normal,task,email,,50601,910,1,2025-06-27T19:08:01,2025-06-28T12:47:01,PAY-002,PAY-002,1,False,False,,False
10508,Defective sunglasses,"Hi, my order arrived and the sunglasses is broken, it won't turn on at all.",pending,normal,task,web_widget,web,52629,914,1,2025-06-20T15:39:19,2025-06-21T07:15:19,PRD-001,PRD-001,1,False,False,,False
10509,Charged twice,"I was charged twice for order #501010, can you refund the duplicate?",closed,normal,question,email,,52771,904,1,2025-06-25T05:10:05,2025-06-25T21:53:05,PAY-002,PAY-002,1,False,False,,False
10510,Can't log in,"The password reset link yuo sent isn't working, can you help me get back in?",closed,normal,incident,email,"priority,mobile_app",51959,924,1,2025-06-01T14:13:42,2025-06-01T22:32:42,ACC-001,ACC-001,1,False,False,,False
10511,Where is my refund?,"Hi, when will I get my money back for the item I sent back?",open,high,incident,web_widget,"ecommerce,vip",52629,913,1,2025-06-05T13:52:46,2025-06-06T07:39:46,RET-002,PAY-002,1,True,False,,False
10512,Item missing from my order,"Hi, my order arrived but it's short one item, the box wasn't damaged so I'm not sure what happened.",open,high,question,web_widget,,50093,912,2,2025-08-01T09:45:34,2025-08-01T15:04:34,ORD-004,ORD-004,1,False,False,,False
10513,Package marked delivered but I got nothing,Order #638228 shows as delivered but I never received anything. I've checked with neighbours and the building office.,open,low,incident,email,,50001,912,1,2025-08-08T07:08:27,2025-08-08T17:22:27,ORD-003,ORD-003,1,False,False,,False
10514,Update my account details,"Hi, I need to update the email address on my account.",solved,low,task,email,,51631,915,1,2025-08-24T10:33:09,2025-08-24T20:57:09,ACC-002,ACC-002,1,False,False,,False
10515,Defective winter coat,"Hi, my order arrived and teh winter coat is broken, it won't turn on at all.",solved,normal,incident,email,,53582,917,1,2025-06-11T11:11:54,2025-06-11T22:33:54,PRD-001,PRD-001,1,False,False,,False
10516,Tracking question,"Hi, I placed order #981517 on Jul 14 and I can't find any tracking info. Can you tell me where it is?",solved,urgent,question,web_widget,"vip,priority",51495,924,1,2025-07-20T05:00:09,2025-07-20T20:49:09,ORD-001,ORD-001,1,False,False,,False
10517,Product arrived defective,The denim jacket I ordered stopped working after 2 days of normal use.,closed,low,task,web_widget,"mobile_app,ecommerce",51761,919,1,2025-06-27T06:54:50,2025-06-27T16:44:50,PRD-001,PRD-001,1,False,False,,False
10518,Package hasn't arrived yet,Order #670392 was supposed to arrive on Jun 20 adn it's still not here. What's going on?,closed,normal,incident,email,,52847,920,1,2025-07-03T11:44:59,2025-07-04T00:28:59,ORD-002,ORD-002,1,False,False,,False
10519,Tracking question,"Hi, I placed order #774554 on Jun 27 and I can't find any tracking info. Can you tell me where it is?",solved,high,problem,web_widget,"mobile_app,web",51311,916,1,2025-07-15T22:57:47,2025-07-16T15:43:47,ORD-001,ORD-001,1,False,False,,False
10520,Receipt for accounting,Where can I download a receipt for my recent purchase?,closed,normal,task,web_widget,mobile_app,52431,912,1,2025-07-03T03:11:52,2025-07-03T11:03:52,PAY-003,PAY-003,1,False,False,,False
10521,My order is late,Order #828338 was supposed to arrive on Aug 18 and it's still not here. What's going on?,closed,high,incident,web_widget,web,50686,918,1,2025-08-26T02:42:37,2025-08-26T11:23:37,ORD-002,ORD-002,1,False,False,,False
10522,Where is my order?,"Hi, I placed order #972831 on Aug 11 and I can't find any tracking info. Can you tell me where it is?",solved,low,incident,web_widget,,50491,921,2,2025-08-15T00:46:36,2025-08-15T08:34:36,ORD-001,ORD-001,1,False,False,,False
10523,Where is my order?,"Hello, just checking on the status of order #937606, it's been a few days and I haven't heard anything.",closed,low,problem,web_widget,"web,vip",53348,913,1,2025-08-16T23:50:33,2025-08-17T18:45:33,ORD-001,ORD-001,1,False,False,,False
10524,Item stopped working,"Hi, my order arrived and the winter coat is broken, it won't turn on at all.",open,high,question,email,vip,51647,905,2,2025-08-25T02:55:21,2025-08-25T19:49:21,PRD-001,PRD-001,1,False,False,,False
10525,Where is my order?,"Hi, I placed order #263518 on May 22 and I can't find any tracking info. Can you tell me where it is?",solved,normal,task,web_widget,,50104,904,2,2025-06-01T13:40:56,2025-06-01T23:08:56,ORD-001,ORD-001,1,False,False,,False
10526,Product arrived defective,"Hi, my order arrived and the winter coat is broken, it won't turn on at all.",closed,high,question,web_widget,,52793,903,1,2025-06-26T21:12:54,2025-06-27T10:55:54,PRD-001,PRD-001,1,False,False,,False
10527,Package hasn't arrived yet,Order #976964 was supposed to arrive on Jun 07 and it's still not here. What's going on? Order #976964 shows as delivered but I never received anything. I've checked with neighbours and the building office.,solved,normal,task,web_widget,"ecommerce,mobile_app",52898,917,2,2025-06-10T15:15:47,2025-06-11T04:13:47,ORD-002,ORD-002,1,False,True,ORD-003,False
10528,Wrong refund amount,"Hi, I was only refunded part of my order, can you check what happened?",solved,urgent,task,web_widget,priority,50724,925,1,2025-07-02T20:46:30,2025-07-03T06:38:30,RET-003,ORD-005,1,True,False,,False
10529,Not happy with my experience,"I want to file a complaint, my overall experience with this order has been really disappointing.",closed,normal,problem,email,,50812,914,2,2025-08-06T07:00:13,2025-08-06T23:03:13,GEN-001,GEN-001,1,False,False,,False
10530,Need a return label,What's the process to send back an item I ordered? It doesn't fit.,pending,high,task,web_widget,"priority,mobile_app",53233,918,2,2025-07-20T04:00:13,2025-07-20T14:38:13,RET-001,RET-001,1,False,False,,False
10531,Update my account details,Can you help me change the phone number linked to my account?,solved,low,question,web_widget,"mobile_app,web",50286,905,1,2025-06-23T10:27:42,2025-06-23T17:57:42,ACC-002,ACC-002,1,False,False,,False
10532,Refund status,"Hi, when will I get my money back for the item I sent back?",solved,low,incident,web_widget,,52124,916,1,2025-07-22T18:49:28,2025-07-23T05:13:28,RET-002,RET-002,1,False,False,,False
10533,Question before buying,"Hi, before I order the smartwatch, does it come in a larger size?",solved,low,incident,web_widget,"mobile_app,web",53191,923,2,2025-08-08T04:49:22,2025-08-08T12:26:22,PRD-003,PRD-003,1,False,False,,False
10534,Product arrived defective,The running shoes I ordered stopped working after 3 days of normal use. I ordered the running shoes but received a completely different item.,closed,normal,task,web_widget,,51911,924,1,2025-06-05T20:52:07,2025-06-06T04:22:07,PRD-001,PRD-001,1,False,True,PRD-002,False
10535,Locked out of my account,"Hi, I can't log into my account, it keeps saying my password is wrong even after resetting it.",solved,normal,problem,email,mobile_app,52196,900,1,2025-07-12T10:42:41,2025-07-12T22:34:41,ACC-001,ACC-001,1,False,False,,False
10536,Question before buying,"Quick question, is the desk lamp compatible with older devices?",solved,high,incident,web_widget,ecommerce,53439,925,1,2025-08-07T13:10:47,2025-08-07T22:56:47,PRD-003,PRD-003,1,False,False,,False
10537,Package marked delivered but I got nothing,Order #618895 shows as delivered but I never received anything. I've checked with neighbours and teh building office.,closed,low,question,web_widget,mobile_app,51730,903,1,2025-06-15T17:47:30,2025-06-15T22:31:30,ORD-003,ORD-003,1,False,False,,False
10538,Change email on file,Can you help me change the phone number linked to my account?,solved,normal,question,web_widget,,52311,924,1,2025-07-04T13:08:27,2025-07-04T21:33:27,ACC-002,ACC-002,1,False,False,,False
10539,Tracking question,"Hi, I placed order #518002 on Jul 12 and I can't find any tracking info. Can you tell me where it is?",solved,normal,question,email,vip,53301,923,2,2025-07-21T09:53:14,2025-07-21T21:36:14,ORD-001,ORD-001,1,False,False,,False
10540,Refund status,"Hi, when will I get my money back for the item I sent back?",open,high,incident,web_widget,,52173,908,1,2025-06-19T03:48:51,2025-06-19T08:13:51,RET-002,RET-002,1,False,False,,False
10541,Package marked delivered but I got nothing,Order #558725 shows as delivered but I never received anything. I've checked with neighbours and the building office.,solved,low,problem,web_widget,"web,ecommerce",53369,925,2,2025-07-11T00:03:59,2025-07-11T09:22:59,ORD-003,PRD-001,1,True,False,,False
10542,Out of stock item,"Hi, the phone case shows as out of stock, do you know when it'll be available again?",solved,low,task,email,,53360,922,1,2025-08-03T17:01:54,2025-08-04T12:53:54,PRD-004,PRD-004,1,False,False,,False
10543,Partial refund issue,I got refunded for order #379103 but the amount is way less than what I paid.,solved,normal,incident,web_widget,ecommerce,50885,915,1,2025-06-05T11:16:31,2025-06-05T20:39:31,RET-003,RET-003,1,False,False,,False
10544,Wrong item received,"Hi, the color/size I received doesn't match order #792521 at all.",pending,high,task,email,web,53444,905,1,2025-07-31T00:11:01,2025-07-31T09:04:01,PRD-002,PRD-002,1,False,False,,False
10545,Need to update my address,Can you help me change teh phone number linked to my account?,solved,normal,question,web_widget,ecommerce,50566,905,2,2025-07-12T01:51:56,2025-07-12T11:31:56,ACC-002,ACC-002,1,False,False,,False
10546,Defective backpack,The backpack I ordered stopped working after 14 days of normal use.,pending,low,task,web_widget,ecommerce,53131,920,1,2025-08-25T00:40:10,2025-08-25T09:11:10,PRD-001,PRD-001,1,False,False,,False
10547,Wrong address on order,"Hi, I think I entered the wrong address for order #947752, could you update it before it ships?",closed,normal,problem,web_widget,ecommerce,52024,917,1,2025-06-17T02:43:31,2025-06-17T15:35:31,ORD-005,ORD-005,1,False,False,,False
10548,Delivery delay on #472843,Order #472843 was supposed to arrive on Jun 17 adn it's still not here. What's going on?,closed,low,question,web_widget,,50626,917,1,2025-07-06T03:05:09,2025-07-06T18:14:09,ORD-002,ORD-002,1,False,False,,False
10549,Question before buying,"Hi, before I order the leather wallet, does it come in a larger size?",solved,high,problem,email,vip,52402,924,2,2025-06-23T14:23:22,2025-06-23T21:19:22,PRD-003,PRD-003,1,False,False,,False
10550,Where is my refund?,"I returned my order #781874 5 days ago and haven't seen a refund yet, can you check?",solved,low,question,email,web,52029,904,1,2025-07-27T02:17:06,2025-07-27T15:41:06,RET-002,RET-002,1,False,False,,False
10551,Defective phone case,"Hi, my order arrived and the phone case is broken, it won't turn on at all.",solved,low,task,email,,50756,912,1,2025-08-26T05:09:16,2025-08-26T16:52:16,PRD-001,PRD-001,1,False,False,,False
10552,My order is late,"Hi, my delivery is running late, I ordered the winter coat over a week ago.",solved,low,problem,web_widget,mobile_app,52854,912,2,2025-06-05T01:11:22,2025-06-05T11:33:22,ORD-002,ORD-002,1,False,False,,False
10553,Payment declined,"Hi, I'm getting a payment error and can't finish my order.",closed,low,problem,web_widget,mobile_app,51536,921,2,2025-08-11T11:59:57,2025-08-12T00:09:57,PAY-001,PRD-001,1,True,False,,False
10554,Still waiting on refund for #834630,"Hi, when will I get my money back for the item I sent back? Hi, the amount charged to my card doesn't match my order total, can you check?",pending,normal,task,web_widget,,53208,904,2,2025-06-17T18:39:49,2025-06-18T00:36:49,RET-002,RET-002,1,False,True,PAY-002,False
10555,Order #285469 status,"Hello, just checking on the status of order #285469, it's been a few days and I haven't heard anything.",closed,high,problem,web_widget,"mobile_app,vip",53128,910,1,2025-07-06T12:16:01,2025-07-07T00:28:01,ORD-001,GEN-OTHER,1,True,False,,False
10556,My order is late,"Hi, my delivery is running late, I ordered the wireless headphones over a week ago.",solved,normal,task,web_widget,"vip,web",53492,905,1,2025-07-09T16:24:04,2025-07-10T09:27:04,ORD-002,ORD-002,1,False,False,,False
10557,Delivery delay on #180429,"Hi, my delivery is running late, I ordered the denim jacket over a week ago.",solved,high,task,web_widget,,52671,914,1,2025-06-14T06:09:55,2025-06-14T15:06:55,ORD-002,PAY-002,1,True,False,,False
10558,Defective leather wallet,The leather wallet I ordered stopped working after 2 days of normal use.,solved,normal,task,web_widget,"vip,ecommerce",52683,917,1,2025-08-17T01:51:04,2025-08-17T14:21:04,PRD-001,PRD-001,1,False,False,,False
10559,Lost order #802573,Order #802573 shows as delivered but I never received anything. I've checked with neighbours and the building office.,pending,normal,task,email,"web,priority",53451,913,1,2025-06-16T16:17:17,2025-06-17T00:14:17,ORD-003,ORD-003,1,False,False,,False
10560,How long do I have to return an item?,"Hi, quick question about your returns policy, can I return an item I already opened?",solved,normal,incident,web_widget,,53130,922,1,2025-06-28T20:37:20,2025-06-29T09:05:20,RET-004,RET-004,1,False,False,,False
10561,Random query,"Hi, I have a question but I'm not totally sure it's the right team to ask.",solved,high,question,web_widget,"mobile_app,web",52326,925,1,2025-08-28T19:38:07,2025-08-28T23:16:07,GEN-OTHER,GEN-OTHER,1,False,False,,False
10562,Return eligibility,How many days do I have to return something after delivery?,closed,normal,question,web_widget,,51777,912,1,2025-08-22T20:00:01,2025-08-23T03:41:01,RET-004,RET-004,1,False,False,,False
10563,Incorrect charge amount,"Hi, the amount charged to my card doesn't match my order total, can you check? I returned my order #677064 7 days ago and haven't seen a refund yet, can you check?",pending,low,problem,email,"mobile_app,web",53220,915,1,2025-08-11T06:34:48,2025-08-11T15:33:48,PAY-002,PAY-002,1,False,True,RET-002,False
10564,Where is my order?,"Hello, just checking on the status of order #553876, it's been a few days and I haven't heard anything.",solved,normal,problem,web_widget,web,53416,902,1,2025-08-22T04:30:44,2025-08-22T16:19:44,ORD-001,RET-004,1,True,False,,False
10565,Still waiting on refund for #581415,"I returned my order #581415 5 days ago and haven't seen a refund yet, can you check?",pending,normal,task,web_widget,"priority,web",52972,918,1,2025-07-07T21:17:10,2025-07-08T04:57:10,RET-002,RET-002,1,False,False,,False
10566,Can't complete checkout,"My card keeps getting declined when I try to check out, even though there are funds available.",solved,normal,task,web_widget,,50091,902,1,2025-08-20T04:57:44,2025-08-20T12:17:44,PAY-001,ORD-001,1,True,False,,False
10567,Product arrived defective,"Hi, my order arrived and the phone case is broken, it won't turn on at all.",pending,normal,problem,web_widget,,50395,917,1,2025-08-15T23:37:41,2025-08-16T10:12:41,PRD-001,PRD-001,1,False,False,,False
10568,Discount code not working,I used the code NOVA5 but it didn't apply any discount at checkout.,solved,low,question,web_widget,"web,priority",51306,913,2,2025-06-12T12:09:00,2025-06-13T01:13:00,PAY-004,PAY-004,1,False,False,,False
10569,Where is my order?,"Hello, just checking on teh status of order #540071, it's been a few days and I haven't heard anything.",solved,low,task,web_widget,"priority,web",50659,922,1,2025-07-12T04:46:15,2025-07-12T22:34:15,ORD-001,ORD-001,1,False,False,,False
10570,Defective wireless headphones,"Hi, my order arrived and the wireless headphones is broken, it won't turn on at all.",closed,normal,question,email,"web,priority",50179,901,1,2025-08-13T16:44:27,2025-08-14T01:52:27,PRD-001,PRD-001,1,False,False,,False
10571,Where is my order?,"Hello, just checking on the status of order #907940, it's been a few days and I haven't heard anything.",solved,normal,question,web_widget,web,51942,906,2,2025-08-13T19:31:34,2025-08-14T02:36:34,ORD-001,ORD-001,1,False,False,,False
10572,Defective graphic t-shirt,"Hi, my order arrived and the graphic t-shirt is broken, it won't turn on at all.",solved,high,question,web_widget,web,51783,901,2,2025-07-11T18:14:12,2025-07-12T07:55:12,PRD-001,PRD-001,1,False,False,,False
10573,Package hasn't arrived yet,"Hi, my delivery is running late, I ordered the desk lamp over a week ago. Hi, the courier says my package for order #691995 was delivered but it's nowhere to be found.",solved,normal,question,email,,51374,911,1,2025-08-27T11:09:25,2025-08-28T00:53:25,ORD-002,ORD-002,1,False,True,ORD-003,False
10574,Still waiting on refund for #345165,"I returned my order #345165 6 days ago and haven't seen a refund yet, can you check?",pending,normal,problem,web_widget,"vip,ecommerce",50688,920,1,2025-08-05T06:29:39,2025-08-05T20:01:39,RET-002,RET-002,1,False,False,,False
10575,Tracking question,"Hello, just checking on the status of order #564458, it's been a few days and I haven't heard anything.",solved,high,incident,web_widget,"web,vip",51794,909,1,2025-08-15T23:32:31,2025-08-16T10:34:31,ORD-001,ORD-001,1,False,False,,False
10576,Please erase my data,This is a formal request for a copy of all personal data you have on file for me.,solved,normal,task,web_widget,"ecommerce,web",50263,902,1,2025-07-28T01:23:39,2025-07-28T10:10:39,ACC-003,ACC-003,1,False,False,,False
10577,Order #829234 status,"Hi, I placed order #829234 on Jul 06 and I can't find any tracking info. Can you tell me where it is?",solved,low,incident,web_widget,,52239,912,2,2025-07-14T11:06:16,2025-07-14T17:24:16,ORD-001,ORD-001,1,False,False,,False
10578,Item missing from my order,"I just opened my package for order #510164 and the backpack is missing, only the rest of the items were inside.",closed,low,incident,email,,50298,915,1,2025-07-05T12:59:20,2025-07-05T20:32:20,ORD-004,ORD-004,1,False,False,,False
10579,Delivery delay on #106810,"Hi, my delivery is running late, I ordered the graphic t-shirt over a week ago.",open,low,incident,email,"priority,mobile_app",50362,912,1,2025-06-21T00:28:50,2025-06-21T10:02:50,ORD-002,ORD-002,1,False,False,,False
10580,Partial refund issue,I got refunded for order #585875 but the amount is way less than what I paid.,closed,high,question,web_widget,ecommerce,51515,911,1,2025-06-08T01:49:16,2025-06-08T08:27:16,RET-003,RET-003,1,False,False,,False
10581,Incorrect charge amount,"I was charged twice for order #627573, can you refund the duplicate?",solved,normal,incident,web_widget,"mobile_app,priority",52811,911,1,2025-07-10T11:30:06,2025-07-10T23:28:06,PAY-002,PAY-002,1,False,False,,False
10582,Need to change shipping address,"Hi, I think I entered teh wrong address for order #156015, could you update it before it ships?",solved,normal,question,web_widget,web,53291,916,1,2025-08-27T12:18:56,2025-08-27T18:45:56,ORD-005,ORD-005,1,False,False,,False
10583,My order is late,"Hi, my delivery is running late, I ordered the denim jacket over a week ago.",closed,normal,task,web_widget,,52467,922,1,2025-06-01T22:17:43,2025-06-02T08:51:43,ORD-002,ORD-002,1,False,False,,False
10584,Not sure who to ask,This might not be the right place but I wasn't sure where else to send this.,open,low,problem,web_widget,"ecommerce,priority",51667,908,1,2025-06-01T06:18:43,2025-06-01T15:38:43,GEN-OTHER,GEN-OTHER,1,False,False,,False
10585,Not happy with my experience,"Hi, I've had several issues with my last few orders and I'm not happy with the service.",pending,urgent,task,email,mobile_app,52384,923,2,2025-06-20T20:35:07,2025-06-21T04:46:07,GEN-001,GEN-001,1,False,False,,False
10586,Complaint about recent order,"I want to file a complaint, my overall experience with this order has been really disappointing.",solved,normal,task,web_widget,web,53084,901,1,2025-08-03T18:06:25,2025-08-04T05:21:25,GEN-001,GEN-001,1,False,False,,False
10587,Delivery delay on #241232,Order #241232 was supposed to arrive on May 29 and it's still not here. What's going on?,solved,high,question,email,"mobile_app,vip",51543,905,1,2025-06-12T18:50:54,2025-06-13T19:03:54,ORD-002,ORD-002,1,False,False,,False
10588,Need to update my address,"Hi, I need to update the email address on my account.",solved,normal,task,email,"vip,mobile_app",50903,906,1,2025-08-13T06:32:15,2025-08-13T15:13:15,ACC-002,ACC-002,1,False,False,,False
10589,Update my account details,Can you help me change the phone number linked to my account?,pending,low,incident,web_widget,ecommerce,51355,925,1,2025-07-24T09:56:45,2025-07-24T15:19:45,ACC-002,ACC-002,1,False,False,,False
10590,Not happy with my experience,"Hi, I've had several issues with my last few orders and I'm not happy with the service.",pending,low,incident,web_widget,"web,ecommerce",52193,922,2,2025-07-23T03:03:21,2025-07-23T10:59:21,GEN-001,GEN-001,1,False,False,,False
10591,Need to change shipping address,"Hi, I think I entered the wrong address for order #800131, could you update it before it ships?",closed,urgent,question,web_widget,"ecommerce,mobile_app",51088,905,1,2025-08-24T22:26:52,2025-08-25T06:01:52,ORD-005,ORD-005,1,False,False,,False
10592,Delivery delay on #486253,Order #486253 was supposed to arrive on May 26 and it's still not here. What's going on?,solved,normal,task,email,"priority,web",52174,911,2,2025-06-13T22:23:59,2025-06-14T10:02:59,ORD-002,ORD-002,1,False,False,,False
10593,Refund status,"Hi, when will I get my money back for the item I sent back?",solved,high,task,email,,51821,914,1,2025-07-23T13:08:27,2025-07-23T20:49:27,RET-002,GEN-OTHER,1,True,False,,False
10594,Wrong refund amount,I got refunded for order #987810 but the amount is way less than what I paid.,solved,normal,task,web_widget,"ecommerce,priority",52987,904,1,2025-06-17T22:59:20,2025-06-18T09:33:20,RET-003,RET-003,1,False,False,,False
10595,My order never arrived,Order #234029 shows as delivered but I never received anything. I've checked with neighbours and the building office.,solved,normal,question,web_widget,ecommerce,52357,923,1,2025-07-15T02:42:50,2025-07-15T08:38:50,ORD-003,ORD-003,1,False,False,,False
10596,Feedback about the website,"Just some feedback, it would be great if the website had a size comparison tool.",closed,normal,problem,email,priority,52094,905,1,2025-07-16T07:32:50,2025-07-17T00:51:50,GEN-002,GEN-002,1,False,False,,False
10597,Package hasn't arrived yet,Order #327216 was supposed to arrive on Jun 07 and it's still not here. What's going on?,solved,normal,task,web_widget,"mobile_app,priority",51328,914,2,2025-06-12T22:13:09,2025-06-13T06:36:09,ORD-002,ORD-002,1,False,False,,False
10598,Refund status,"Hi, when will I get my money back for the item I sent back?",solved,normal,problem,email,,50273,920,1,2025-06-06T01:04:17,2025-06-06T09:39:17,RET-002,RET-002,1,False,False,,False
10599,Tracking question,"Hello, just checking on the status of order #865982, it's been a few days and I haven't heard anything.",solved,normal,incident,web_widget,web,52338,923,1,2025-07-04T06:10:24,2025-07-04T16:01:24,ORD-001,ORD-001,1,False,False,,False
10600,Need an invoice,"Hi, could yuo send me an invoice for order #950608? I need it for accounting.",closed,low,incident,web_widget,priority,52034,911,2,2025-06-06T11:30:30,2025-06-07T01:15:30,PAY-003,PAY-003,1,False,False,,False
10601,Delivery delay on #783707,"Hi, my delivery is running late, I ordered the yoga mat over a week ago.",solved,low,question,web_widget,"ecommerce,vip",50327,925,1,2025-08-10T03:09:11,2025-08-10T09:56:11,ORD-002,ORD-002,1,False,False,,False
10602,Where is my refund?,"I returned my order #396525 9 days ago and haven't seen a refund yet, can yuo check?",solved,low,problem,web_widget,priority,53449,900,2,2025-07-15T06:18:51,2025-07-15T17:23:51,RET-002,RET-002,1,False,False,,False
10603,Tracking question,"Hello, just checking on teh status of order #875018, it's been a few days and I haven't heard anything.",solved,normal,task,web_widget,,51445,910,1,2025-07-13T19:17:12,2025-07-14T07:25:12,ORD-001,ORD-001,1,False,False,,False
10604,Item stopped working,"Hi, my order arrived and the sneakers is broken, it won't turn on at all.",closed,high,problem,web_widget,vip,53495,910,1,2025-08-23T09:23:33,2025-08-23T21:17:33,PRD-001,PRD-001,1,False,False,,False
10605,Order #651366 missing an item,"Hi, my order arrived but it's short one item, the box wasn't damaged so I'm not sure what happened.",solved,low,task,web_widget,web,50927,918,2,2025-08-19T19:59:26,2025-08-20T10:54:26,ORD-004,ORD-004,1,False,False,,False
10606,Where is my order?,"Hi, I placed order #391648 on Jun 04 and I can't find any tracking info. Can you tell me where it is?",solved,urgent,question,email,"priority,ecommerce",50540,924,1,2025-06-23T05:58:00,2025-06-23T22:39:00,ORD-001,GEN-003,1,True,False,,False
10607,Item missing from my order,"Hi, my order arrived but it's short one item, teh box wasn't damaged so I'm not sure what happened.",solved,low,question,web_widget,,51069,922,1,2025-06-28T03:44:12,2025-06-28T09:02:12,ORD-004,ORD-004,1,False,False,,False
10608,Payment declined,"Hi, I'm getting a payment error and can't finish my order.",solved,low,problem,web_widget,,52716,914,2,2025-07-08T20:04:32,2025-07-09T01:27:32,PAY-001,PAY-001,1,False,False,,False
10609,Delivery delay on #954659,Order #954659 was supposed to arrive on Jun 16 and it's still not here. What's going on?,open,low,question,web_widget,,52197,925,2,2025-07-04T08:52:03,2025-07-04T20:41:03,ORD-002,ORD-002,1,False,False,,False
10610,Not as pictured,"Hi, the quality of this item really doesn't match the product description on the site.",solved,high,incident,web_widget,,50808,908,1,2025-07-11T03:19:04,2025-07-11T12:45:04,PRD-005,PRD-005,1,False,False,,False
10611,Where is my order?,"Hello, just checking on the status of order #666423, it's been a few days and I haven't heard anything.",closed,normal,incident,email,,51109,922,2,2025-08-12T03:01:08,2025-08-12T12:33:08,ORD-001,ORD-001,1,False,False,,False
10612,Locked out of my account,"Hi, I can't log into my account, it keeps saying my password is wrong even after resetting it.",solved,low,incident,web_widget,,51582,911,1,2025-06-21T16:44:34,2025-06-22T01:45:34,ACC-001,ACC-001,1,False,False,,False
10613,Random query,This might not be the right place but I wasn't sure where else to send this.,solved,normal,problem,email,,53253,905,1,2025-06-08T16:40:05,2025-06-09T02:21:05,GEN-OTHER,GEN-OTHER,1,False,False,,False
10614,Tracking question,"Hello, just checking on the status of order #206979, it's been a few days and I haven't heard anything.",closed,low,task,email,,52450,910,2,2025-08-21T16:23:48,2025-08-22T01:24:48,ORD-001,PRD-002,1,True,False,,False
10615,Product arrived defective,"Hi, my order arrived and the backpack is broken, it won't turn on at all.",closed,normal,incident,web_widget,"vip,mobile_app",51248,916,2,2025-07-16T10:17:32,2025-07-16T20:04:32,PRD-001,PRD-001,1,False,False,,False
10616,Wrong refund amount,"Hi, I was only refunded part of my order, can you check what happened?",solved,low,incident,web_widget,web,50955,908,1,2025-08-23T20:34:31,2025-08-23T23:55:31,RET-003,RET-003,1,False,False,,False
10617,Disappointed with quality,The denim jacket I received feels much cheaper than it looked in the photos.,solved,low,question,web_widget,,51647,907,1,2025-07-13T04:02:42,2025-07-13T14:37:42,PRD-005,PRD-005,1,False,False,,False
10618,Wrong address on order,"I moved recently and my order #794939 is still set to go to my old address, can this be fixed?",solved,low,task,web_widget,"mobile_app,web",50386,905,2,2025-07-04T20:53:47,2025-07-05T09:29:47,ORD-005,GEN-OTHER,1,True,False,,False
10619,Defective yoga mat,"Hi, my order arrived and the yoga mat is broken, it won't turn on at all.",solved,low,problem,web_widget,,52614,916,1,2025-08-15T17:19:20,2025-08-16T01:14:20,PRD-001,PRD-001,1,False,False,,False
10620,Update my account details,Can you help me change the phone number linked to my account?,solved,normal,question,web_widget,,51152,923,1,2025-07-17T12:28:58,2025-07-17T17:05:58,ACC-002,ACC-002,1,False,False,,False
10621,Refund status,"Hi, when will I get my money back for the item I sent back?",solved,normal,incident,email,,53063,905,1,2025-06-18T14:28:34,2025-06-19T01:03:34,RET-002,RET-002,1,False,False,,False
10622,Can't log in,"The password reset link you sent isn't working, can you help me get back in?",solved,low,question,web_widget,"web,priority",53456,917,2,2025-06-19T19:46:56,2025-06-20T05:35:56,ACC-001,ACC-001,1,False,False,,False
10623,Does this come in other sizes?,"Hi, before I order the desk lamp, does it come in a larger size?",pending,low,question,email,priority,50823,907,2,2025-06-14T20:49:06,2025-06-15T09:12:06,PRD-003,PRD-003,1,False,False,,False
10624,Where is my refund?,"Hi, when will I get my money back for the item I sent back?",solved,normal,question,web_widget,priority,53155,902,1,2025-07-13T12:22:38,2025-07-14T00:59:38,RET-002,RET-002,1,False,False,,False
10625,Frustrated customer,"I want to file a complaint, my overall experience with this order has been really disappointing.",closed,normal,task,web_widget,"ecommerce,mobile_app",51261,919,1,2025-07-22T11:21:57,2025-07-22T22:59:57,GEN-001,GEN-001,1,False,False,,False
10626,Still waiting on refund for #747817,"I returned my order #747817 8 days ago and haven't seen a refund yet, can you check?",solved,normal,incident,email,"mobile_app,ecommerce",51257,921,1,2025-06-24T04:51:35,2025-06-24T15:23:35,RET-002,PAY-002,1,True,False,,False
10627,Package hasn't arrived yet,Order #246319 was supposed to arrive on Aug 05 adn it's still not here. What's going on?,closed,normal,task,email,,51338,905,1,2025-08-20T19:03:02,2025-08-21T12:44:02,ORD-002,ORD-002,1,False,False,,False
10628,Still waiting on refund for #113343,"Hi, when will I get my money back for the item I sent back?",closed,urgent,problem,web_widget,"ecommerce,mobile_app",50059,904,2,2025-07-11T16:39:50,2025-07-12T03:38:50,RET-002,RET-002,1,False,False,,False
10629,Delivery delay on #773960,"Hi, my delivery is running late, I ordered the wireless headphones over a week ago.",closed,high,problem,web_widget,,52953,900,1,2025-07-19T07:35:30,2025-07-19T15:01:30,ORD-002,ORD-002,1,False,False,,False
10630,How do I return this?,What's the process to send back an item I ordered? It doesn't fit.,open,normal,problem,web_widget,,51547,904,2,2025-06-12T11:21:07,2025-06-12T19:16:07,RET-001,RET-001,1,False,False,,False
10631,Wrong address on order,"Hi, I think I entered the wrong address for order #402591, could you update it before it ships?",solved,normal,incident,email,,51059,915,1,2025-08-21T23:45:24,2025-08-22T03:55:24,ORD-005,ORD-005,1,False,False,,False
10632,Received wrong product,I ordered the laptop sleeve but received a completely different item.,solved,normal,question,web_widget,,52937,924,1,2025-08-24T00:37:49,2025-08-24T08:48:49,PRD-002,PRD-002,1,False,False,,False
10633,Where is my refund?,"Hi, when will I get my money back for the item I sent back?",closed,normal,task,web_widget,web,51376,901,1,2025-07-28T22:57:03,2025-07-29T08:02:03,RET-002,RET-002,1,False,False,,False
10634,Product arrived defective,The running shoes I ordered stopped working after 10 days of normal use.,solved,normal,incident,web_widget,priority,50832,901,1,2025-07-15T10:46:32,2025-07-16T00:54:32,PRD-001,PRD-001,1,False,False,,False
10635,Return process question,What's the process to send back an item I ordered? It doesn't fit.,solved,normal,task,web_widget,priority,50039,909,2,2025-07-10T13:49:11,2025-07-11T01:50:11,RET-001,RET-001,1,False,False,,False
10636,Not sure who to ask,This might not be the right place but I wasn't sure where else to send this.,solved,high,problem,web_widget,"ecommerce,mobile_app",52426,925,1,2025-08-24T20:17:04,2025-08-25T05:23:04,GEN-OTHER,ACC-001,1,True,False,,False
10637,Received wrong product,"Hi, the color/size I received doesn't match order #508800 at all.",solved,low,question,web_widget,"mobile_app,ecommerce",52717,916,1,2025-06-27T04:01:10,2025-06-27T17:02:10,PRD-002,PRD-002,1,False,False,,False
10638,This isn't what I ordered,"Hi, the color/size I received doesn't match order #573802 at all.",solved,low,problem,email,"ecommerce,web",53358,904,1,2025-07-20T04:37:12,2025-07-20T17:29:12,PRD-002,PRD-002,1,False,False,,False
10639,Discount code not working,I used the code SAVE10 but it didn't apply any discount at checkout.,solved,urgent,question,email,"vip,priority",52367,907,1,2025-08-29T17:36:31,2025-08-30T03:54:31,PAY-004,PAY-004,1,False,False,,False
10640,My order is late,Order #703637 was supposed to arrive on Jul 30 and it's still not here. What's going on?,solved,high,question,web_widget,ecommerce,50518,921,1,2025-08-07T21:56:47,2025-08-08T06:11:47,ORD-002,ORD-002,1,False,False,,False
10641,Refund status,"Hi, when will I get my money back for teh item I sent back?",solved,low,problem,email,priority,50555,909,1,2025-07-12T23:09:13,2025-07-13T12:58:13,RET-002,RET-002,1,False,False,,False
10642,Incorrect charge amount,"I was charged twice for order #221309, can you refund the duplicate?",pending,low,question,web_widget,vip,52395,915,1,2025-07-03T12:01:22,2025-07-03T21:35:22,PAY-002,PAY-002,1,False,False,,False
10643,Change email on file,Can you help me change the phone number linked to my account?,solved,high,question,web_widget,vip,50281,922,1,2025-06-07T23:12:02,2025-06-08T05:35:02,ACC-002,ACC-002,1,False,False,,False
10644,Defective graphic t-shirt,The graphic t-shirt I ordered stopped working after 2 days of normal use.,closed,low,incident,email,web,51856,903,1,2025-07-23T16:52:14,2025-07-24T09:17:14,PRD-001,PRD-001,1,False,False,,False
10645,Wrong refund amount,"Hi, I was only refunded part of my order, can you check what happened?",solved,urgent,incident,email,,53066,914,1,2025-07-15T16:31:07,2025-07-16T07:01:07,RET-003,RET-003,1,False,False,,False
10646,Didn't get my discount,I used the code SAVE10 but it didn't apply any discount at checkout.,solved,normal,incident,email,,51657,909,2,2025-07-11T21:57:00,2025-07-12T04:52:00,PAY-004,PAY-004,1,False,False,,False
10647,Refund status,"I returned my order #240457 14 days ago and haven't seen a refund yet, can you check?",closed,low,problem,web_widget,ecommerce,50348,919,1,2025-07-30T09:07:22,2025-07-30T23:27:22,RET-002,RET-002,1,False,False,,False
10648,Can't complete checkout,"My card keeps getting declined when I try to check out, even though there are funds available.",pending,normal,incident,web_widget,,52405,923,2,2025-07-14T04:55:09,2025-07-14T10:24:09,PAY-001,PAY-001,1,False,False,,False
10649,My order is late,Order #501155 was supposed to arrive on May 19 and it's still not here. What's going on?,solved,urgent,question,web_widget,mobile_app,50441,917,2,2025-06-05T16:45:02,2025-06-06T01:00:02,ORD-002,ORD-002,1,False,False,,False
10650,My order never arrived,"Hi, the courier says my package for order #449740 was delivered but it's nowhere to be found. Hi, when will I get my money back for the item I sent back?",solved,normal,incident,web_widget,vip,52477,910,1,2025-06-09T17:14:31,2025-06-10T04:15:31,ORD-003,ORD-003,1,False,True,RET-002,False
10651,Duplicate charge on my card,"I was charged twice for order #620070, can you refund the duplicate?",solved,normal,incident,email,ecommerce,53564,922,2,2025-08-07T16:09:26,2025-08-07T20:58:26,PAY-002,PAY-002,1,False,False,,False
10652,Where is my order?,"Hello, just checking on the status of order #384790, it's been a few days and I haven't heard anything.",solved,normal,question,email,"priority,vip",50581,923,2,2025-07-31T11:13:46,2025-07-31T16:24:46,ORD-001,ORD-001,1,False,False,,False
10653,Tracking question,"Hi, I placed order #138855 on Jul 15 and I can't find any tracking info. Can you tell me where it is?",open,high,problem,web_widget,ecommerce,51412,922,1,2025-07-20T03:45:22,2025-07-20T18:57:22,ORD-001,ORD-001,1,False,False,,False
10654,Item stopped working,The running shoes I ordered stopped working after 11 days of normal use.,solved,high,question,web_widget,,52093,923,1,2025-08-14T17:12:42,2025-08-15T02:42:42,PRD-001,ACC-002,1,True,False,,False
10655,Item missing from my order,"I just opened my package for order #296599 and the desk lamp is missing, only the rest of the items were inside.",closed,normal,question,web_widget,"web,ecommerce",50917,918,2,2025-07-08T08:08:20,2025-07-08T19:53:20,ORD-004,ORD-004,1,False,False,,False
10656,Where is my order?,"Hi, I placed order #997448 on Aug 09 and I can't find any tracking info. Can you tell me where it is?",open,urgent,task,web_widget,mobile_app,50496,908,1,2025-08-12T15:57:00,2025-08-12T22:28:00,ORD-001,ORD-001,1,False,False,,False
10657,Invoice request for #718121,"Hi, could you send me an invoice for order #718121? I need it for accounting.",closed,low,problem,email,"ecommerce,web",51003,901,1,2025-08-23T20:44:38,2025-08-24T07:20:38,PAY-003,PAY-003,1,False,False,,False
10658,Where is my refund?,"Hi, when will I get my money back for the item I sent back?",open,normal,task,web_widget,ecommerce,51486,906,1,2025-06-22T18:28:17,2025-06-22T23:37:17,RET-002,RET-002,1,False,False,,False
10659,How long do I have to return an item?,"Hi, quick question about your returns policy, can I return an item I already opened?",solved,low,question,email,"priority,vip",50611,912,1,2025-07-19T07:43:22,2025-07-19T14:11:22,RET-004,RET-004,1,False,False,,False
10660,Received wrong product,"Hi, the color/size I recieved doesn't match order #924497 at all.",solved,normal,question,web_widget,"priority,web",50439,917,1,2025-07-09T02:36:04,2025-07-09T08:16:04,PRD-002,PRD-002,1,False,False,,False
10661,Still waiting on refund for #467890,"Hi, when will I get my money back for teh item I sent back?",pending,low,question,web_widget,,50520,918,2,2025-08-24T05:11:40,2025-08-24T14:55:40,RET-002,RET-002,1,False,False,,False
10662,Can't complete checkout,"My card keeps getting declined when I try to check out, even though there are funds available.",solved,high,task,email,,51363,907,1,2025-07-16T10:33:46,2025-07-17T00:56:46,PAY-001,PAY-001,1,False,False,,False
10663,Still waiting on refund for #528626,"Hi, when will I get my money back for the item I sent back?",open,urgent,incident,web_widget,priority,51130,902,2,2025-07-27T13:28:56,2025-07-27T23:33:56,RET-002,RET-002,1,False,False,,False
10664,Can't complete checkout,"Hi, I'm getting a payment error and can't finish my order.",closed,normal,task,web_widget,"mobile_app,priority",51259,901,1,2025-07-09T03:55:56,2025-07-09T14:14:56,PAY-001,PAY-001,1,False,False,,False
10665,Address correction for #627108,"I moved recently and my order #627108 is still set to go to my old address, can this be fixed?",pending,normal,incident,email,ecommerce,51256,907,1,2025-07-24T09:47:50,2025-07-24T12:39:50,ORD-005,ORD-005,1,False,False,,False
10666,My order is late,Order #520949 was supposed to arrive on Aug 16 and it's still not here. What's going on?,closed,normal,question,web_widget,ecommerce,53285,923,1,2025-08-18T13:40:01,2025-08-18T18:56:01,ORD-002,ORD-002,1,False,False,,False
10667,Receipt for accounting,Where can I download a receipt for my recent purchase?,solved,high,problem,email,,50054,906,1,2025-08-25T06:26:30,2025-08-25T19:44:30,PAY-003,PAY-003,1,False,False,,False
10668,Where is my refund?,"I returned my order #454101 13 days ago and haven't seen a refund yet, can you check?",open,low,question,web_widget,"ecommerce,mobile_app",52575,903,1,2025-08-27T05:13:28,2025-08-27T08:44:28,RET-002,RET-002,1,False,False,,False
10669,Item stopped working,The yoga mat I ordered stopped working after 8 days of normal use.,solved,normal,task,email,"ecommerce,web",53419,904,1,2025-06-19T11:01:43,2025-06-19T16:44:43,PRD-001,PRD-001,1,False,False,,False
10670,My order is late,"Hi, my delivery is running late, I ordered the smartwatch over a week ago.",closed,normal,incident,web_widget,,50695,920,1,2025-08-19T00:27:18,2025-08-19T14:13:18,ORD-002,ORD-002,1,False,False,,False
10671,Discount code not working,"Hi, I was supposed to get a discount but my order #507261 was charged full price.",solved,low,question,web_widget,,53013,903,2,2025-08-21T10:23:19,2025-08-21T21:42:19,PAY-004,PAY-004,1,False,False,,False
10672,Need an invoice,Where can I download a receipt for my recent purchase?,pending,normal,problem,web_widget,"ecommerce,web",53025,913,1,2025-08-13T16:21:04,2025-08-14T00:45:04,PAY-003,PAY-003,1,False,False,,False
10673,Card not working at checkout,"Hi, I'm getting a payment error and can't finish my order.",pending,low,problem,email,web,50012,910,1,2025-06-11T18:50:56,2025-06-12T05:08:56,PAY-001,PAY-001,1,False,False,,False
10674,Can't log in,"Hi, I can't log into my account, it keeps saying my password is wrong even after resetting it.",solved,low,task,web_widget,vip,50403,910,1,2025-06-15T02:05:24,2025-06-15T10:53:24,ACC-001,PRD-001,1,True,False,,False
10675,Package marked delivered but I got nothing,Order #796862 shows as delivered but I never received anything. I've checked with neighbours and the building office.,open,high,incident,web_widget,ecommerce,53091,920,1,2025-07-29T08:45:48,2025-07-29T22:23:48,ORD-003,PRD-002,1,True,False,,False
10676,Where is my refund?,"I returned my order #495572 9 days ago and haven't seen a refund yet, can you check?",solved,normal,incident,web_widget,"vip,web",51837,913,1,2025-06-13T09:19:00,2025-06-13T21:53:00,RET-002,RET-002,1,False,False,,False
10677,Order #650320 status,"Hello, just checking on the status of order #650320, it's been a few days and I haven't heard anything.",solved,normal,problem,web_widget,,53184,907,1,2025-07-02T13:42:50,2025-07-02T19:53:50,ORD-001,ORD-001,1,False,False,,False
10678,Package marked delivered but I got nothing,Order #919206 shows as delivered but I never received anything. I've checked with neighbours and the building office.,closed,normal,task,web_widget,,51787,902,1,2025-08-18T12:29:01,2025-08-18T23:20:01,ORD-003,ORD-003,1,False,False,,False
10679,Address correction for #746749,"I moved recently and my order #746749 is still set to go to my old address, can this be fixed?",pending,normal,question,web_widget,priority,52014,903,1,2025-06-06T04:58:49,2025-06-06T10:31:49,ORD-005,ORD-005,1,False,False,,False
10680,Where is my order?,"Hi, I placed order #672907 on Aug 14 and I can't find any tracking info. Can you tell me where it is?",solved,low,problem,web_widget,,52779,912,1,2025-08-15T10:35:04,2025-08-15T18:27:04,ORD-001,ORD-001,1,False,False,,False
10681,Defective winter coat,"The winter coat I ordered stopped working after 5 days of normal use. Hi, the color/size I received doesn't match order #920531 at all.",solved,low,question,web_widget,"ecommerce,mobile_app",53493,903,2,2025-07-11T02:26:10,2025-07-11T19:05:10,PRD-001,PRD-001,1,False,True,PRD-002,False
10682,Item stopped working,"Hi, my order arrived and the denim jacket is broken, it won't turn on at all.",closed,normal,task,web_widget,,50910,911,1,2025-06-28T04:00:49,2025-06-28T14:28:49,PRD-001,PRD-001,1,False,False,,False
10683,Still waiting on refund for #122754,"I returned my order #122754 10 days ago and haven't seen a refund yet, can you check?",solved,low,question,web_widget,vip,51714,923,1,2025-07-04T01:49:48,2025-07-04T09:44:48,RET-002,RET-002,1,False,False,,False
10684,My order is late,"Hi, my delivery is running late, I ordered the bluetooth speaker over a week ago.",solved,high,problem,email,,51409,901,1,2025-08-20T12:44:46,2025-08-21T01:20:46,ORD-002,ORD-002,1,False,False,,False
10685,Payment declined,"My card keeps getting declined when I try to check out, even though there are funds available.",solved,normal,problem,web_widget,"priority,mobile_app",50662,918,1,2025-08-11T00:06:21,2025-08-11T06:59:21,PAY-001,PAY-001,1,False,False,,False
10686,Delivery delay on #514736,"Hi, my delivery is running late, I ordered the running shoes over a week ago.",pending,low,question,email,ecommerce,51400,919,2,2025-06-09T21:37:37,2025-06-10T08:05:37,ORD-002,ORD-002,1,False,False,,False
10687,Item stopped working,The graphic t-shirt I ordered stopped working after 6 days of normal use.,closed,normal,task,web_widget,"mobile_app,priority",51837,925,2,2025-06-03T09:46:00,2025-06-03T15:56:00,PRD-001,GEN-002,1,True,False,,False
10688,Out of stock item,Is there any way to get notified when the denim jacket is restocked?,solved,urgent,incident,email,"web,mobile_app",51068,914,1,2025-06-12T13:06:23,2025-06-13T02:02:23,PRD-004,PRD-004,1,False,False,,False
10689,My order is late,"Hi, my delivery is running late, I ordered the yoga mat over a week ago.",solved,normal,incident,email,"vip,web",51451,903,1,2025-07-27T04:58:03,2025-07-27T18:29:03,ORD-002,ORD-002,1,False,False,,False
10690,Delivery delay on #292483,"Hi, my delivery is running late, I ordered the wireless headphones over a week ago.",open,normal,incident,email,,50328,925,1,2025-06-16T08:41:35,2025-06-16T13:05:35,ORD-002,ORD-002,1,False,False,,False
10691,Charged twice,"I was charged twice for order #734896, can you refund teh duplicate?",solved,low,incident,web_widget,,51177,918,1,2025-07-25T01:39:00,2025-07-25T11:45:00,PAY-002,PAY-002,1,False,False,,False
10692,Where is my refund?,"Hi, when will I get my money back for the item I sent back?",closed,normal,task,email,,53020,924,1,2025-06-20T23:44:15,2025-06-21T06:19:15,RET-002,RET-002,1,False,False,,False
10693,My order is late,"Hi, my delivery is running late, I ordered the wireless headphones over a week ago.",open,low,incident,email,vip,51941,913,2,2025-07-06T13:58:18,2025-07-07T00:53:18,ORD-002,ORD-002,1,False,False,,False
10694,Partial refund issue,"Hi, I was only refunded part of my order, can you check what happened?",pending,low,task,web_widget,,51130,909,1,2025-08-08T03:55:12,2025-08-08T11:48:12,RET-003,RET-003,1,False,False,,False
10695,Delivery delay on #831206,"Hi, my delivery is running late, I ordered the wireless headphones over a week ago.",solved,normal,task,email,,53423,915,1,2025-07-22T09:27:12,2025-07-22T23:08:12,ORD-002,ORD-002,1,False,False,,False
10696,Wrong refund amount,"I got refunded for order #307471 but the amount is way less than what I paid. Hi, the amount charged to my card doesn't match my order total, can you check?",solved,normal,question,email,,51712,917,1,2025-06-26T13:34:44,2025-06-26T20:29:44,RET-003,RET-003,1,False,True,PAY-002,False
10697,Order #548099 missing an item,"I just opened my package for order #548099 and the backpack is missing, only the rest of the items were inside.",open,high,question,web_widget,ecommerce,52382,924,1,2025-07-19T13:44:04,2025-07-20T05:40:04,ORD-004,ORD-004,1,False,False,,False
10698,Defective laptop sleeve,The laptop sleeve I ordered stopped working after 9 days of normal use.,solved,low,question,web_widget,,52127,911,2,2025-08-07T22:51:38,2025-08-08T08:52:38,PRD-001,PRD-001,1,False,False,,False
10699,My order never arrived,"Hi, the courier says my package for order #128363 was delivered but it's nowhere to be found.",closed,normal,problem,email,,51819,908,2,2025-07-24T21:32:32,2025-07-25T07:55:32,ORD-003,ORD-003,1,False,False,,False
10700,Delivery delay on #812756,Order #812756 was supposed to arrive on Jul 17 and it's still not here. What's going on?,solved,normal,task,web_widget,priority,51586,915,2,2025-07-23T02:57:26,2025-07-23T10:41:26,ORD-002,ORD-002,1,False,False,,False
10701,Package hasn't arrived yet,Order #809011 was supposed to arrive on Jul 06 and it's still not here. What's going on?,solved,high,problem,web_widget,,50765,901,2,2025-07-07T14:39:48,2025-07-07T22:20:48,ORD-002,ORD-002,1,False,False,,False
10702,Disappointed with quality,The yoga mat I received feels much cheaper than it looked in the photos.,solved,normal,problem,email,,51659,918,1,2025-06-03T17:59:13,2025-06-04T03:38:13,PRD-005,PRD-001,1,True,False,,False
10703,Stock availability question,Is there any way to get notified when the laptop sleeve is restocked?,solved,low,task,email,,53324,901,1,2025-08-11T06:04:55,2025-08-11T22:48:55,PRD-004,PRD-004,1,False,False,,False
10704,Still waiting on refund for #412836,"I returned my order #412836 2 days ago and haven't seen a refund yet, can you check?",solved,normal,task,web_widget,,51949,901,2,2025-08-28T23:00:09,2025-08-29T09:56:09,RET-002,RET-001,1,True,False,,False
10705,Product arrived defective,"Hi, my order arrived and the graphic t-shirt is broken, it won't turn on at all.",closed,normal,problem,web_widget,,50308,913,1,2025-07-09T12:01:59,2025-07-09T22:54:59,PRD-001,PRD-001,1,False,False,,False
10706,My order is late,Order #365375 was supposed to arrive on Jul 17 and it's still not here. What's going on?,closed,normal,incident,web_widget,"vip,mobile_app",51335,925,1,2025-07-28T08:43:41,2025-07-28T18:03:41,ORD-002,ORD-002,1,False,False,,False
10707,This isn't what I ordered,"Hi, the color/size I received doesn't match order #570663 at all.",pending,high,incident,web_widget,"web,mobile_app",51659,922,1,2025-07-26T12:39:24,2025-07-26T21:43:24,PRD-002,PRD-004,1,True,False,,False
10708,Where is my refund?,"Hi, when will I get my money back for the item I sent back?",open,low,task,web_widget,web,52041,907,1,2025-06-26T03:54:45,2025-06-26T14:55:45,RET-002,RET-002,1,False,False,,False
10709,Tracking question,"Hello, just checking on the status of order #575744, it's been a few days and I haven't heard anything.",closed,normal,task,email,web,52539,904,1,2025-07-08T22:50:25,2025-07-09T11:10:25,ORD-001,ORD-001,1,False,False,,False
10710,Address correction for #359060,"Hi, I think I entered the wrong address for order #359060, could you update it before it ships?",solved,high,incident,email,"ecommerce,vip",50767,911,2,2025-07-10T11:42:00,2025-07-10T17:07:00,ORD-005,ORD-005,1,False,False,,False
10711,Can't log in,"Hi, I can't log into my account, it keeps saying my password is wrong even after resetting it.",closed,high,task,web_widget,"priority,vip",53035,920,1,2025-08-17T15:12:02,2025-08-18T00:11:02,ACC-001,ACC-001,1,False,False,,False
10712,My order is late,"Hi, my delivery is running late, I ordered the smartwatch over a week ago.",solved,normal,task,web_widget,priority,50046,910,1,2025-08-04T13:45:41,2025-08-05T01:33:41,ORD-002,PRD-001,1,True,False,,False
10713,Great service,"Hi, your support team helped me out so quickly yesterday, really appreciated it.",solved,low,question,email,"priority,ecommerce",53103,924,1,2025-08-06T16:15:41,2025-08-07T06:26:41,GEN-003,GEN-003,1,False,False,,False
10714,Discount code not working,I used the code NOVA5 but it didn't apply any discount at checkout.,closed,normal,problem,email,,50600,922,1,2025-07-27T14:48:47,2025-07-28T03:16:47,PAY-004,PAY-004,1,False,False,,False
10715,Payment declined,"Hi, I'm getting a payment error and can't finish my order.",open,low,question,web_widget,web,52833,915,1,2025-06-07T22:29:49,2025-06-08T04:51:49,PAY-001,PAY-001,1,False,False,,False
10716,Not as pictured,"Hi, the quality of this item really doesn't match the product description on the site.",solved,normal,incident,web_widget,"ecommerce,priority",50005,911,1,2025-08-07T12:53:05,2025-08-07T22:34:05,PRD-005,PAY-003,1,True,False,,False
10717,Frustrated customer,"Hi, I've had several issues with my last few orders and I'm not happy with the service.",closed,low,task,email,,52410,912,1,2025-06-15T14:13:49,2025-06-15T22:57:49,GEN-001,GEN-001,1,False,False,,False
10718,Where is my refund?,"Hi, when will I get my money back for the item I sent back?",open,normal,question,email,"ecommerce,web",53551,906,2,2025-07-02T04:18:46,2025-07-02T13:50:46,RET-002,RET-002,1,False,False,,False
10719,Not sure who to ask,This might not be the right place but I wasn't sure where else to send this.,closed,low,task,email,"priority,web",52215,923,2,2025-07-28T06:30:56,2025-07-28T16:01:56,GEN-OTHER,GEN-OTHER,1,False,False,,False
10720,Does this come in other sizes?,"Quick question, is the backpack compatible with older devices?",closed,normal,task,email,mobile_app,50074,910,1,2025-08-22T08:58:30,2025-08-22T16:06:30,PRD-003,ACC-001,1,True,False,,False
10721,How do I return this?,"Hi, I'd like to return the winter coat from order #895810, can yuo send me a return label?",solved,high,problem,web_widget,"web,ecommerce",51671,904,2,2025-06-17T08:47:15,2025-06-17T12:20:15,RET-001,PRD-004,1,True,False,,False
10722,Received wrong product,I ordered the wireless headphones but recieved a completely different item.,closed,normal,incident,email,,52650,920,1,2025-08-16T05:22:00,2025-08-16T13:41:00,PRD-002,PRD-002,1,False,False,,False
10723,Package hasn't arrived yet,"Hi, my delivery is running late, I ordered the graphic t-shirt over a week ago.",closed,normal,problem,email,vip,50202,919,2,2025-07-10T04:11:02,2025-07-10T15:20:02,ORD-002,ORD-002,1,False,False,,False
10724,Need an invoice,Where can I download a receipt for my recent purchase?,solved,normal,incident,email,ecommerce,51630,912,1,2025-06-16T06:43:38,2025-06-16T10:17:38,PAY-003,PAY-003,1,False,False,,False
10725,Return policy question,How many days do I have to return something after delivery?,solved,low,problem,web_widget,,50536,906,1,2025-06-06T17:22:23,2025-06-07T00:51:23,RET-004,RET-004,1,False,False,,False
10726,Where is my order?,"Hello, just checking on the status of order #493610, it's been a few days and I haven't heard anything.",solved,low,problem,email,vip,52419,910,1,2025-07-22T14:59:16,2025-07-23T02:26:16,ORD-001,GEN-003,1,True,False,,False
10727,Feature request,Have you considered adding more filters to the search page? Would make browsing easier.,solved,low,incident,email,"mobile_app,priority",52569,921,1,2025-07-07T01:02:35,2025-07-07T07:55:35,GEN-002,GEN-002,1,False,False,,False
10728,Where is my refund?,"I returned my order #371661 15 days ago and haven't seen a refund yet, can you check?",pending,normal,question,web_widget,"priority,ecommerce",53220,921,1,2025-07-22T11:24:55,2025-07-22T20:55:55,RET-002,RET-002,1,False,False,,False
10729,Where is my refund?,"I returned my order #298074 14 days ago and haven't seen a refund yet, can you check?",solved,low,task,web_widget,"web,ecommerce",52356,903,1,2025-06-01T00:17:04,2025-06-01T04:04:04,RET-002,RET-002,1,False,False,,False
10730,Order #972769 status,"Hi, I placed order #972769 on May 30 and I can't find any tracking info. Can you tell me where it is?",closed,high,task,web_widget,ecommerce,50826,917,2,2025-06-12T07:34:01,2025-06-12T14:22:01,ORD-001,ORD-001,1,False,False,,False
10731,Need an invoice,Where can I download a receipt for my recent purchase?,closed,normal,task,web_widget,,50849,917,1,2025-06-22T16:00:24,2025-06-23T02:58:24,PAY-003,PAY-003,1,False,False,,False
10732,Refund status,"Hi, when will I get my money back for the item I sent back?",open,normal,task,email,"vip,ecommerce",51520,918,2,2025-08-16T15:03:59,2025-08-17T03:06:59,RET-002,RET-002,1,False,False,,False
10733,Where is my order?,"Hello, just checking on the status of order #876043, it's been a few days and I haven't heard anything.",solved,low,question,web_widget,"web,ecommerce",51055,919,2,2025-07-17T01:33:27,2025-07-17T10:51:27,ORD-001,ORD-001,1,False,False,,False
10734,Not happy with my experience,"Hi, I've had several issues with my last few orders and I'm not happy with the service.",pending,high,incident,web_widget,"mobile_app,web",52705,903,1,2025-06-27T05:50:35,2025-06-27T18:52:35,GEN-001,GEN-001,1,False,False,,False
10735,Delete my account,This is a formal request for a copy of all personal data you have on file for me.,solved,normal,problem,web_widget,"mobile_app,vip",50263,916,2,2025-07-18T21:50:09,2025-07-19T10:53:09,ACC-003,ACC-003,1,False,False,,False
10736,Question before buying,"Hi, before I order the leather wallet, does it come in a larger size?",solved,high,task,email,vip,52323,924,2,2025-06-18T13:10:56,2025-06-18T21:25:56,PRD-003,PRD-003,1,False,False,,False
10737,How do I return this?,What's the process to send back an item I ordered? It doesn't fit.,solved,low,problem,email,ecommerce,51353,915,1,2025-07-18T13:56:25,2025-07-18T20:21:25,RET-001,PRD-005,1,True,False,,False
10738,Need to change shipping address,"Hi, I think I entered the wrong address for order #250701, could you update it before it ships?",closed,normal,task,web_widget,,53153,916,1,2025-07-13T23:46:59,2025-07-14T06:14:59,ORD-005,ORD-005,1,False,False,,False
10739,Defective wireless headphones,The wireless headphones I ordered stopped working after 11 days of normal use.,solved,low,problem,web_widget,web,53265,922,1,2025-06-05T09:58:34,2025-06-05T21:41:34,PRD-001,GEN-OTHER,1,True,False,,False
10740,Package hasn't arrived yet,Order #890113 was supposed to arrive on May 22 and it's still not here. What's going on?,closed,high,question,web_widget,"web,priority",50053,909,1,2025-06-04T20:16:29,2025-06-05T05:34:29,ORD-002,ORD-002,1,False,False,,False
10741,Order #300498 status,"Hello, just checking on the status of order #300498, it's been a few days and I haven't heard anything.",solved,low,task,web_widget,"priority,web",51360,916,1,2025-08-16T14:21:55,2025-08-17T07:08:55,ORD-001,ORD-001,1,False,False,,False
10742,Item stopped working,"Hi, my order arrived and the sneakers is broken, it won't turn on at all.",solved,normal,incident,web_widget,,51758,900,2,2025-07-03T19:43:46,2025-07-04T09:36:46,PRD-001,PRD-001,1,False,False,,False
10743,Refund status,"I returned my order #675415 2 days ago and haven't seen a refund yet, can you check?",solved,high,task,web_widget,"vip,ecommerce",51562,911,2,2025-07-22T06:10:19,2025-07-22T15:12:19,RET-002,ACC-003,1,True,False,,False
10744,Return process question,"Hi, I'd like to return the running shoes from order #722170, can yuo send me a return label?",pending,low,problem,web_widget,mobile_app,52568,925,1,2025-07-16T04:24:20,2025-07-16T15:27:20,RET-001,RET-001,1,False,False,,False
10745,Out of stock item,"Hi, the denim jacket shows as out of stock, do you know when it'll be available again?",solved,high,question,web_widget,,50841,916,1,2025-06-15T03:48:01,2025-06-15T17:40:01,PRD-004,PRD-004,1,False,False,,False
10746,Package hasn't arrived yet,"Hi, my delivery is running late, I ordered the graphic t-shirt over a week ago.",closed,normal,question,email,"priority,ecommerce",50898,915,2,2025-07-24T15:44:35,2025-07-25T05:54:35,ORD-002,GEN-002,1,True,False,,False
10747,Didn't get my discount,I used the code WELCOME15 but it didn't apply any discount at checkout.,open,normal,question,email,ecommerce,51322,910,1,2025-06-04T21:17:43,2025-06-05T05:37:43,PAY-004,PAY-004,1,False,False,,False
10748,When will this be back in stock?,"Hi, the graphic t-shirt shows as out of stock, do you know when it'll be available again?",open,high,problem,web_widget,"vip,web",51263,915,2,2025-07-30T07:00:58,2025-07-30T16:53:58,PRD-004,PRD-004,1,False,False,,False
10749,Delete my account,"Hi, I'd like to delete my account and all data you hold on me, please confirm once done.",open,normal,incident,web_widget,"priority,mobile_app",51687,915,1,2025-06-27T17:02:01,2025-06-28T02:00:01,ACC-003,ACC-003,1,False,False,,False
10750,Duplicate charge on my card,"Hi, the amount charged to my card doesn't match my order total, can you check?",open,normal,problem,web_widget,web,50956,903,1,2025-08-27T12:56:35,2025-08-27T16:34:35,PAY-002,PAY-002,1,False,False,,False
10751,Frustrated customer,"Hi, I've had several issues with my last few orders and I'm not happy with the service.",solved,low,question,web_widget,"ecommerce,vip",51013,918,1,2025-07-06T09:55:01,2025-07-06T19:16:01,GEN-001,GEN-001,1,False,False,,False
10752,Order #602805 missing an item,"I just opened my package for order #602805 and the desk lamp is missing, only the rest of the items were inside.",closed,low,incident,web_widget,mobile_app,50405,907,2,2025-06-28T07:02:53,2025-06-28T17:09:53,ORD-004,ORD-004,1,False,False,,False
10753,Refund status,"Hi, when will I get my money back for the item I sent back?",closed,normal,problem,web_widget,vip,50504,919,2,2025-07-08T19:38:26,2025-07-09T08:37:26,RET-002,ORD-005,1,True,False,,False
10754,Item stopped working,"Hi, my order arrived and the sneakers is broken, it won't turn on at all.",solved,low,problem,email,"mobile_app,vip",53335,912,1,2025-06-27T17:44:01,2025-06-28T03:51:01,PRD-001,PRD-001,1,False,False,,False
10755,How long do I have to return an item?,"Hi, quick question about your returns policy, can I return an item I already opened? What's the process to send back an item I ordered? It doesn't fit.",solved,low,incident,web_widget,mobile_app,51458,918,2,2025-07-29T04:42:11,2025-07-29T13:59:11,RET-004,RET-004,1,False,True,RET-001,False
10756,Complaint about recent order,"Hi, I've had several issues with my last few orders and I'm not happy with the service.",closed,low,task,web_widget,mobile_app,53092,907,2,2025-06-07T00:24:16,2025-06-07T08:54:16,GEN-001,RET-004,1,True,False,,False
10757,Need an invoice,"Hi, could you send me an invoice for order #626435? I need it for accounting.",solved,low,task,web_widget,mobile_app,50388,916,1,2025-08-03T13:36:33,2025-08-04T00:39:33,PAY-003,PAY-003,1,False,False,,False
10758,Tracking question,"Hi, I placed order #773515 on Jun 24 and I can't find any tracking info. Can you tell me where it is?",solved,high,question,email,,51233,904,1,2025-07-12T08:05:53,2025-07-12T11:15:53,ORD-001,ORD-001,1,False,False,,False
10759,Duplicate charge on my card,"I was charged twice for order #128635, can you refund the duplicate?",solved,high,question,email,web,50688,909,2,2025-06-09T17:21:18,2025-06-10T03:37:18,PAY-002,PRD-004,1,True,False,,False
10760,My order never arrived,Order #282776 shows as delivered but I never received anything. I've checked with neighbours and the building office.,closed,low,question,email,"vip,priority",51256,906,1,2025-06-10T04:42:12,2025-06-10T13:21:12,ORD-003,ORD-003,1,False,False,,False
10761,Wrong item received,"Hi, the color/size I received doesn't match order #960822 at all.",pending,normal,task,web_widget,,51791,924,1,2025-07-31T23:40:30,2025-08-01T10:28:30,PRD-002,GEN-002,1,True,False,,False
10762,Package marked delivered but I got nothing,"Hi, the courier says my package for order #990236 was delivered but it's nowhere to be found.",solved,low,task,email,"mobile_app,priority",51091,915,2,2025-07-04T15:07:14,2025-07-05T08:26:14,ORD-003,ORD-003,1,False,False,,False
10763,Item missing from my order,"I just opened my package for order #791377 and the winter coat is missing, only the rest of the items were inside.",closed,low,task,email,priority,53051,920,1,2025-06-21T10:39:20,2025-06-21T22:17:20,ORD-004,ORD-004,1,False,False,,False
10764,Coupon issue at checkout,I used the code NOVA5 but it didn't apply any discount at checkout.,solved,normal,incident,web_widget,"vip,web",51554,901,1,2025-06-16T02:44:49,2025-06-16T14:50:49,PAY-004,PAY-004,1,False,False,,False
10765,Product arrived defective,The desk lamp I ordered stopped working after 11 days of normal use.,solved,normal,incident,web_widget,,53074,912,1,2025-08-14T06:27:12,2025-08-14T20:59:12,PRD-001,PRD-001,1,False,False,,False
10766,Order #466901 status,"Hello, just checking on the status of order #466901, it's been a few days adn I haven't heard anything.",solved,urgent,task,web_widget,,52457,903,1,2025-08-27T00:15:24,2025-08-27T15:20:24,ORD-001,ORD-001,1,False,False,,False
10767,Where is my order?,"Hi, I placed order #519909 on Aug 21 and I can't find any tracking info. Can you tell me where it is?",solved,normal,problem,email,,50154,902,2,2025-08-22T17:06:34,2025-08-23T07:26:34,ORD-001,ORD-001,1,False,False,,False
10768,When will this be back in stock?,Is there any way to get notified when teh laptop sleeve is restocked?,closed,low,question,web_widget,"mobile_app,vip",50858,910,1,2025-07-09T17:26:03,2025-07-10T10:51:03,PRD-004,PRD-004,1,False,False,,False
10769,Tracking question,"Hello, just checking on the status of order #737085, it's been a few days and I haven't heard anything.",closed,normal,question,web_widget,,51298,904,2,2025-08-25T00:06:44,2025-08-25T07:51:44,ORD-001,ORD-001,1,False,False,,False
10770,Delivery delay on #153895,Order #153895 was supposed to arrive on Aug 09 and it's still not here. What's going on?,closed,normal,problem,web_widget,mobile_app,50311,922,1,2025-08-23T17:56:21,2025-08-24T04:38:21,ORD-002,ORD-002,1,False,False,,False
10771,Delivery delay on #161188,"Hi, my delivery is running late, I ordered the bluetooth speaker over a week ago.",solved,low,task,email,ecommerce,51599,919,1,2025-07-22T21:38:38,2025-07-23T11:16:38,ORD-002,ORD-002,1,False,False,,False
10772,Loyalty points question,What benefits come with teh premium membership tier?,closed,normal,incident,web_widget,priority,52717,901,1,2025-08-18T04:33:41,2025-08-18T13:43:41,LOY-001,LOY-001,1,False,False,,False
10773,Can't log in,"Hi, I can't log into my account, it keeps saying my password is wrong even after resetting it.",solved,low,problem,web_widget,,50787,916,2,2025-06-12T01:53:22,2025-06-12T16:01:22,ACC-001,ACC-001,1,False,False,,False
10774,My order is late,"Hi, my delivery is running late, I ordered the yoga mat over a week ago.",solved,low,problem,email,"vip,priority",50934,911,2,2025-06-10T06:20:45,2025-06-10T20:36:45,ORD-002,ORD-002,1,False,False,,False
10775,Delivery delay on #899132,"Hi, my delivery is running late, I ordered the sneakers over a week ago.",closed,normal,incident,web_widget,"ecommerce,priority",51234,902,1,2025-08-19T08:00:48,2025-08-19T17:24:48,ORD-002,ORD-002,1,False,False,,False
10776,Need to update my address,"Hi, I need to update the email address on my account.",solved,normal,question,email,priority,50398,907,2,2025-07-27T11:38:46,2025-07-27T22:28:46,ACC-002,ACC-002,1,False,False,,False
10777,Refund status,"I returned my order #863245 7 days ago and haven't seen a refund yet, can you check?",solved,low,task,web_widget,,52129,919,2,2025-07-10T01:29:00,2025-07-10T12:54:00,RET-002,PRD-005,1,True,False,,False
10778,Address correction for #911463,"I moved recently and my order #911463 is still set to go to my old address, can this be fixed?",closed,normal,task,web_widget,web,52622,919,2,2025-06-27T22:05:17,2025-06-28T06:25:17,ORD-005,ORD-005,1,False,False,,False
10779,Not happy with my experience,"I want to file a complaint, my overall experience with this order has been really disappointing.",pending,normal,incident,web_widget,,51384,910,1,2025-08-16T23:46:37,2025-08-17T07:55:37,GEN-001,GEN-001,1,False,False,,False
10780,Item stopped working,The graphic t-shirt I ordered stopped working after 13 days of normal use.,solved,normal,incident,web_widget,mobile_app,50188,908,1,2025-08-15T09:05:08,2025-08-15T13:02:08,PRD-001,PRD-001,1,False,False,,False
10781,Refund status,"I returned my order #232332 2 days ago and haven't seen a refund yet, can you check?",solved,normal,task,web_widget,,52474,906,1,2025-08-15T22:21:00,2025-08-16T01:00:00,RET-002,RET-002,1,False,False,,False
10782,My order is late,"Hi, my delivery is running late, I ordered the winter coat over a week ago.",solved,low,incident,web_widget,mobile_app,52472,901,1,2025-07-29T19:29:01,2025-07-30T03:57:01,ORD-002,ORD-002,1,False,False,,False
10783,Return process question,"Hi, I'd like to return the desk lamp from order #403694, can you send me a return label?",closed,low,incident,web_widget,"vip,mobile_app",51906,925,1,2025-06-07T20:51:18,2025-06-08T03:54:18,RET-001,RET-001,1,False,False,,False
10784,Not as pictured,"Hi, the quality of this item really doesn't match the product description on the site.",solved,normal,question,email,web,52242,901,1,2025-06-07T18:02:51,2025-06-08T01:17:51,PRD-005,PRD-005,1,False,False,,False
10785,Package hasn't arrived yet,"Hi, my delivery is running late, I ordered teh running shoes over a week ago.",solved,low,task,email,"vip,ecommerce",52951,909,1,2025-07-04T11:06:26,2025-07-04T22:24:26,ORD-002,ORD-002,1,False,False,,False
10786,Return eligibility,"Hi, quick question about your returns policy, can I return an item I already opened? Hi, I'd like to return the running shoes from order #459135, can you send me a return label?",solved,normal,incident,email,ecommerce,52010,921,1,2025-08-12T22:47:43,2025-08-13T06:14:43,RET-004,RET-004,1,False,True,RET-001,False
10787,Complaint about recent order,"Hi, I've had several issues with my last few orders and I'm not happy with the service.",closed,normal,task,web_widget,"vip,ecommerce",53299,904,1,2025-06-26T10:54:20,2025-06-26T18:36:20,GEN-001,GEN-001,1,False,False,,False
10788,Package hasn't arrived yet,"Hi, my delivery is running late, I ordered the desk lamp over a week ago.",pending,low,incident,web_widget,mobile_app,50585,921,1,2025-07-09T09:13:49,2025-07-09T18:36:49,ORD-002,ORD-002,1,False,False,,False
10789,Quality doesn't match description,"Hi, the quality of this item really doesn't match the product description on the site. The graphic t-shirt I ordered stopped working after 7 days of normal use.",closed,low,incident,email,"vip,web",52253,922,2,2025-08-03T15:30:42,2025-08-03T23:49:42,PRD-005,PRD-005,1,False,True,PRD-001,False
10790,Incorrect charge amount,"I was charged twice for order #566896, can you refund the duplicate?",open,low,problem,web_widget,priority,50262,922,2,2025-07-15T10:34:25,2025-07-15T12:51:25,PAY-002,PAY-002,1,False,False,,False
10791,My order is late,Order #889303 was supposed to arrive on Aug 12 and it's still not here. What's going on?,solved,normal,question,web_widget,,51588,908,2,2025-08-19T03:50:34,2025-08-19T15:01:34,ORD-002,ORD-002,1,False,False,,False
10792,Where is my order?,"Hi, I placed order #691318 on Aug 02 and I can't find any tracking info. Can you tell me where it is?",solved,normal,problem,web_widget,,50596,908,1,2025-08-09T12:06:55,2025-08-10T04:42:55,ORD-001,ORD-001,1,False,False,,False
10793,Tracking question,"Hi, I placed order #640070 on Jul 21 and I can't find any tracking info. Can you tell me where it is?",solved,normal,incident,web_widget,,53414,910,1,2025-07-28T17:39:41,2025-07-29T05:59:41,ORD-001,ORD-001,1,False,False,,False
10794,Where is my refund?,"Hi, when will I get my money back for the item I sent back?",solved,normal,incident,web_widget,,51785,902,1,2025-07-17T23:07:59,2025-07-18T15:46:59,RET-002,RET-002,1,False,False,,False
10795,Item stopped working,The denim jacket I ordered stopped working after 6 days of normal use.,closed,low,problem,web_widget,priority,51493,907,2,2025-07-23T15:45:41,2025-07-24T03:03:41,PRD-001,PRD-001,1,False,False,,False
10796,Receipt for accounting,"Hi, could you send me an invoice for order #332761? I need it for accounting.",solved,low,question,web_widget,,51961,924,1,2025-07-24T22:23:35,2025-07-25T06:49:35,PAY-003,PAY-003,1,False,False,,False
10797,Need an invoice,Where can I download a receipt for my recent purchase?,closed,low,question,email,"vip,priority",52275,922,2,2025-08-26T11:35:30,2025-08-26T22:07:30,PAY-003,PAY-003,1,False,False,,False
10798,Change email on file,"Hi, I need to update the email address on my account.",closed,normal,task,web_widget,,50792,909,1,2025-07-15T11:55:13,2025-07-15T18:56:13,ACC-002,ACC-002,1,False,False,,False
10799,Password reset not working,"The password reset link you sent isn't working, can you help me get back in?",closed,normal,task,email,ecommerce,52487,919,2,2025-07-05T08:56:33,2025-07-05T21:52:33,ACC-001,ACC-001,1,False,False,,False
10800,Product arrived defective,The wireless headphones I ordered stopped working after 13 days of normal use.,closed,high,problem,web_widget,"priority,web",53122,903,1,2025-08-11T18:42:40,2025-08-12T02:05:40,PRD-001,PRD-001,1,False,False,,False
10801,Where is my refund?,"I returned my order #193594 3 days ago and haven't seen a refund yet, can you check?",open,normal,incident,email,mobile_app,51305,909,1,2025-08-04T23:10:13,2025-08-05T05:31:13,RET-002,RET-002,1,False,False,,False
10802,Still waiting on refund for #449251,"Hi, when will I get my money back for the item I sent back?",closed,high,task,email,priority,51494,904,2,2025-06-13T22:10:19,2025-06-14T06:22:19,RET-002,ORD-002,1,True,False,,False
10803,Delivery delay on #345861,Order #345861 was supposed to arrive on Jul 23 and it's still not here. What's going on? Order #345861 shows as delivered but I never received anything. I've checked with neighbours and the building office.,pending,normal,question,web_widget,"priority,vip",52988,901,2,2025-08-03T08:35:46,2025-08-03T21:17:46,ORD-002,ORD-002,1,False,True,ORD-003,False
10804,Not happy with my experience,"Hi, I've had several issues with my last few orders and I'm not happy with the service.",closed,high,incident,web_widget,,52863,908,1,2025-07-20T11:51:56,2025-07-21T02:00:56,GEN-001,GEN-OTHER,1,True,False,,False
10805,Does this come in other sizes?,"Hi, before I order the wireless headphones, does it come in a larger size?",solved,normal,problem,web_widget,"ecommerce,mobile_app",50148,911,1,2025-08-26T04:29:13,2025-08-26T13:56:13,PRD-003,PRD-003,1,False,False,,False
10806,Order #619296 status,"Hi, I placed order #619296 on Jul 17 and I can't find any tracking info. Can you tell me where it is?",solved,normal,task,web_widget,vip,53327,915,1,2025-08-02T19:30:55,2025-08-03T09:35:55,ORD-001,ORD-001,1,False,False,,False
10807,Product question about phone case,"Hi, before I order the phone case, does it come in a larger size?",solved,urgent,question,web_widget,,50692,905,1,2025-07-29T07:54:38,2025-07-29T19:20:38,PRD-003,PRD-002,1,True,False,,False
10808,Need to update my address,"Hi, I need to update the email address on my account.",pending,normal,task,web_widget,"vip,ecommerce",52910,909,1,2025-07-11T02:58:06,2025-07-11T12:21:06,ACC-002,ACC-002,1,False,False,,False
10809,Item stopped working,"Hi, my order arrived and the sunglasses is broken, it won't turn on at all.",solved,normal,incident,web_widget,,50017,922,1,2025-06-24T20:06:17,2025-06-25T03:43:17,PRD-001,PRD-001,1,False,False,,False
10810,Quick question,"Hi, I have a question but I'm not totally sure it's the right team to ask.",closed,normal,problem,email,"vip,mobile_app",51644,921,1,2025-07-02T08:51:09,2025-07-02T16:36:09,GEN-OTHER,PAY-002,1,True,False,,False
10811,Incomplete package,"I just opened my package for order #510022 and the bluetooth speaker is missing, only the rest of the items were inside.",closed,normal,task,web_widget,mobile_app,53202,922,1,2025-07-29T10:28:48,2025-07-30T01:05:48,ORD-004,ORD-004,1,False,False,,False
10812,Item stopped working,"Hi, my order arrived and teh wireless headphones is broken, it won't turn on at all.",pending,normal,problem,email,,50884,913,2,2025-08-15T12:52:19,2025-08-15T19:56:19,PRD-001,PRD-001,1,False,False,,False
10813,Need a return label,What's the process to send back an item I ordered? It doesn't fit.,solved,low,problem,email,"ecommerce,priority",51458,900,2,2025-08-11T22:45:19,2025-08-12T09:59:19,RET-001,RET-001,1,False,False,,False
10814,Defective bluetooth speaker,The bluetooth speaker I ordered stopped working after 2 days of normal use.,solved,normal,incident,email,web,52302,900,1,2025-06-13T12:49:21,2025-06-13T22:32:21,PRD-001,PRD-001,1,False,False,,False
10815,Disappointed with quality,The denim jacket I received feels much cheaper than it looked in the photos.,solved,normal,question,web_widget,ecommerce,53516,924,1,2025-06-08T03:51:51,2025-06-08T19:50:51,PRD-005,PRD-005,1,False,False,,False
10816,Item stopped working,"Hi, my order arrived and the running shoes is broken, it won't turn on at all.",solved,urgent,incident,email,"vip,mobile_app",53269,919,2,2025-07-27T23:06:05,2025-07-28T09:21:05,PRD-001,PRD-001,1,False,False,,False
10817,Payment declined,"Hi, I'm getting a payment error and can't finish my order.",solved,normal,incident,email,"vip,ecommerce",51534,913,2,2025-08-09T09:41:55,2025-08-09T14:25:55,PAY-001,PAY-001,1,False,False,,False
10818,How do I return this?,What's the process to send back an item I ordered? It doesn't fit.,solved,normal,question,web_widget,"priority,mobile_app",51785,923,1,2025-06-06T09:34:19,2025-06-06T17:24:19,RET-001,RET-002,1,True,False,,False
10819,Item stopped working,"Hi, my order arrived and the running shoes is broken, it won't turn on at all.",pending,low,problem,web_widget,"vip,priority",51219,911,1,2025-08-01T20:26:09,2025-08-02T03:30:09,PRD-001,PRD-001,1,False,False,,False
10820,Locked out of my account,"Hi, I can't log into my account, it keeps saying my password is wrong even after resetting it.",solved,normal,task,web_widget,"priority,web",53258,902,2,2025-08-02T09:52:41,2025-08-02T18:30:41,ACC-001,ACC-001,1,False,False,,False
10821,Change email on file,Can you help me change teh phone number linked to my account?,closed,low,problem,web_widget,,50401,918,1,2025-07-07T03:24:36,2025-07-07T09:05:36,ACC-002,ACC-002,1,False,False,,False
10822,Refund status,"Hi, when will I get my money back for the item I sent back?",closed,normal,task,email,ecommerce,53313,905,1,2025-08-10T15:26:41,2025-08-10T22:05:41,RET-002,RET-002,1,False,False,,False
10823,Still waiting on refund for #629518,"I returned my order #629518 3 days ago and haven't seen a refund yet, can yuo check?",solved,low,incident,email,,52197,922,2,2025-06-22T20:29:50,2025-06-23T02:31:50,RET-002,RET-002,1,False,False,,False
10824,Incorrect charge amount,"I was charged twice for order #531043, can you refund the duplicate?",solved,low,problem,email,,53081,921,1,2025-06-12T01:32:46,2025-06-12T12:43:46,PAY-002,PAY-002,1,False,False,,False
10825,Refund doesn't match order #554769,"Hi, I was only refunded part of my order, can you check what happened?",pending,normal,task,web_widget,,53197,901,2,2025-08-23T03:11:00,2025-08-23T13:47:00,RET-003,PRD-004,1,True,False,,False
10826,Delivery delay on #891935,Order #891935 was supposed to arrive on Jul 16 and it's still not here. What's going on?,solved,normal,task,email,,50967,914,1,2025-08-02T06:59:51,2025-08-02T15:10:51,ORD-002,ORD-002,1,False,False,,False
10827,Complaint about recent order,"Hi, I've had several issues with my last few orders and I'm not happy with the service.",solved,low,task,email,"mobile_app,priority",50679,923,1,2025-08-02T13:37:41,2025-08-02T23:08:41,GEN-001,GEN-001,1,False,False,,False
10828,Refund status,"I returned my order #495426 8 days ago and haven't seen a refund yet, can you check?",solved,normal,incident,web_widget,,51702,908,1,2025-08-16T14:45:16,2025-08-17T02:52:16,RET-002,PRD-001,1,True,False,,False
10829,Package hasn't arrived yet,Order #198763 was supposed to arrive on Aug 22 and it's still not here. What's going on?,solved,high,incident,web_widget,,51082,901,1,2025-08-25T06:07:43,2025-08-25T18:13:43,ORD-002,ORD-005,1,True,False,,False
10830,How do I return this?,What's teh process to send back an item I ordered? It doesn't fit.,pending,normal,task,web_widget,"vip,mobile_app",50452,908,1,2025-07-08T05:57:50,2025-07-08T21:19:50,RET-001,RET-001,1,False,False,,False
10831,Tracking question,"Hi, I placed order #979944 on Jul 10 and I can't find any tracking info. Can you tell me where it is?",solved,high,incident,web_widget,"web,vip",50892,915,2,2025-07-17T03:48:04,2025-07-17T12:23:04,ORD-001,ORD-001,1,False,False,,False
10832,Address correction for #731296,"I moved recently and my order #731296 is still set to go to my old address, can this be fixed?",solved,normal,question,web_widget,mobile_app,51096,918,1,2025-08-17T04:13:02,2025-08-17T16:22:02,ORD-005,ORD-005,1,False,False,,False
10833,Where is my order?,"Hello, just checking on the status of order #837374, it's been a few days and I haven't heard anything.",solved,normal,task,email,vip,53553,913,2,2025-08-22T08:08:59,2025-08-22T20:32:59,ORD-001,RET-003,1,True,False,,False
10834,Order #864810 missing an item,"I just opened my package for order #864810 and the sunglasses is missing, only the rest of the items were inside.",solved,low,incident,email,,53228,918,1,2025-06-13T08:14:40,2025-06-13T16:29:40,ORD-004,ORD-004,1,False,False,,False
10835,Wrong item received,"Hi, the color/size I received doesn't match order #870677 at all.",closed,low,problem,web_widget,ecommerce,52893,905,1,2025-07-30T04:56:10,2025-07-30T10:08:10,PRD-002,PRD-002,1,False,False,,False
10836,Out of stock item,"Hi, the yoga mat shows as out of stock, do you know when it'll be available again?",closed,normal,problem,web_widget,"priority,vip",52857,919,1,2025-07-08T10:36:22,2025-07-08T20:32:22,PRD-004,PRD-004,1,False,False,,False
10837,Wrong item received,I ordered the winter coat but received a completely different item.,closed,normal,problem,web_widget,"mobile_app,ecommerce",53435,910,2,2025-08-02T07:02:40,2025-08-02T14:52:40,PRD-002,PRD-002,1,False,False,,False
10838,Coupon issue at checkout,I used the code WELCOME15 but it didn't apply any discount at checkout.,pending,normal,incident,email,priority,52329,908,1,2025-06-06T22:55:40,2025-06-07T06:26:40,PAY-004,PAY-004,1,False,False,,False
10839,Item stopped working,"Hi, my order arrived and the backpack is broken, it won't turn on at all.",solved,normal,problem,web_widget,"web,vip",51935,911,1,2025-08-27T02:44:47,2025-08-27T15:15:47,PRD-001,PRD-001,1,False,False,,False
10840,Coupon issue at checkout,"Hi, I was supposed to get a discount but my order #108657 was charged full price.",solved,low,problem,email,"web,mobile_app",52493,908,2,2025-08-23T20:18:30,2025-08-24T12:39:30,PAY-004,PAY-004,1,False,False,,False
10841,Where is my refund?,"I returned my order #665071 6 days ago and haven't seen a refund yet, can you check?",open,low,problem,email,"mobile_app,ecommerce",52731,912,1,2025-07-10T11:17:27,2025-07-10T16:31:27,RET-002,RET-002,1,False,False,,False
10842,Refund status,"I returned my order #441618 7 days ago and haven't seen a refund yet, can you check?",solved,normal,task,web_widget,"web,priority",51379,912,1,2025-07-03T15:08:26,2025-07-04T04:15:26,RET-002,RET-002,1,False,False,,False
10843,Not as pictured,The sneakers I received feels much cheaper than it looked in the photos.,solved,normal,question,web_widget,,51984,910,1,2025-06-13T08:28:52,2025-06-13T18:27:52,PRD-005,PRD-005,1,False,False,,False
10844,Card not working at checkout,"Hi, I'm getting a payment error and can't finish my order.",solved,normal,task,email,,52118,920,1,2025-06-23T06:06:48,2025-06-23T12:44:48,PAY-001,GEN-OTHER,1,True,False,,False
10845,Not happy with my experience,"Hi, I've had several issues with my last few orders and I'm not happy with the service.",solved,normal,question,web_widget,,50885,912,1,2025-06-14T08:25:03,2025-06-14T12:18:03,GEN-001,GEN-001,1,False,False,,False
10846,Can't log in,"The password reset link you sent isn't working, can you help me get back in?",pending,normal,incident,web_widget,,53433,903,2,2025-06-28T10:32:17,2025-06-29T09:23:17,ACC-001,ACC-001,1,False,False,,False
10847,Didn't get my discount,"Hi, I was supposed to get a discount but my order #128832 was charged full price.",solved,normal,incident,web_widget,"ecommerce,web",51827,923,1,2025-06-24T02:19:56,2025-06-24T11:59:56,PAY-004,PAY-004,1,False,False,,False
10848,Payment declined,"Hi, I'm getting a payment error and can't finish my order.",solved,high,task,email,"ecommerce,web",52635,922,1,2025-08-17T11:16:17,2025-08-17T22:41:17,PAY-001,PAY-001,1,False,False,,False
10849,Tracking question,"Hi, I placed order #162841 on Jul 14 adn I can't find any tracking info. Can you tell me where it is?",closed,low,problem,web_widget,ecommerce,51065,914,1,2025-07-22T22:32:47,2025-07-23T10:47:47,ORD-001,ORD-001,1,False,False,,False
10850,How long do I have to return an item?,How many days do I have to return something after delivery?,closed,low,incident,email,"priority,ecommerce",52091,920,2,2025-07-08T04:04:32,2025-07-08T12:19:32,RET-004,RET-004,1,False,False,,False
10851,Still waiting on refund for #399654,"I returned my order #399654 6 days ago and haven't seen a refund yet, can you check?",solved,normal,problem,web_widget,vip,52990,905,1,2025-06-17T22:10:31,2025-06-18T05:09:31,RET-002,ORD-002,1,True,False,,False
10852,Need a return label,"Hi, I'd like to return the running shoes from order #375204, can you send me a return label?",solved,normal,incident,web_widget,web,53541,909,2,2025-06-01T05:49:12,2025-06-01T15:02:12,RET-001,RET-001,1,False,False,,False
10853,Incorrect charge amount,"I was charged twice for order #660476, can you refund the duplicate?",closed,high,question,web_widget,web,51531,906,1,2025-08-25T23:40:26,2025-08-26T15:41:26,PAY-002,PAY-002,1,False,False,,False
10854,Duplicate charge on my card,"I was charged twice for order #867913, can you refund the duplicate?",open,low,problem,web_widget,,53121,918,1,2025-08-21T03:34:45,2025-08-21T16:23:45,PAY-002,PAY-002,1,False,False,,False
10855,Where is my refund?,"I returned my order #306193 7 days ago and haven't seen a refund yet, can you check?",solved,normal,problem,web_widget,"priority,ecommerce",51209,902,2,2025-06-27T22:00:46,2025-06-28T14:30:46,RET-002,ORD-002,1,True,False,,False
10856,Defective wireless headphones,The wireless headphones I ordered stopped working after 8 days of normal use.,closed,low,question,web_widget,,50579,913,2,2025-08-18T01:38:57,2025-08-18T09:01:57,PRD-001,PRD-001,1,False,False,,False
10857,Order #949925 status,"Hello, just checking on the status of order #949925, it's been a few days and I haven't heard anything.",solved,normal,task,web_widget,,51709,916,2,2025-06-14T19:55:43,2025-06-15T05:31:43,ORD-001,ORD-001,1,False,False,,False
10858,Product question about sunglasses,"Hi, before I order the sunglasses, does it come in a larger size?",pending,high,problem,email,"ecommerce,priority",50646,904,1,2025-08-27T09:30:41,2025-08-27T15:56:41,PRD-003,PRD-003,1,False,False,,False
10859,Tracking question,"Hi, I placed order #679252 on Aug 12 and I can't find any tracking info. Can you tell me where it is?",solved,urgent,problem,web_widget,,52587,916,1,2025-08-13T08:45:24,2025-08-13T15:10:24,ORD-001,ORD-001,1,False,False,,False
10860,Receipt for accounting,Where can I download a receipt for my recent purchase?,solved,high,question,email,,51593,910,1,2025-07-03T06:14:27,2025-07-03T13:27:27,PAY-003,PAY-003,1,False,False,,False
10861,Discount code not working,I used the code SAVE10 but it didn't apply any discount at checkout.,closed,high,question,email,,52277,912,1,2025-06-26T10:27:30,2025-06-26T17:17:30,PAY-004,PAY-004,1,False,False,,False
10862,Still waiting on refund for #197492,"Hi, when will I get my money back for the item I sent back?",closed,high,incident,web_widget,,51260,914,1,2025-06-22T18:54:37,2025-06-23T11:07:37,RET-002,RET-002,1,False,False,,False
10863,Tracking question,"Hello, just checking on the status of order #328939, it's been a few days and I haven't heard anything.",pending,low,problem,email,"vip,mobile_app",52936,917,2,2025-08-09T04:32:48,2025-08-09T14:38:48,ORD-001,ORD-001,1,False,False,,False
10864,Package hasn't arrived yet,Order #600774 was supposed to arrive on Jun 22 and it's still not here. What's going on?,solved,normal,problem,web_widget,vip,51371,904,1,2025-07-03T12:46:40,2025-07-04T04:52:40,ORD-002,ORD-002,1,False,False,,False
10865,Need to change shipping address,"Hi, I think I entered the wrong address for order #217013, could yuo update it before it ships?",solved,low,problem,email,"priority,vip",50294,924,1,2025-07-29T08:59:27,2025-07-29T20:04:27,ORD-005,ORD-005,1,False,False,,False
10866,Where is my refund?,"I returned my order #151191 10 days ago and haven't seen a refund yet, can you check?",solved,low,problem,web_widget,mobile_app,53163,921,1,2025-07-14T15:41:24,2025-07-14T22:49:24,RET-002,RET-002,1,False,False,,False
10867,Still waiting on refund for #744931,"I returned my order #744931 15 days ago and haven't seen a refund yet, can yuo check?",closed,normal,incident,email,vip,50064,911,1,2025-06-15T00:56:57,2025-06-15T16:22:57,RET-002,RET-002,1,False,False,,False
10868,Defective laptop sleeve,The laptop sleeve I ordered stopped working after 7 days of normal use.,solved,high,question,email,"web,ecommerce",52959,925,1,2025-07-30T17:50:13,2025-07-31T07:39:13,PRD-001,PRD-001,1,False,False,,False
10869,Refund status,"Hi, when will I get my money back for the item I sent back?",solved,normal,problem,web_widget,,52486,916,1,2025-07-14T23:43:23,2025-07-15T11:09:23,RET-002,RET-002,1,False,False,,False
10870,Item stopped working,"Hi, my order arrived and the yoga mat is broken, it won't turn on at all.",open,normal,problem,email,priority,51971,900,1,2025-06-28T13:53:46,2025-06-28T15:30:46,PRD-001,PRD-001,1,False,False,,False
10871,Does this come in other sizes?,"Hi, before I order the bluetooth speaker, does it come in a larger size?",solved,normal,problem,email,mobile_app,51474,918,1,2025-06-12T09:02:03,2025-06-13T00:37:03,PRD-003,PRD-003,1,False,False,,False
10872,Password reset not working,"The password reset link you sent isn't working, can you help me get back in?",closed,low,problem,web_widget,ecommerce,50876,919,1,2025-06-14T19:16:15,2025-06-15T10:21:15,ACC-001,ACC-001,1,False,False,,False
10873,Random query,"Hi, I have a question but I'm not totally sure it's the right team to ask.",closed,low,problem,web_widget,,51904,903,1,2025-08-13T10:37:37,2025-08-13T23:53:37,GEN-OTHER,GEN-OTHER,1,False,False,,False
10874,Order #501832 status,"Hi, I placed order #501832 on Jun 25 and I can't find any tracking info. Can you tell me where it is?",solved,normal,incident,email,priority,52699,901,2,2025-07-10T21:32:47,2025-07-11T10:23:47,ORD-001,ORD-001,1,False,False,,False
10875,Defective wireless headphones,The wireless headphones I ordered stopped working after 9 days of normal use.,solved,low,problem,email,,51507,921,2,2025-08-04T00:13:33,2025-08-04T06:54:33,PRD-001,PRD-001,1,False,False,,False
10876,Need a return label,"What's the process to send back an item I ordered? It doesn't fit. Hi, quick question about your returns policy, can I return an item I already opened?",solved,urgent,problem,web_widget,"mobile_app,priority",51770,912,2,2025-08-24T00:04:14,2025-08-24T14:00:14,RET-001,RET-001,1,False,True,RET-004,False
10877,Stock availability question,"Hi, the denim jacket shows as out of stock, do you know when it'll be available again?",solved,normal,incident,email,"vip,mobile_app",52987,915,2,2025-08-26T02:30:16,2025-08-26T08:38:16,PRD-004,PRD-004,1,False,False,,False
10878,Wrong item received,"Hi, the color/size I received doesn't match order #386102 at all.",solved,normal,problem,email,,53105,924,1,2025-08-27T17:22:16,2025-08-28T06:24:16,PRD-002,PAY-004,1,True,False,,False
10879,Complaint about recent order,"I want to file a complaint, my overall experience with this order has been really disappointing.",closed,low,question,email,"mobile_app,web",51065,912,1,2025-06-16T02:13:01,2025-06-16T12:04:01,GEN-001,PAY-001,1,True,False,,False
10880,Package hasn't arrived yet,Order #733025 was supposed to arrive on Jul 01 and it's still not here. What's going on?,solved,high,incident,web_widget,vip,50444,917,1,2025-07-13T07:52:24,2025-07-13T16:59:24,ORD-002,ORD-002,1,False,False,,False
10881,Address correction for #717424,"Hi, I think I entered the wrong address for order #717424, could yuo update it before it ships?",solved,normal,question,web_widget,"vip,ecommerce",53259,912,1,2025-07-10T02:02:29,2025-07-10T12:22:29,ORD-005,ORD-005,1,False,False,,False
10882,Refund status,"I returned my order #111298 4 days ago and haven't seen a refund yet, can you check?",closed,normal,problem,web_widget,,50769,912,2,2025-06-13T22:38:37,2025-06-14T06:25:37,RET-002,RET-002,1,False,False,,False
10883,Product arrived defective,"Hi, my order arrived and the leather wallet is broken, it won't turn on at all.",closed,low,incident,web_widget,"vip,web",53542,919,1,2025-08-10T07:59:23,2025-08-10T18:15:23,PRD-001,PRD-001,1,False,False,,False
10884,Product arrived defective,"Hi, my order arrived and the sneakers is broken, it won't turn on at all.",open,normal,problem,web_widget,vip,52102,920,1,2025-07-14T21:21:36,2025-07-15T04:36:36,PRD-001,ORD-002,1,True,False,,False
10885,Product arrived defective,"Hi, my order arrived and the smartwatch is broken, it won't turn on at all.",solved,high,task,email,,52215,925,1,2025-07-28T18:17:40,2025-07-29T02:19:40,PRD-001,PRD-001,1,False,False,,False
10886,Where is my refund?,"I returned my order #968972 14 days ago and haven't seen a refund yet, can you check?",pending,high,incident,web_widget,web,50932,907,1,2025-07-23T19:20:50,2025-07-24T02:36:50,RET-002,RET-002,1,False,False,,False
10887,Product arrived defective,The winter coat I ordered stopped working after 15 days of normal use.,solved,normal,incident,web_widget,vip,53192,918,2,2025-07-03T18:10:52,2025-07-04T02:21:52,PRD-001,PRD-001,1,False,False,,False
10888,Product arrived defective,"Hi, my order arrived and the sunglasses is broken, it won't turn on at all.",solved,high,task,web_widget,mobile_app,52786,900,2,2025-07-23T18:57:00,2025-07-24T03:16:00,PRD-001,PRD-001,1,False,False,,False
10889,Need to update my address,"Hi, I need to update the email address on my account.",closed,low,incident,web_widget,"priority,ecommerce",50167,924,1,2025-07-22T20:05:36,2025-07-23T07:49:36,ACC-002,ACC-002,1,False,False,,False
10890,Package marked delivered but I got nothing,"Hi, the courier says my package for order #393520 was delivered but it's nowhere to be found. Hi, when will I get my money back for the item I sent back?",solved,low,task,email,vip,53226,904,1,2025-07-24T15:32:59,2025-07-25T03:34:59,ORD-003,ORD-003,1,False,True,RET-002,False
10891,Duplicate charge on my card,"I was charged twice for order #457189, can you refund the duplicate?",pending,normal,task,web_widget,"mobile_app,web",52175,917,1,2025-07-19T09:32:30,2025-07-19T17:52:30,PAY-002,PAY-002,1,False,False,,False
10892,Item stopped working,The running shoes I ordered stopped working after 5 days of normal use.,solved,high,problem,email,,50112,921,1,2025-06-21T19:34:46,2025-06-22T16:54:46,PRD-001,PRD-001,1,False,False,,False
10893,Refund status,"I returned my order #415010 2 days ago and haven't seen a refund yet, can yuo check? I was charged twice for order #415010, can you refund the duplicate?",solved,normal,problem,email,,52360,903,1,2025-07-31T16:03:36,2025-07-31T20:17:36,RET-002,RET-002,1,False,True,PAY-002,False
10894,Does this come in other sizes?,"Quick question, is the wireless headphones compatible with older devices?",pending,low,task,web_widget,"vip,web",51631,908,1,2025-07-27T09:20:08,2025-07-27T18:25:08,PRD-003,PRD-003,1,False,False,,False
10895,Package hasn't arrived yet,Order #700692 was supposed to arrive on Aug 01 and it's still not here. What's going on? Order #700692 shows as delivered but I never received anything. I've checked with neighbours and the building office.,solved,normal,question,web_widget,ecommerce,53010,917,2,2025-08-13T06:34:12,2025-08-13T16:10:12,ORD-002,ORD-002,1,False,True,ORD-003,False
10896,Where is my refund?,"I returned my order #738901 4 days ago and haven't seen a refund yet, can yuo check?",solved,normal,problem,web_widget,"ecommerce,vip",50391,911,1,2025-06-10T17:26:36,2025-06-11T04:07:36,RET-002,RET-002,1,False,False,,False
10897,Need an invoice,Where can I download a receipt for my recent purchase?,closed,normal,incident,web_widget,web,52193,920,2,2025-08-23T05:43:20,2025-08-23T20:09:20,PAY-003,PAY-003,1,False,False,,False
10898,Where is my order?,"Hello, just checking on the status of order #414970, it's been a few days and I haven't heard anything.",solved,low,question,email,"web,ecommerce",50326,916,2,2025-06-22T15:20:44,2025-06-23T05:47:44,ORD-001,ORD-001,1,False,False,,False
10899,Wrong item received,I ordered the denim jacket but received a completely different item. The denim jacket I ordered stopped working after 6 days of normal use.,closed,low,incident,email,,53124,925,1,2025-08-24T11:27:34,2025-08-24T19:32:34,PRD-002,PRD-002,1,False,True,PRD-001,False
10900,Payment declined,"Hi, I'm getting a payment error and can't finish my order.",solved,normal,question,email,"ecommerce,vip",51689,925,1,2025-06-05T19:53:38,2025-06-06T03:38:38,PAY-001,PAY-001,1,False,False,,False
10901,Product arrived defective,The laptop sleeve I ordered stopped working after 14 days of normal use.,solved,normal,incident,email,priority,50515,919,2,2025-06-20T18:58:21,2025-06-21T09:09:21,PRD-001,PRD-001,1,False,False,,False
10902,Delivery delay on #690104,"Hi, my delivery is running late, I ordered the phone case over a week ago.",closed,low,incident,web_widget,"mobile_app,priority",51649,910,1,2025-08-05T12:12:12,2025-08-05T22:07:12,ORD-002,ORD-002,1,False,False,,False
10903,Where is my refund?,"I returned my order #481351 5 days ago and haven't seen a refund yet, can you check? Hi, the amount charged to my card doesn't match my order total, can you check?",solved,low,task,web_widget,priority,52965,922,2,2025-08-06T20:59:27,2025-08-07T06:27:27,RET-002,RET-002,1,False,True,PAY-002,False
10904,Where is my refund?,"I returned my order #206399 6 days ago and haven't seen a refund yet, can you check?",solved,high,task,email,vip,52576,921,1,2025-06-17T10:56:14,2025-06-17T15:27:14,RET-002,RET-002,1,False,False,,False
10905,Item stopped working,"Hi, my order arrived and teh backpack is broken, it won't turn on at all.",closed,high,problem,email,,51328,917,2,2025-06-05T22:16:51,2025-06-06T07:55:51,PRD-001,PRD-001,1,False,False,,False
10906,Complaint about recent order,"Hi, I've had several issues with my last few orders and I'm not happy with the service.",pending,low,problem,email,"mobile_app,priority",52986,922,1,2025-08-27T11:19:16,2025-08-27T23:45:16,GEN-001,GEN-001,1,False,False,,False
10907,Partial refund issue,"Hi, I was only refunded part of my order, can you check what happened?",closed,low,problem,email,ecommerce,51294,904,1,2025-08-10T21:58:00,2025-08-11T07:34:00,RET-003,RET-003,1,False,False,,False
10908,Return policy question,How many days do I have to return something after delivery?,solved,urgent,question,email,vip,53479,901,2,2025-07-25T14:29:09,2025-07-26T12:10:09,RET-004,RET-004,1,False,False,,False
10909,Still waiting on refund for #284651,"Hi, when will I get my money back for the item I sent back? I was charged twice for order #284651, can you refund the duplicate?",solved,urgent,incident,web_widget,web,51639,924,1,2025-08-09T01:19:10,2025-08-09T13:03:10,RET-002,RET-002,1,False,True,PAY-002,False
10910,Random query,"Hi, I have a question but I'm not totally sure it's the right team to ask.",solved,low,problem,email,,51816,916,2,2025-07-24T03:44:40,2025-07-24T15:44:40,GEN-OTHER,GEN-OTHER,1,False,False,,False
10911,Refund status,"I returned my order #737135 8 days ago and haven't seen a refund yet, can you check?",closed,normal,task,email,,50344,913,1,2025-07-10T05:46:02,2025-07-10T10:36:02,RET-002,RET-002,1,False,False,,False
10912,Product arrived defective,"Hi, my order arrived and the sneakers is broken, it won't turn on at all.",open,normal,question,email,"web,priority",52773,906,1,2025-07-16T01:37:44,2025-07-16T12:28:44,PRD-001,PRD-001,1,False,False,,False
10913,Product arrived defective,The backpack I ordered stopped working after 8 days of normal use.,closed,normal,problem,web_widget,"web,mobile_app",52326,915,1,2025-07-12T17:03:15,2025-07-12T22:31:15,PRD-001,PRD-001,1,False,False,,False
10914,Product arrived defective,The bluetooth speaker I ordered stopped working after 3 days of normal use.,solved,normal,task,web_widget,,51286,908,1,2025-07-06T06:28:09,2025-07-06T09:52:09,PRD-001,PRD-001,1,False,False,,False
10915,Defective running shoes,The running shoes I ordered stopped working after 10 days of normal use.,closed,normal,task,email,ecommerce,50755,911,1,2025-07-04T14:00:33,2025-07-04T21:10:33,PRD-001,PRD-001,1,False,False,,False
10916,Discount code not working,I used the code SAVE10 but it didn't apply any discount at checkout.,solved,high,question,email,mobile_app,51336,904,1,2025-07-26T15:50:20,2025-07-26T23:06:20,PAY-004,PAY-004,1,False,False,,False
10917,Duplicate charge on my card,"I was charged twice for order #733636, can yuo refund the duplicate?",closed,low,question,web_widget,,52585,918,2,2025-08-23T17:57:16,2025-08-24T10:20:16,PAY-002,PAY-004,1,True,False,,False
10918,Random query,"Hi, I have a question but I'm not totally sure it's the right team to ask.",solved,high,task,web_widget,web,53095,902,1,2025-06-11T02:11:54,2025-06-11T13:47:54,GEN-OTHER,GEN-OTHER,1,False,False,,False
10919,Tracking question,"Hi, I placed order #948637 on May 21 and I can't find any tracking info. Can you tell me where it is?",solved,normal,problem,web_widget,"mobile_app,vip",51879,916,1,2025-06-02T23:34:12,2025-06-03T11:46:12,ORD-001,ORD-001,1,False,False,,False
10920,Delivery delay on #895950,"Hi, my delivery is running late, I ordered the bluetooth speaker over a week ago.",solved,low,problem,web_widget,"mobile_app,web",50290,900,2,2025-06-02T12:57:14,2025-06-02T19:57:14,ORD-002,ORD-002,1,False,False,,False
10921,Received wrong product,I ordered the phone case but received a completely different item.,solved,high,question,web_widget,,52455,909,2,2025-07-05T11:00:49,2025-07-05T21:58:49,PRD-002,PRD-002,1,False,False,,False
10922,Payment declined,"My card keeps getting declined when I try to check out, even though there are funds available.",solved,urgent,problem,web_widget,,50453,902,1,2025-07-23T05:20:45,2025-07-23T17:21:45,PAY-001,PAY-001,1,False,False,,False
10923,When will this be back in stock?,"Hi, the desk lamp shows as out of stock, do you know when it'll be available again?",solved,normal,incident,web_widget,priority,50937,918,2,2025-07-14T16:40:49,2025-07-15T06:37:49,PRD-004,PRD-004,1,False,False,,False
10924,Still waiting on refund for #651605,"I returned my order #651605 7 days ago and haven't seen a refund yet, can you check?",solved,high,task,web_widget,,50803,925,2,2025-07-21T23:40:52,2025-07-22T11:47:52,RET-002,RET-002,1,False,False,,False
10925,Where is my refund?,"Hi, when will I get my money back for the item I sent back?",solved,low,incident,web_widget,,52937,903,1,2025-07-01T20:33:01,2025-07-02T04:10:01,RET-002,RET-002,1,False,False,,False
10926,Item stopped working,The bluetooth speaker I ordered stopped working after 4 days of normal use.,solved,high,task,web_widget,vip,52966,917,2,2025-07-07T04:25:47,2025-07-07T06:58:47,PRD-001,PRD-001,1,False,False,,False
10927,Package hasn't arrived yet,Order #191981 was supposed to arrive on Jul 09 and it's still not here. What's going on?,solved,normal,task,email,,53159,923,1,2025-07-17T19:26:05,2025-07-18T06:20:05,ORD-002,ORD-002,1,False,False,,False
10928,Thank you!,"Just wanted to say thank you, my order arrived early adn in perfect condition.",closed,normal,incident,web_widget,"web,ecommerce",52572,913,2,2025-08-25T10:35:23,2025-08-25T19:14:23,GEN-003,GEN-002,1,True,False,,False
10929,Lost order #336273,Order #336273 shows as delivered but I never received anything. I've checked with neighbours and the building office.,closed,normal,problem,email,,51695,914,1,2025-06-02T08:39:53,2025-06-02T19:10:53,ORD-003,ORD-003,1,False,False,,False
10930,Card not working at checkout,"Hi, I'm getting a payment error and can't finish my order.",solved,normal,task,web_widget,vip,50763,910,1,2025-07-26T23:16:26,2025-07-27T04:02:26,PAY-001,PAY-001,1,False,False,,False
10931,Out of stock item,Is there any way to get notified when the desk lamp is restocked?,solved,low,problem,web_widget,,52877,911,1,2025-07-31T01:37:50,2025-07-31T14:08:50,PRD-004,PRD-004,1,False,False,,False
10932,Defective sneakers,The sneakers I ordered stopped working after 5 days of normal use.,solved,low,task,web_widget,mobile_app,50717,919,1,2025-07-30T21:11:39,2025-07-31T15:36:39,PRD-001,PRD-001,1,False,False,,False
10933,My order is late,Order #682600 was supposed to arrive on May 31 and it's still not here. What's going on?,open,high,incident,email,,52674,914,2,2025-06-10T11:21:06,2025-06-10T17:40:06,ORD-002,ORD-002,1,False,False,,False
10934,Tracking question,"Hello, just checking on the status of order #767603, it's been a few days adn I haven't heard anything.",closed,normal,incident,web_widget,ecommerce,51932,921,2,2025-07-18T18:21:12,2025-07-19T05:01:12,ORD-001,PAY-002,1,True,False,,False
10935,How do I return this?,"Hi, I'd like to return the wireless headphones from order #817678, can you send me a return label?",solved,low,question,web_widget,"web,priority",50643,919,2,2025-06-30T18:51:22,2025-06-30T22:02:22,RET-001,RET-001,1,False,False,,False
10936,Out of stock item,"Hi, the smartwatch shows as out of stock, do you know when it'll be available again?",pending,normal,task,email,vip,50011,922,2,2025-07-31T22:54:17,2025-08-01T04:51:17,PRD-004,PRD-004,1,False,False,,False
10937,Where is my refund?,"Hi, when will I get my money back for the item I sent back? Hi, the amount charged to my card doesn't match my order total, can you check?",solved,normal,incident,web_widget,,50037,907,1,2025-06-01T03:08:16,2025-06-01T12:08:16,RET-002,RET-002,1,False,True,PAY-002,False
10938,Product arrived defective,The phone case I ordered stopped working after 11 days of normal use.,solved,normal,incident,web_widget,ecommerce,51469,900,1,2025-06-02T15:40:41,2025-06-03T02:23:41,PRD-001,PRD-001,1,False,False,,False
10939,Not happy with my experience,"I want to file a complaint, my overall experience with this order has been really disappointing.",closed,low,task,web_widget,"ecommerce,priority",52864,922,1,2025-07-07T19:50:11,2025-07-08T04:55:11,GEN-001,GEN-001,1,False,False,,False
10940,Update my account details,Can yuo help me change the phone number linked to my account?,closed,normal,question,web_widget,,50081,908,2,2025-07-03T15:41:51,2025-07-04T06:41:51,ACC-002,ACC-002,1,False,False,,False
10941,My order is late,"Hi, my delivery is running late, I ordered the sneakers over a week ago.",closed,low,incident,web_widget,ecommerce,53216,914,2,2025-08-12T14:07:35,2025-08-12T21:21:35,ORD-002,PRD-005,1,True,False,,False
10942,Item stopped working,"Hi, my order arrived and the wireless headphones is broken, it won't turn on at all.",pending,high,incident,web_widget,"mobile_app,vip",50532,921,1,2025-07-23T14:09:56,2025-07-23T22:27:56,PRD-001,PRD-001,1,False,False,,False
10943,Just wanted to say thanks,"Hi, your support team helped me out so quickly yesterday, really appreciated it.",solved,normal,problem,email,vip,53394,904,1,2025-08-06T19:11:41,2025-08-07T05:18:41,GEN-003,GEN-003,1,False,False,,False
10944,Coupon issue at checkout,I used the code SUMMER20 but it didn't apply any discount at checkout.,closed,urgent,question,web_widget,"web,mobile_app",50451,901,1,2025-07-23T22:22:57,2025-07-24T08:02:57,PAY-004,PAY-004,1,False,False,,False
10945,Can't complete checkout,"Hi, I'm getting a payment error and can't finish my order.",pending,normal,question,web_widget,,51490,916,2,2025-07-12T00:00:32,2025-07-12T15:03:32,PAY-001,PAY-001,1,False,False,,False
10946,Delivery delay on #300013,Order #300013 was supposed to arrive on Jun 29 and it's still not here. What's going on?,open,low,task,web_widget,,52014,916,1,2025-07-06T07:23:37,2025-07-06T10:37:37,ORD-002,ORD-002,1,False,False,,False
10947,Need a return label,"Hi, I'd like to return the phone case from order #224655, can you send me a return label?",solved,low,task,web_widget,ecommerce,51878,907,1,2025-08-01T01:45:45,2025-08-01T09:18:45,RET-001,RET-001,1,False,False,,False
10948,Not happy with my experience,"I want to file a complaint, my overall experience with this order has been really disappointing.",solved,high,incident,email,"ecommerce,vip",50796,913,2,2025-06-25T03:55:59,2025-06-25T12:32:59,GEN-001,GEN-001,1,False,False,,False
10949,Where is my refund?,"Hi, when will I get my money back for the item I sent back? Hi, the amount charged to my card doesn't match my order total, can you check?",solved,normal,question,web_widget,ecommerce,51581,909,1,2025-07-21T17:47:44,2025-07-22T09:14:44,RET-002,RET-002,1,False,True,PAY-002,False
10950,Package marked delivered but I got nothing,Order #693038 shows as delivered but I never received anything. I've checked with neighbours and the building office.,solved,low,question,web_widget,,50119,916,1,2025-08-07T12:33:52,2025-08-08T02:39:52,ORD-003,ORD-003,1,False,False,,False
10951,Defective winter coat,The winter coat I ordered stopped working after 4 days of normal use.,pending,low,task,web_widget,,51035,909,1,2025-07-12T14:32:27,2025-07-12T20:02:27,PRD-001,PRD-001,1,False,False,,False
10952,Package hasn't arrived yet,"Hi, my delivery is running late, I ordered the smartwatch over a week ago.",solved,urgent,incident,web_widget,"web,ecommerce",51711,901,2,2025-08-21T17:05:35,2025-08-22T02:16:35,ORD-002,ORD-002,1,False,False,,False
10953,Return policy question,How many days do I have to return something after delivery?,closed,low,question,email,"web,vip",51192,908,1,2025-07-09T03:30:23,2025-07-09T22:02:23,RET-004,RET-004,1,False,False,,False
10954,Can't log in,"The password reset link you sent isn't working, can you help me get back in?",solved,low,task,web_widget,mobile_app,51706,910,1,2025-07-12T16:50:49,2025-07-12T21:09:49,ACC-001,ACC-001,1,False,False,,False
10955,Out of stock item,"Hi, the winter coat shows as out of stock, do you know when it'll be available again?",open,normal,problem,web_widget,"mobile_app,ecommerce",52223,916,1,2025-06-19T07:40:04,2025-06-19T15:51:04,PRD-004,PRD-004,1,False,False,,False
10956,Duplicate charge on my card,"I was charged twice for order #818437, can yuo refund the duplicate?",open,normal,task,web_widget,priority,52877,903,1,2025-08-03T00:00:32,2025-08-03T04:49:32,PAY-002,PAY-002,1,False,False,,False
10957,How do I return this?,What's teh process to send back an item I ordered? It doesn't fit.,solved,low,incident,email,"priority,ecommerce",52654,909,1,2025-07-31T22:57:03,2025-08-01T06:51:03,RET-001,RET-001,1,False,False,,False
10958,Change email on file,Can you help me change the phone number linked to my account?,closed,normal,problem,email,,50335,900,2,2025-06-16T16:03:39,2025-06-16T23:12:39,ACC-002,ACC-002,1,False,False,,False
10959,Refund status,"I returned my order #853715 6 days ago and haven't seen a refund yet, can you check?",solved,high,problem,web_widget,,50230,909,1,2025-06-26T20:52:07,2025-06-27T10:07:07,RET-002,RET-002,1,False,False,,False
10960,Order #480811 status,"Hi, I placed order #480811 on Jul 08 and I can't find any tracking info. Can you tell me where it is?",solved,low,incident,web_widget,web,53310,925,1,2025-07-25T11:54:42,2025-07-25T20:12:42,ORD-001,PRD-003,1,True,False,,False
10961,Just wanted to say thanks,"Hi, your support team helped me out so quickly yesterday, really appreciated it.",solved,normal,question,email,,50447,903,2,2025-06-09T05:45:44,2025-06-09T18:32:44,GEN-003,GEN-003,1,False,False,,False
10962,Delivery delay on #746132,"Hi, my delivery is running late, I ordered the yoga mat over a week ago.",closed,normal,problem,web_widget,,50639,904,1,2025-07-09T02:25:16,2025-07-09T09:31:16,ORD-002,ORD-002,1,False,False,,False
10963,Package marked delivered but I got nothing,Order #597486 shows as delivered but I never received anything. I've checked with neighbours and the building office.,solved,low,problem,email,ecommerce,51866,903,1,2025-07-20T20:20:58,2025-07-21T14:02:58,ORD-003,ORD-003,1,False,False,,False
10964,Frustrated customer,"Hi, I've had several issues with my last few orders and I'm not happy with the service.",pending,normal,problem,web_widget,,50965,908,1,2025-08-23T13:32:39,2025-08-23T20:27:39,GEN-001,GEN-001,1,False,False,,False
10965,My order is late,Order #173301 was supposed to arrive on Jun 20 and it's still not here. What's going on?,closed,low,task,email,,51728,923,2,2025-07-02T19:26:26,2025-07-03T06:31:26,ORD-002,ORD-002,1,False,False,,False
10966,Tracking question,"Hi, I placed order #533959 on Aug 16 and I can't find any tracking info. Can you tell me where it is?",closed,normal,problem,web_widget,"vip,ecommerce",53311,920,2,2025-08-22T16:31:31,2025-08-23T11:01:31,ORD-001,ORD-001,1,False,False,,False
10967,Stock availability question,"Hi, the denim jacket shows as out of stock, do you know when it'll be available again?",solved,low,incident,web_widget,,52141,900,1,2025-08-17T18:42:35,2025-08-18T10:48:35,PRD-004,PRD-004,1,False,False,,False
10968,Defective sneakers,"Hi, my order arrived and the sneakers is broken, it won't turn on at all.",pending,normal,question,email,,50068,906,2,2025-08-25T23:36:24,2025-08-26T11:32:24,PRD-001,PRD-001,1,False,False,,False
10969,Delivery delay on #768704,Order #768704 was supposed to arrive on Jun 09 and it's still not here. What's going on?,solved,low,incident,email,,51665,905,1,2025-06-21T17:06:52,2025-06-22T03:28:52,ORD-002,ORD-002,1,False,False,,False
10970,Item stopped working,The graphic t-shirt I ordered stopped working after 2 days of normal use.,open,normal,question,web_widget,"mobile_app,vip",53053,920,1,2025-06-12T12:28:10,2025-06-13T04:48:10,PRD-001,PRD-001,1,False,False,,False
10971,Didn't get my discount,"Hi, I was supposed to get a discount but my order #459944 was charged full price.",pending,normal,question,email,priority,51637,920,1,2025-07-19T00:39:25,2025-07-19T14:32:25,PAY-004,PAY-004,1,False,False,,False
10972,Item stopped working,"Hi, my order arrived adn the denim jacket is broken, it won't turn on at all.",pending,normal,incident,web_widget,web,50979,921,1,2025-08-25T13:29:20,2025-08-25T23:10:20,PRD-001,ORD-005,1,True,False,,False
10973,Duplicate charge on my card,"I was charged twice for order #179373, can you refund the duplicate?",closed,normal,task,email,mobile_app,52558,901,1,2025-08-20T19:01:35,2025-08-21T03:25:35,PAY-002,PAY-002,1,False,False,,False
10974,Feedback about the website,"Just some feedback, it would be great if the website had a size comparison tool.",solved,normal,problem,email,"vip,priority",52854,918,1,2025-06-27T22:13:22,2025-06-28T08:27:22,GEN-002,GEN-002,1,False,False,,False
10975,Complaint about recent order,"Hi, I've had several issues with my last few orders and I'm not happy with teh service.",solved,normal,task,email,mobile_app,53027,921,2,2025-06-14T01:17:51,2025-06-14T09:50:51,GEN-001,GEN-001,1,False,False,,False
10976,My order is late,Order #159436 was supposed to arrive on Aug 03 and it's still not here. What's going on?,pending,high,problem,email,"priority,vip",50829,900,1,2025-08-10T12:09:35,2025-08-10T15:56:35,ORD-002,ORD-002,1,False,False,,False
10977,Out of stock item,"Hi, the phone case shows as out of stock, do you know when it'll be available again?",solved,low,task,email,mobile_app,51958,918,1,2025-07-22T17:12:03,2025-07-22T22:47:03,PRD-004,ACC-003,1,True,False,,False
10978,Need to change shipping address,"Hi, I think I entered the wrong address for order #234660, could you update it before it ships?",closed,normal,task,web_widget,priority,52239,913,1,2025-07-15T22:13:15,2025-07-16T07:18:15,ORD-005,ORD-005,1,False,False,,False
10979,Product arrived defective,"Hi, my order arrived and the sunglasses is broken, it won't turn on at all.",open,urgent,question,email,,50771,903,2,2025-06-10T19:15:43,2025-06-11T02:56:43,PRD-001,PRD-001,1,False,False,,False
10980,Item stopped working,The graphic t-shirt I ordered stopped working after 10 days of normal use.,solved,normal,problem,web_widget,"mobile_app,web",50046,920,1,2025-07-20T20:48:57,2025-07-21T03:55:57,PRD-001,GEN-003,1,True,False,,False
10981,Password reset not working,"Hi, I can't log into my account, it keeps saying my password is wrong even after resetting it.",pending,normal,question,email,"web,mobile_app",51420,924,2,2025-07-03T14:17:45,2025-07-03T22:16:45,ACC-001,RET-002,1,True,False,,False
10982,Locked out of my account,"The password reset link you sent isn't working, can you help me get back in?",pending,low,question,web_widget,,53521,924,1,2025-07-09T15:23:25,2025-07-09T22:27:25,ACC-001,ACC-001,1,False,False,,False
10983,Tracking question,"Hello, just checking on the status of order #889196, it's been a few days and I haven't heard anything.",solved,normal,problem,email,vip,51022,905,1,2025-06-20T14:45:54,2025-06-21T02:24:54,ORD-001,ORD-001,1,False,False,,False
10984,Update my account details,Can you help me change the phone number linked to my account?,closed,normal,problem,web_widget,web,53564,903,1,2025-08-10T00:33:07,2025-08-10T07:21:07,ACC-002,ACC-002,1,False,False,,False
10985,Tracking question,"Hi, I placed order #342103 on Jul 19 and I can't find any tracking info. Can you tell me where it is?",solved,low,question,web_widget,,51764,923,1,2025-08-04T18:45:17,2025-08-05T00:04:17,ORD-001,ORD-001,1,False,False,,False
10986,When will this be back in stock?,Is there any way to get notified when the winter coat is restocked?,closed,high,incident,email,"priority,mobile_app",52228,903,2,2025-08-04T17:56:13,2025-08-05T04:10:13,PRD-004,PRD-004,1,False,False,,False
10987,Thank you!,"Hi, your support team helped me out so quickly yesterday, really appreciated it.",open,high,question,web_widget,priority,52074,924,1,2025-08-17T07:18:49,2025-08-17T17:14:49,GEN-003,GEN-003,1,False,False,,False
10988,Just wanted to say thanks,"Just wanted to say thank you, my order arrived early and in perfect condition.",solved,low,question,web_widget,vip,50623,915,2,2025-08-27T01:25:14,2025-08-27T19:02:14,GEN-003,GEN-003,1,False,False,,False
10989,Incomplete package,"I just opened my pacakge for order #653323 and the sunglasses is missing, only the rest of the items were inside.",closed,low,question,email,"mobile_app,vip",53506,924,2,2025-06-02T18:04:15,2025-06-03T04:06:15,ORD-004,ORD-004,1,False,False,,False
10990,Return eligibility,How many days do I have to return something after delivery?,solved,normal,incident,web_widget,"web,mobile_app",53460,913,1,2025-07-02T04:50:10,2025-07-02T14:53:10,RET-004,RET-004,1,False,False,,False
10991,Where is my order?,"Hello, just checking on the status of order #194893, it's been a few days and I haven't heard anything.",pending,high,incident,web_widget,priority,52942,902,1,2025-08-02T05:09:54,2025-08-02T13:43:54,ORD-001,GEN-003,1,True,False,,False
10992,Package hasn't arrived yet,"Hi, my delivery is running late, I ordered the desk lamp over a week ago.",solved,high,task,email,"web,vip",53224,917,1,2025-06-20T09:53:30,2025-06-20T21:16:30,ORD-002,RET-001,1,True,False,,False
10993,Item stopped working,"Hi, my order arrived and the running shoes is broken, it won't turn on at all.",solved,low,task,email,"mobile_app,web",50298,923,2,2025-07-15T09:16:46,2025-07-16T00:02:46,PRD-001,PRD-001,1,False,False,,False
10994,My order is late,Order #254173 was supposed to arrive on Jul 11 and it's still not here. What's going on?,solved,normal,incident,email,"vip,mobile_app",50019,901,1,2025-07-22T00:27:56,2025-07-22T16:41:56,ORD-002,RET-002,1,True,False,,False
10995,Question before buying,"Quick question, is teh sneakers compatible with older devices?",closed,normal,incident,web_widget,ecommerce,50258,913,1,2025-08-08T23:50:52,2025-08-09T11:14:52,PRD-003,PRD-003,1,False,False,,False
10996,Item stopped working,The laptop sleeve I ordered stopped working after 13 days of normal use.,solved,normal,question,email,"priority,ecommerce",52337,916,1,2025-07-16T22:19:17,2025-07-17T08:42:17,PRD-001,PRD-001,1,False,False,,False
10997,Refund status,"I returned my order #945640 6 days ago and haven't seen a refund yet, can you check?",open,normal,task,web_widget,,51829,918,1,2025-07-14T09:12:36,2025-07-14T14:34:36,RET-002,RET-002,1,False,False,,False
10998,Charged twice,"Hi, the amount charged to my card doesn't match my order total, can you check?",closed,low,problem,email,,52505,922,2,2025-07-13T00:02:48,2025-07-13T09:31:48,PAY-002,PAY-002,1,False,False,,False
10999,Complaint about recent order,"I want to file a complaint, my overall experience with this order has been really disappointing.",solved,low,incident,email,"mobile_app,ecommerce",51636,923,2,2025-07-08T03:42:38,2025-07-08T11:59:38,GEN-001,GEN-001,1,False,False,,False
11000,Does this come in other sizes?,"Hi, before I order the smartwatch, does it come in a larger size?",closed,low,question,web_widget,"vip,ecommerce",50028,917,1,2025-06-29T09:59:09,2025-06-29T16:49:09,PRD-003,PRD-003,1,False,False,,False
11001,Tracking question,"Hello, just checking on the status of order #784246, it's been a few days and I haven't heard anything.",solved,low,task,web_widget,web,51955,913,1,2025-07-06T02:26:34,2025-07-06T14:53:34,ORD-001,ORD-001,1,False,False,,False
11002,Random query,This might not be the right place but I wasn't sure where else to send this.,solved,normal,question,web_widget,,50836,908,2,2025-06-13T02:04:33,2025-06-13T06:18:33,GEN-OTHER,GEN-OTHER,1,False,False,,False
11003,This isn't what I ordered,"Hi, the color/size I received doesn't match order #524449 at all.",solved,normal,task,web_widget,"mobile_app,vip",51622,913,1,2025-08-22T23:13:47,2025-08-23T12:03:47,PRD-002,PRD-002,1,False,False,,False
11004,Product arrived defective,"Hi, my order arrived and the bluetooth speaker is broken, it won't turn on at all.",solved,normal,question,web_widget,,50843,918,1,2025-07-08T17:46:14,2025-07-09T02:52:14,PRD-001,PRD-001,1,False,False,,False
11005,Still waiting on refund for #494309,"Hi, when will I get my money back for the item I sent back?",solved,low,question,web_widget,"mobile_app,web",53015,925,2,2025-08-25T13:29:13,2025-08-26T02:17:13,RET-002,RET-002,1,False,False,,False
11006,Random query,"Hi, I have a question but I'm not totally sure it's the right team to ask.",solved,normal,question,web_widget,mobile_app,52949,923,1,2025-07-11T06:21:13,2025-07-11T16:23:13,GEN-OTHER,GEN-OTHER,1,False,False,,False
11007,Feature request,"Just some feedback, it would be great if the website had a size comparison tool.",solved,normal,problem,email,ecommerce,53336,907,2,2025-07-09T02:09:27,2025-07-09T10:54:27,GEN-002,GEN-002,1,False,False,,False
11008,My order never arrived,"Hi, the courier says my package for order #566679 was delivered but it's nowhere to be found.",pending,normal,task,web_widget,"priority,vip",52430,916,2,2025-07-20T03:05:32,2025-07-20T09:12:32,ORD-003,ORD-003,1,False,False,,False
11009,My order never arrived,"Hi, the courier says my package for order #525407 was delivered but it's nowhere to be found.",closed,normal,task,web_widget,web,50910,909,2,2025-06-22T03:14:22,2025-06-22T15:16:22,ORD-003,PAY-004,1,True,False,,False
11010,Order #286037 status,"Hello, just checking on the status of order #286037, it's been a few days and I haven't heard anything.",closed,low,task,email,"mobile_app,ecommerce",50501,921,2,2025-06-08T10:57:27,2025-06-08T22:15:27,ORD-001,ORD-001,1,False,False,,False
11011,Where is my order?,"Hi, I placed order #127170 on Jun 23 and I can't find any tracking info. Can you tell me where it is?",solved,normal,question,web_widget,vip,50411,907,1,2025-06-29T17:33:47,2025-06-30T04:42:47,ORD-001,ORD-001,1,False,False,,False
11012,Product question about smartwatch,"Quick question, is the smartwatch compatible with older devices?",solved,high,question,web_widget,,50148,911,1,2025-07-23T09:23:06,2025-07-23T18:49:06,PRD-003,PRD-003,1,False,False,,False
11013,Where is my order?,"Hello, just checking on teh status of order #304171, it's been a few days adn I haven't heard anything.",solved,low,incident,email,"priority,ecommerce",50629,918,1,2025-08-13T23:32:08,2025-08-14T11:52:08,ORD-001,ORD-001,1,False,False,,False
11014,Quick question,"Hi, I have a question but I'm not totally sure it's the right team to ask.",solved,low,incident,web_widget,vip,52661,907,2,2025-07-06T08:19:37,2025-07-06T20:15:37,GEN-OTHER,GEN-OTHER,1,False,False,,False
11015,Out of stock item,"Hi, the leather wallet shows as out of stock, do you know when it'll be available again?",closed,low,question,web_widget,ecommerce,52457,913,1,2025-08-02T13:55:32,2025-08-02T21:18:32,PRD-004,PRD-004,1,False,False,,False
11016,Card not working at checkout,"Hi, I'm getting a payment error and can't finish my order.",solved,low,problem,email,"ecommerce,mobile_app",52822,917,2,2025-06-24T01:03:16,2025-06-24T11:04:16,PAY-001,PAY-001,1,False,False,,False
11017,Still waiting on refund for #553192,"I returned my order #553192 5 days ago and haven't seen a refund yet, can you check?",pending,normal,problem,web_widget,web,53390,904,1,2025-07-12T13:44:16,2025-07-12T23:07:16,RET-002,ORD-005,1,True,False,,False
11018,Where is my order?,"Hello, just checking on the status of order #998294, it's been a few days and I haven't heard anything.",closed,normal,incident,web_widget,"priority,vip",50350,919,2,2025-06-18T18:31:02,2025-06-19T02:13:02,ORD-001,ORD-001,1,False,False,,False
11019,This isn't what I ordered,"Hi, the color/size I received doesn't match order #924286 at all.",open,normal,problem,email,ecommerce,53309,912,2,2025-07-25T02:41:58,2025-07-25T12:56:58,PRD-002,PRD-002,1,False,False,,False
11020,Discount code not working,"Hi, I was supposed to get a discount but my order #423904 was charged full price.",solved,low,incident,email,"ecommerce,web",50002,916,1,2025-08-16T04:16:33,2025-08-16T12:39:33,PAY-004,GEN-OTHER,1,True,False,,False
11021,Defective desk lamp,"The desk lamp I ordered stopped working after 3 days of normal use. Hi, the color/size I received doesn't match order #370682 at all.",open,normal,incident,web_widget,,52476,902,2,2025-08-23T20:44:56,2025-08-24T09:57:56,PRD-001,PRD-001,1,False,True,PRD-002,False
11022,Update my account details,Can you help me change the phone number linked to my account?,solved,low,task,email,,52015,919,2,2025-08-18T18:42:43,2025-08-19T05:14:43,ACC-002,ACC-002,1,False,False,,False
11023,Received wrong product,I ordered the running shoes but received a completely different item.,solved,normal,task,web_widget,"priority,ecommerce",51288,909,1,2025-06-17T21:37:08,2025-06-18T11:03:08,PRD-002,PRD-002,1,False,False,,False
11024,Discount code not working,"Hi, I was supposed to get a discount but my order #325599 was charged full price.",open,low,question,web_widget,ecommerce,52563,915,1,2025-06-07T13:50:43,2025-06-07T17:26:43,PAY-004,PAY-004,1,False,False,,False
11025,Locked out of my account,"Hi, I can't log into my account, it keeps saying my password is wrong even after resetting it.",pending,high,task,web_widget,web,51136,909,1,2025-07-24T18:47:50,2025-07-25T01:42:50,ACC-001,ACC-001,1,False,False,,False
11026,Can't complete checkout,"Hi, I'm getting a payment error and can't finish my order.",solved,normal,problem,web_widget,,51914,900,1,2025-08-08T06:24:02,2025-08-08T21:46:02,PAY-001,PAY-001,1,False,False,,False
11027,My order never arrived,"Hi, the courier says my package for order #731328 was delivered but it's nowhere to be found.",solved,normal,problem,web_widget,,50862,906,1,2025-06-16T05:38:11,2025-06-16T18:19:11,ORD-003,ORD-003,1,False,False,,False
11028,My order is late,Order #676322 was supposed to arrive on Jul 31 and it's still not here. What's going on?,closed,high,problem,web_widget,web,52753,914,1,2025-08-05T06:24:08,2025-08-05T16:45:08,ORD-002,ORD-002,1,False,False,,False
11029,Refund status,"I returned my order #516381 6 days ago and haven't seen a refund yet, can you check?",pending,normal,task,web_widget,,50680,921,2,2025-08-21T22:22:25,2025-08-22T11:20:25,RET-002,RET-002,1,False,False,,False
11030,Quality doesn't match description,"Hi, the quality of this item really doesn't match the product description on the site.",solved,normal,task,web_widget,mobile_app,51940,924,2,2025-06-28T22:29:35,2025-06-29T08:50:35,PRD-005,PRD-005,1,False,False,,False
11031,Product arrived defective,"Hi, my order arrived and the winter coat is broken, it won't turn on at all.",solved,normal,question,email,mobile_app,51751,916,1,2025-07-15T10:18:23,2025-07-15T20:51:23,PRD-001,PRD-001,1,False,False,,False
11032,Tracking question,"Hello, just checking on the status of order #334822, it's been a few days and I haven't heard anything.",closed,normal,problem,email,"web,ecommerce",50470,911,2,2025-06-04T00:26:06,2025-06-04T04:45:06,ORD-001,ORD-001,1,False,False,,False
11033,Item stopped working,"Hi, my order arrived and the graphic t-shirt is broken, it won't turn on at all.",solved,normal,incident,email,,51277,920,2,2025-07-30T22:53:38,2025-07-31T03:34:38,PRD-001,PRD-001,1,False,False,,False
11034,Refund status,"Hi, when will I get my money back for the item I sent back?",solved,low,task,web_widget,web,51490,916,2,2025-07-22T15:58:36,2025-07-23T05:43:36,RET-002,RET-002,1,False,False,,False
11035,Defective wireless headphones,"Hi, my order arrived and the wireless headphones is broken, it won't turn on at all.",pending,low,task,web_widget,mobile_app,52260,922,1,2025-07-29T07:57:43,2025-07-29T17:20:43,PRD-001,PRD-001,1,False,False,,False
11036,Incorrect charge amount,"Hi, the amount charged to my card doesn't match my order total, can you check?",closed,high,problem,web_widget,"priority,vip",53439,915,1,2025-08-20T13:21:51,2025-08-21T00:39:51,PAY-002,PAY-002,1,False,False,,False
11037,Delivery delay on #778904,Order #778904 was supposed to arrive on Jul 10 and it's still not here. What's going on?,solved,low,question,web_widget,"mobile_app,vip",50096,924,1,2025-07-11T07:03:31,2025-07-11T20:32:31,ORD-002,ORD-002,1,False,False,,False
11038,Invoice request for #130592,"Hi, could you send me an invoice for order #130592? I need it for accounting.",closed,normal,task,web_widget,priority,53032,916,1,2025-08-23T15:09:17,2025-08-23T18:23:17,PAY-003,PAY-003,1,False,False,,False
11039,Wrong item received,I ordered the leather wallet but received a completely different item.,solved,normal,question,email,"vip,ecommerce",50827,909,2,2025-07-13T12:47:17,2025-07-13T21:13:17,PRD-002,PRD-002,1,False,False,,False
11040,Update my account details,"Hi, I need to update the email address on my account.",closed,low,task,web_widget,web,51604,909,2,2025-06-24T21:09:37,2025-06-25T10:20:37,ACC-002,ACC-002,1,False,False,,False
11041,Wrong refund amount,"Hi, I was only refunded part of my order, can you check what happened?",solved,normal,question,email,"mobile_app,vip",51926,910,1,2025-07-13T19:42:03,2025-07-14T15:36:03,RET-003,RET-003,1,False,False,,False
11042,How long do I have to return an item?,How many days do I have to return something after delivery?,solved,normal,incident,web_widget,web,50487,900,2,2025-06-25T07:59:02,2025-06-25T22:19:02,RET-004,PRD-001,1,True,False,,False
11043,Still waiting on refund for #368780,"Hi, when will I get my money back for the item I sent back?",solved,normal,problem,web_widget,"web,ecommerce",53559,916,1,2025-07-31T08:49:50,2025-07-31T11:57:50,RET-002,RET-002,1,False,False,,False
11044,GDPR data request,"Hi, I'd like to delete my account and all data you hold on me, please confirm once done.",pending,normal,incident,email,,50508,923,1,2025-06-19T19:35:53,2025-06-20T07:28:53,ACC-003,ACC-003,1,False,False,,False
11045,Where is my refund?,"I returned my order #197955 7 days ago and haven't seen a refund yet, can you check?",closed,normal,task,web_widget,,50481,904,2,2025-07-28T03:47:38,2025-07-28T23:19:38,RET-002,RET-002,1,False,False,,False
11046,Order #851504 missing an item,"I just opened my package for order #851504 and the yoga mat is missing, only the rest of the items were inside.",solved,normal,question,web_widget,web,52403,925,1,2025-08-08T03:03:09,2025-08-08T10:53:09,ORD-004,ORD-004,1,False,False,,False
11047,Defective bluetooth speaker,"Hi, my order arrived and the bluetooth speaker is broken, it won't turn on at all.",solved,high,question,web_widget,web,50168,907,1,2025-07-17T17:19:07,2025-07-18T12:27:07,PRD-001,PRD-001,1,False,False,,False
11048,Need an invoice,"Hi, could you send me an invoice for order #320547? I need it for accounting.",closed,high,question,web_widget,"mobile_app,priority",51479,911,2,2025-07-25T17:38:44,2025-07-26T04:14:44,PAY-003,PAY-003,1,False,False,,False
11049,My order never arrived,"Hi, the courier says my package for order #725092 was delivered but it's nowhere to be found.",solved,normal,task,web_widget,vip,53487,909,2,2025-08-13T22:21:51,2025-08-14T08:31:51,ORD-003,ORD-003,1,False,False,,False
11050,Delivery delay on #572281,"Hi, my delivery is running late, I ordered the laptop sleeve over a week ago.",solved,low,problem,email,web,52400,907,1,2025-06-03T17:15:59,2025-06-04T05:38:59,ORD-002,ORD-002,1,False,False,,False
11051,Thank you!,"Hi, your support team helped me out so quickly yesterday, really appreciated it.",closed,normal,question,web_widget,ecommerce,50985,925,1,2025-07-03T08:55:39,2025-07-03T22:01:39,GEN-003,GEN-003,1,False,False,,False
11052,Delete my account,This is a formal request for a copy of all personal data you have on file for me.,closed,urgent,question,web_widget,"priority,ecommerce",51203,906,1,2025-06-09T01:58:23,2025-06-09T13:16:23,ACC-003,ACC-003,1,False,False,,False
11053,Order #525614 status,"Hi, I placed order #525614 on Jun 09 and I can't find any tracking info. Can you tell me where it is?",open,low,incident,web_widget,mobile_app,50380,903,1,2025-06-19T14:58:11,2025-06-20T01:31:11,ORD-001,ORD-001,1,False,False,,False
11054,Still waiting on refund for #523814,"I returned my order #523814 6 days ago and haven't seen a refund yet, can you check?",pending,low,incident,email,,52128,903,2,2025-07-08T12:29:49,2025-07-08T20:54:49,RET-002,RET-002,1,False,False,,False
11055,Package marked delivered but I got nothing,"Hi, the courier says my package for order #722731 was delivered but it's nowhere to be found.",pending,normal,task,web_widget,"priority,web",53119,915,1,2025-07-10T12:17:26,2025-07-10T20:58:26,ORD-003,ORD-003,1,False,False,,False
11056,Where is my refund?,"Hi, when will I get my money back for the item I sent back?",closed,normal,incident,web_widget,,52519,908,1,2025-06-14T21:21:40,2025-06-15T04:30:40,RET-002,RET-002,1,False,False,,False
11057,Product arrived defective,"Hi, my order arrived and the winter coat is broken, it won't turn on at all.",solved,normal,question,web_widget,vip,50927,914,1,2025-07-15T05:37:45,2025-07-15T23:19:45,PRD-001,PRD-001,1,False,False,,False
11058,Payment declined,"Hi, I'm getting a payment error and can't finish my order.",open,normal,task,web_widget,"ecommerce,vip",50274,923,1,2025-07-07T00:11:40,2025-07-07T07:14:40,PAY-001,PRD-005,1,True,False,,False
11059,Item stopped working,"Hi, my order arrived and the bluetooth speaker is broken, it won't turn on at all.",open,low,task,email,"ecommerce,vip",50562,901,1,2025-06-08T12:55:40,2025-06-09T02:59:40,PRD-001,PRD-001,1,False,False,,False
11060,Refund status,"I returned my order #880124 3 days ago and haven't seen a refund yet, can you check?",closed,low,question,email,,50527,906,1,2025-06-09T17:15:00,2025-06-10T01:35:00,RET-002,RET-002,1,False,False,,False
11061,Not happy with my experience,"I want to file a complaint, my overall experience with this order has been really disappointing.",open,high,question,web_widget,priority,51296,916,2,2025-06-05T01:45:19,2025-06-05T09:00:19,GEN-001,ACC-002,1,True,False,,False
11062,Item stopped working,"Hi, my order arrived and the smartwatch is broken, it won't turn on at all. I ordered the smartwatch but received a completely different item.",solved,normal,problem,web_widget,priority,53417,904,1,2025-06-23T09:01:05,2025-06-23T14:40:05,PRD-001,PRD-001,1,False,True,PRD-002,False
11063,Wrong refund amount,I got refunded for order #160233 but the amount is way less than what I paid.,open,normal,incident,web_widget,"ecommerce,mobile_app",50221,921,1,2025-07-28T06:11:57,2025-07-28T14:53:57,RET-003,RET-003,1,False,False,,False
11064,Quick question,This might not be the right place but I wasn't sure where else to send this.,solved,normal,problem,email,"ecommerce,priority",51858,922,1,2025-08-13T17:53:11,2025-08-14T03:50:11,GEN-OTHER,GEN-OTHER,1,False,False,,False
11065,Does this come in other sizes?,"Hi, before I order teh desk lamp, does it come in a larger size?",solved,normal,incident,web_widget,,52952,901,1,2025-08-17T22:23:49,2025-08-18T08:51:49,PRD-003,PRD-003,1,False,False,,False
11066,Package hasn't arrived yet,Order #908524 was supposed to arrive on Aug 12 and it's still not here. What's going on?,pending,high,task,web_widget,"web,vip",50011,918,2,2025-08-21T21:26:18,2025-08-22T07:11:18,ORD-002,ORD-002,1,False,False,,False
11067,Still waiting on refund for #138598,"I returned my order #138598 3 days ago adn haven't seen a refund yet, can you check?",open,normal,task,web_widget,"vip,web",51559,916,1,2025-07-05T11:02:38,2025-07-05T20:37:38,RET-002,RET-002,1,False,False,,False
11068,This isn't what I ordered,"Hi, teh color/size I received doesn't match order #472184 at all.",solved,normal,incident,email,"mobile_app,ecommerce",50176,912,1,2025-08-05T07:07:51,2025-08-05T22:10:51,PRD-002,PRD-002,1,False,False,,False
11069,Where is my order?,"Hi, I placed order #223249 on Aug 17 and I can't find any tracking info. Can you tell me where it is?",open,high,task,web_widget,mobile_app,50496,917,1,2025-08-18T08:19:55,2025-08-18T23:45:55,ORD-001,ORD-001,1,False,False,,False
11070,Wrong refund amount,"Hi, I was only refunded part of my order, can you check what happened?",closed,urgent,incident,web_widget,ecommerce,53214,901,1,2025-08-01T01:52:37,2025-08-01T13:50:37,RET-003,RET-003,1,False,False,,False
11071,Not as pictured,The sneakers I received feels much cheaper than it looked in the photos.,closed,high,problem,web_widget,"priority,vip",50838,911,1,2025-08-17T20:49:59,2025-08-18T14:07:59,PRD-005,PRD-005,1,False,False,,False
11072,Complaint about recent order,"Hi, I've had several issues with my last few orders and I'm not happy with the service.",closed,low,incident,email,,53536,919,2,2025-07-31T16:21:43,2025-08-01T04:36:43,GEN-001,GEN-001,1,False,False,,False
11073,Defective yoga mat,"Hi, my order arrived and the yoga mat is broken, it won't turn on at all.",solved,normal,incident,web_widget,ecommerce,52568,902,1,2025-07-21T12:39:30,2025-07-21T23:37:30,PRD-001,PRD-001,1,False,False,,False
11074,Package hasn't arrived yet,"Hi, my delivery is running late, I ordered the running shoes over a week ago.",solved,normal,question,web_widget,,51851,907,1,2025-06-16T00:53:51,2025-06-16T09:57:51,ORD-002,ORD-002,1,False,False,,False
11075,Wrong item received,"Hi, the color/size I recieved doesn't match order #316421 at all.",closed,normal,problem,email,,50303,904,1,2025-06-20T06:25:19,2025-06-20T14:55:19,PRD-002,PRD-002,1,False,False,,False
11076,Where is my refund?,"I returned my order #495908 14 days ago and haven't seen a refund yet, can you check?",pending,normal,task,web_widget,,52505,908,1,2025-07-23T11:38:06,2025-07-23T17:11:06,RET-002,RET-002,1,False,False,,False
11077,Missing points from order,What benefits come with the premium membership tier?,closed,low,problem,web_widget,"ecommerce,mobile_app",51428,908,2,2025-06-14T16:14:07,2025-06-15T06:00:07,LOY-001,LOY-001,1,False,False,,False
11078,Discount code not working,I used the code SAVE10 but it didn't apply any discount at checkout.,solved,high,problem,web_widget,,51172,921,1,2025-06-18T01:19:19,2025-06-18T09:38:19,PAY-004,PAY-004,1,False,False,,False
11079,Incorrect charge amount,"Hi, the amount charged to my card doesn't match my order total, can you check?",closed,low,question,email,mobile_app,52952,921,1,2025-06-05T14:48:50,2025-06-05T22:13:50,PAY-002,PAY-002,1,False,False,,False
11080,Feedback about the website,Have you considered adding more filters to the search page? Would make browsing easier.,closed,normal,problem,web_widget,web,51036,921,2,2025-07-19T03:08:46,2025-07-19T16:21:46,GEN-002,GEN-002,1,False,False,,False
11081,Package hasn't arrived yet,Order #818876 was supposed to arrive on Jul 20 and it's still not here. What's going on?,solved,high,incident,email,,50730,905,1,2025-07-24T05:43:55,2025-07-24T13:07:55,ORD-002,ORD-002,1,False,False,,False
11082,Tracking question,"Hello, just checking on the status of order #630672, it's been a few days and I haven't heard anything.",closed,low,question,web_widget,,50442,914,1,2025-06-04T21:50:09,2025-06-05T10:29:09,ORD-001,ORD-001,1,False,False,,False
11083,Defective backpack,The backpack I ordered stopped working after 4 days of normal use.,solved,low,incident,web_widget,priority,50891,903,1,2025-08-15T10:35:56,2025-08-15T22:35:56,PRD-001,PRD-001,1,False,False,,False
11084,Receipt for accounting,"Hi, could you send me an invoice for order #597116? I need it for accounting.",open,normal,task,web_widget,,50990,917,1,2025-08-12T19:16:02,2025-08-13T05:50:02,PAY-003,PAY-003,1,False,False,,False
11085,Receipt for accounting,"Hi, could you send me an invoice for order #983779? I need it for accounting.",solved,normal,task,email,priority,50307,901,1,2025-07-01T18:27:11,2025-07-02T02:19:11,PAY-003,GEN-002,1,True,False,,False
11086,Item stopped working,The denim jacket I ordered stopped working after 14 days of normal use.,solved,low,question,email,"web,priority",52379,917,1,2025-06-17T20:45:14,2025-06-18T17:46:14,PRD-001,PRD-001,1,False,False,,False
11087,Need a return label,"Hi, I'd like to return the bluetooth speaker from order #590292, can you send me a return label?",solved,normal,task,web_widget,,52762,902,1,2025-06-30T00:19:15,2025-06-30T13:24:15,RET-001,RET-001,1,False,False,,False
11088,Please erase my data,This is a formal request for a copy of all personal data you have on file for me.,solved,low,question,web_widget,mobile_app,50973,917,2,2025-08-13T21:32:20,2025-08-14T11:09:20,ACC-003,ACC-003,1,False,False,,False
11089,Invoice request for #549721,"Hi, could you send me an invoice for order #549721? I need it for accounting.",closed,normal,incident,web_widget,mobile_app,51264,910,1,2025-06-21T23:18:55,2025-06-22T15:32:55,PAY-003,PAY-003,1,False,False,,False
11090,Package hasn't arrived yet,"Hi, my delivery is running late, I ordered the running shoes over a week ago.",pending,normal,question,web_widget,"ecommerce,web",53038,921,2,2025-06-30T03:23:56,2025-06-30T13:57:56,ORD-002,ORD-002,1,False,False,,False
11091,Disappointed with quality,The graphic t-shirt I received feels much cheaper than it looked in teh photos.,closed,low,incident,email,priority,50997,922,1,2025-07-20T19:14:23,2025-07-21T05:32:23,PRD-005,PAY-004,1,True,False,,False
11092,Not as pictured,The denim jacket I received feels much cheaper than it looked in the photos.,closed,normal,problem,web_widget,"mobile_app,priority",52638,909,1,2025-06-24T06:49:13,2025-06-24T18:07:13,PRD-005,LOY-001,1,True,False,,False
11093,Order #648126 status,"Hello, just checking on the status of order #648126, it's been a few days and I haven't heard anything.",closed,normal,incident,web_widget,ecommerce,52690,902,1,2025-08-12T08:30:49,2025-08-12T18:59:49,ORD-001,ORD-001,1,False,False,,False
11094,Still waiting on refund for #634570,"I returned my order #634570 13 days ago and haven't seen a refund yet, can you check?",solved,normal,question,email,"vip,priority",52404,908,1,2025-08-07T06:56:32,2025-08-07T14:52:32,RET-002,ACC-002,1,True,False,,False
11095,Need to update my address,"Hi, I need to update the email address on my account.",solved,normal,problem,web_widget,"vip,web",52710,912,2,2025-06-04T00:01:23,2025-06-04T15:08:23,ACC-002,ACC-002,1,False,False,,False
11096,Complaint about recent order,"Hi, I've had several issues with my last few orders and I'm not happy with the service.",solved,normal,question,email,,53095,907,1,2025-06-25T07:13:18,2025-06-25T15:25:18,GEN-001,GEN-001,1,False,False,,False
11097,Product question about graphic t-shirt,"Quick question, is the graphic t-shirt compatible with older devices?",solved,low,question,email,"mobile_app,web",51208,912,1,2025-07-11T09:02:23,2025-07-11T17:07:23,PRD-003,PAY-001,1,True,False,,False
11098,Partial refund issue,I got refunded for order #149289 but the amount is way less than what I paid.,open,normal,question,email,web,53189,900,1,2025-06-15T07:02:20,2025-06-15T13:24:20,RET-003,RET-003,1,False,False,,False
11099,Delivery delay on #523565,Order #523565 was supposed to arrive on Jul 05 and it's still not here. What's going on?,closed,low,incident,email,vip,52436,923,1,2025-07-24T16:37:36,2025-07-25T07:31:36,ORD-002,PAY-001,1,True,False,,False
11100,Refund status,"Hi, when will I get my money back for the item I sent back?",pending,high,incident,web_widget,,50810,923,2,2025-07-03T05:32:56,2025-07-03T08:13:56,RET-002,RET-002,1,False,False,,False
11101,Product arrived defective,"Hi, my order arrived and the bluetooth speaker is broken, it won't turn on at all.",solved,high,question,email,web,52002,903,1,2025-07-07T14:12:41,2025-07-08T01:37:41,PRD-001,PRD-001,1,False,False,,False
11102,Delivery delay on #930583,Order #930583 was supposed to arrive on Jun 22 and it's still not here. What's going on?,solved,normal,incident,web_widget,"vip,priority",52338,922,1,2025-06-25T14:07:47,2025-06-25T22:59:47,ORD-002,ORD-002,1,False,False,,False
11103,Complaint about recent order,"I want to file a complaint, my overall experience with this order has been really disappointing.",solved,normal,task,web_widget,web,53381,911,1,2025-08-03T03:19:13,2025-08-03T15:39:13,GEN-001,GEN-001,1,False,False,,False
11104,Address correction for #396025,"Hi, I think I entered the wrong address for order #396025, could you update it before it ships?",pending,low,question,web_widget,,51599,908,2,2025-06-23T07:49:02,2025-06-23T21:06:02,ORD-005,ORD-005,1,False,False,,False
11105,Refund status,"I returned my order #949164 5 days ago and haven't seen a refund yet, can yuo check?",solved,low,question,email,,53467,908,1,2025-06-15T07:19:55,2025-06-15T15:12:55,RET-002,RET-002,1,False,False,,False
11106,Package marked delivered but I got nothing,Order #813448 shows as delivered but I never received anything. I've checked with neighbours and the building office.,pending,normal,question,web_widget,"priority,ecommerce",50891,904,1,2025-07-30T01:56:52,2025-07-30T15:25:52,ORD-003,ORD-003,1,False,False,,False
11107,Can't log in,"Hi, I can't log into my account, it keeps saying my password is wrong even after resetting it.",solved,normal,problem,email,mobile_app,52019,922,2,2025-08-01T23:47:46,2025-08-02T05:02:46,ACC-001,ACC-001,1,False,False,,False
11108,Product arrived defective,The running shoes I ordered stopped working after 3 days of normal use.,closed,normal,problem,web_widget,"priority,vip",51377,921,1,2025-06-08T08:26:10,2025-06-08T18:47:10,PRD-001,PRD-001,1,False,False,,False
11109,Receipt for accounting,"Hi, could you send me an invoice for order #578996? I need it for accounting.",solved,low,problem,email,"web,mobile_app",52863,908,1,2025-08-08T10:47:14,2025-08-08T16:00:14,PAY-003,PAY-003,1,False,False,,False
11110,Complaint about recent order,"Hi, I've had several issues with my last few orders and I'm not happy with the service.",solved,urgent,problem,email,"vip,web",53593,918,1,2025-07-05T19:55:50,2025-07-06T07:59:50,GEN-001,ACC-001,1,True,False,,False
11111,Product question about yoga mat,"Hi, before I order the yoga mat, does it come in a larger size?",open,normal,task,email,,50211,924,1,2025-08-02T20:02:29,2025-08-03T08:37:29,PRD-003,ORD-002,1,True,False,,False
11112,Product arrived defective,"Hi, my order arrived and the sunglasses is broken, it won't turn on at all. I ordered the sunglasses but received a completely different item.",solved,normal,task,web_widget,web,50960,906,1,2025-06-30T20:12:51,2025-07-01T10:16:51,PRD-001,PRD-001,1,False,True,PRD-002,False
11113,Item stopped working,"Hi, my order arrived adn the bluetooth speaker is broken, it won't turn on at all.",solved,normal,question,web_widget,"priority,ecommerce",52869,925,1,2025-07-02T00:12:43,2025-07-02T09:20:43,PRD-001,PRD-001,1,False,False,,False
11114,Item stopped working,The graphic t-shirt I ordered stopped working after 2 days of normal use.,pending,high,task,web_widget,,51263,925,2,2025-06-21T13:37:41,2025-06-21T17:28:41,PRD-001,PRD-001,1,False,False,,False
11115,Password reset not working,"The password reset link you sent isn't working, can you help me get back in?",solved,urgent,problem,web_widget,,51808,917,2,2025-07-21T22:46:43,2025-07-22T18:55:43,ACC-001,ACC-001,1,False,False,,False
11116,Item stopped working,"Hi, my order arrived adn teh smartwatch is broken, it won't turn on at all.",closed,normal,incident,email,"priority,mobile_app",51766,923,1,2025-08-01T12:16:42,2025-08-01T23:40:42,PRD-001,PRD-001,1,False,False,,False
11117,Refund status,"I returned my order #607266 4 days ago and haven't seen a refund yet, can you check?",solved,high,incident,web_widget,"ecommerce,priority",50853,910,2,2025-06-11T17:21:09,2025-06-12T06:07:09,RET-002,RET-002,1,False,False,,False
11118,Didn't get my discount,"Hi, I was supposed to get a discount but my order #357834 was charged full price.",solved,normal,incident,email,,50126,906,2,2025-06-25T10:54:04,2025-06-25T20:07:04,PAY-004,PAY-004,1,False,False,,False
11119,Disappointed with quality,"Hi, the quality of this item really doesn't match the product description on the site.",open,high,task,web_widget,"priority,vip",50208,925,1,2025-07-24T19:36:05,2025-07-25T13:29:05,PRD-005,PRD-005,1,False,False,,False
11120,Incomplete package,"I just opened my package for order #612788 and the bluetooth speaker is missing, only the rest of the items were inside.",pending,low,incident,email,,53114,917,2,2025-06-28T23:58:04,2025-06-29T12:57:04,ORD-004,ORD-004,1,False,False,,False
11121,Membership benefits,What benefits come with the premium membership tier?,closed,high,task,email,"vip,web",51185,922,1,2025-07-17T13:17:16,2025-07-17T19:21:16,LOY-001,LOY-001,1,False,False,,False
11122,Receipt for accounting,Where can I download a receipt for my recent purchase?,closed,normal,problem,web_widget,priority,51802,920,1,2025-08-23T19:08:50,2025-08-24T00:56:50,PAY-003,PAY-003,1,False,False,,False
11123,Wrong item received,"Hi, the color/size I received doesn't match order #644638 at all.",closed,normal,task,web_widget,mobile_app,50289,915,1,2025-06-27T04:05:36,2025-06-27T16:48:36,PRD-002,ORD-003,1,True,False,,False
11124,Password reset not working,"Hi, I can't log into my account, it keeps saying my password is wrong even after resetting it.",solved,normal,problem,web_widget,ecommerce,50828,918,1,2025-06-15T18:23:51,2025-06-16T04:59:51,ACC-001,ORD-003,1,True,False,,False
11125,Partial refund issue,I got refunded for order #365238 but the amount is way less than what I paid.,solved,normal,incident,web_widget,"mobile_app,ecommerce",51407,902,1,2025-07-08T12:10:38,2025-07-09T01:40:38,RET-003,RET-003,1,False,False,,False
11126,Random query,This might not be the right place but I wasn't sure where else to send this.,closed,low,task,email,"ecommerce,vip",52836,903,1,2025-08-08T06:20:37,2025-08-09T02:17:37,GEN-OTHER,GEN-OTHER,1,False,False,,False
11127,Discount code not working,I used the code SAVE10 but it didn't apply any discount at checkout.,solved,normal,incident,web_widget,,53506,923,2,2025-08-18T15:09:08,2025-08-19T02:43:08,PAY-004,PAY-004,1,False,False,,False
11128,Item stopped working,The desk lamp I ordered stopped working after 4 days of normal use.,solved,low,problem,web_widget,"web,priority",52464,906,2,2025-07-03T02:43:02,2025-07-03T16:15:02,PRD-001,PRD-001,1,False,False,,False
11129,Can't log in,"The password reset link you sent isn't working, can you help me get back in?",solved,normal,incident,web_widget,vip,53020,907,2,2025-07-17T22:06:03,2025-07-18T04:31:03,ACC-001,ACC-001,1,False,False,,False
11130,Where is my refund?,"Hi, when will I get my money back for the item I sent back?",pending,urgent,problem,web_widget,"ecommerce,priority",51053,914,1,2025-07-10T19:53:08,2025-07-11T04:36:08,RET-002,RET-002,1,False,False,,False
11131,Still waiting on refund for #595504,"I returned my order #595504 13 days ago and haven't seen a refund yet, can you check?",solved,normal,question,email,,51043,907,1,2025-07-22T19:51:03,2025-07-23T03:22:03,RET-002,RET-002,1,False,False,,False
11132,Package hasn't arrived yet,Order #285886 was supposed to arrive on Jul 07 adn it's still not here. What's going on?,solved,normal,incident,web_widget,mobile_app,50345,925,2,2025-07-09T08:36:43,2025-07-09T20:06:43,ORD-002,ORD-002,1,False,False,,False
11133,Return eligibility,How many days do I have to return something after delivery?,solved,low,incident,web_widget,"mobile_app,web",52940,916,1,2025-06-15T07:25:29,2025-06-15T13:36:29,RET-004,RET-004,1,False,False,,False
11134,Still waiting on refund for #602723,"I returned my order #602723 12 days ago and haven't seen a refund yet, can you check?",solved,normal,question,email,"vip,ecommerce",51826,910,1,2025-07-04T15:34:35,2025-07-05T07:22:35,RET-002,RET-002,1,False,False,,False
11135,Defective desk lamp,"Hi, my order arrived and the desk lamp is broken, it won't turn on at all. I ordered the desk lamp but received a completely different item.",pending,normal,problem,web_widget,,53226,923,2,2025-07-16T11:36:25,2025-07-16T20:08:25,PRD-001,PRD-001,1,False,True,PRD-002,False
11136,Package hasn't arrived yet,Order #197078 was supposed to arrive on Aug 19 and it's still not here. What's going on?,solved,low,task,web_widget,"web,priority",50035,918,1,2025-08-28T08:39:56,2025-08-28T16:27:56,ORD-002,ORD-002,1,False,False,,False
11137,Wrong item received,"Hi, teh color/size I received doesn't match order #255823 at all.",solved,high,task,web_widget,,50499,900,1,2025-06-19T05:35:23,2025-06-19T09:09:23,PRD-002,PRD-002,1,False,False,,False
11138,Partial refund issue,"Hi, I was only refunded part of my order, can you check what happened?",solved,normal,problem,web_widget,mobile_app,52700,921,1,2025-07-16T09:42:25,2025-07-17T02:36:25,RET-003,RET-003,1,False,False,,False
11139,Where is my refund?,"Hi, when will I get my money back for the item I sent back?",solved,high,task,web_widget,,50676,918,1,2025-06-17T18:44:24,2025-06-18T03:57:24,RET-002,RET-002,1,False,False,,False
11140,Defective running shoes,"Hi, my order arrived and the running shoes is broken, it won't turn on at all.",open,normal,problem,web_widget,web,50188,911,1,2025-08-27T01:19:19,2025-08-27T10:49:19,PRD-001,PRD-001,1,False,False,,False
11141,Product question about leather wallet,"Hi, before I order the leather wallet, does it come in a larger size?",open,low,question,web_widget,"priority,web",52897,910,1,2025-06-08T21:21:14,2025-06-09T05:28:14,PRD-003,PRD-003,1,False,False,,False
11142,Return policy question,"Hi, quick question about your returns policy, can I return an item I already opened?",solved,normal,incident,web_widget,"web,mobile_app",53275,900,1,2025-06-20T13:48:06,2025-06-20T19:13:06,RET-004,RET-004,1,False,False,,False
11143,Defective graphic t-shirt,"Hi, my order arrived and the graphic t-shirt is broken, it won't turn on at all.",solved,low,question,web_widget,"mobile_app,vip",51982,905,1,2025-06-11T05:32:11,2025-06-11T13:38:11,PRD-001,PRD-001,1,False,False,,False
11144,Where is my order?,"Hi, I placed order #850289 on Jun 25 and I can't find any tracking info. Can you tell me where it is?",solved,high,incident,web_widget,"ecommerce,priority",51783,919,1,2025-07-13T08:14:40,2025-07-13T20:25:40,ORD-001,ORD-001,1,False,False,,False
11145,Quality doesn't match description,The bluetooth speaker I received feels much cheaper than it looked in the photos.,solved,urgent,task,email,"web,mobile_app",50568,921,2,2025-07-02T21:14:11,2025-07-03T09:53:11,PRD-005,PRD-005,1,False,False,,False
11146,How do I return this?,What's the process to send back an item I ordered? It doesn't fit.,pending,low,question,web_widget,,53018,904,2,2025-06-01T15:25:11,2025-06-01T19:35:11,RET-001,RET-001,1,False,False,,False
11147,Where is my order?,"Hello, just checking on the status of order #459365, it's been a few days and I haven't heard anything.",solved,normal,problem,email,web,50317,919,1,2025-08-10T22:25:04,2025-08-11T07:02:04,ORD-001,ORD-001,1,False,False,,False
11148,Where is my order?,"Hi, I placed order #271358 on Aug 06 and I can't find any tracking info. Can you tell me where it is?",closed,low,task,email,web,50951,910,1,2025-08-21T12:54:00,2025-08-21T23:11:00,ORD-001,ORD-001,1,False,False,,False
11149,Refund status,"Hi, when will I get my money back for the item I sent back?",pending,normal,task,email,"mobile_app,priority",50127,902,2,2025-07-25T07:09:02,2025-07-25T14:56:02,RET-002,RET-002,1,False,False,,False
11150,Invoice request for #969750,Where can I download a receipt for my recent purchase?,closed,normal,question,web_widget,priority,52583,921,1,2025-08-21T09:29:50,2025-08-21T21:32:50,PAY-003,RET-003,1,True,False,,False
11151,How long do I have to return an item?,How many days do I have to return something after delivry?,solved,normal,problem,email,"priority,ecommerce",51097,918,1,2025-06-03T15:19:06,2025-06-04T01:53:06,RET-004,RET-004,1,False,False,,False
11152,Delivery delay on #380780,"Hi, my delivery is running late, I ordered the phone case over a week ago.",closed,low,problem,email,web,52528,911,1,2025-07-29T15:33:44,2025-07-30T00:01:44,ORD-002,ORD-002,1,False,False,,False
11153,Product arrived defective,The desk lamp I ordered stopped working after 14 days of normal use.,solved,high,question,email,"priority,ecommerce",51171,908,1,2025-07-12T09:46:15,2025-07-12T19:37:15,PRD-001,PRD-001,1,False,False,,False
11154,Item missing from my order,"Hi, my order arrived but it's short one item, the box wasn't damaged so I'm not sure what happened.",solved,normal,question,email,"vip,priority",53490,903,1,2025-06-18T16:44:15,2025-06-19T06:06:15,ORD-004,ORD-004,1,False,False,,False
11155,Order #456027 status,"Hello, just checking on the status of order #456027, it's been a few days and I haven't heard anything.",pending,low,task,web_widget,,51109,909,2,2025-06-08T15:36:04,2025-06-08T20:44:04,ORD-001,ACC-001,1,True,False,,False
11156,Item stopped working,The denim jacket I ordered stopped working after 6 days of normal use.,closed,normal,incident,email,,51030,921,1,2025-06-17T04:55:37,2025-06-17T17:23:37,PRD-001,PRD-001,1,False,False,,False
11157,Defective desk lamp,The desk lamp I ordered stopped working after 5 days of normal use.,closed,low,task,email,"mobile_app,ecommerce",50199,910,2,2025-08-13T23:30:56,2025-08-14T07:34:56,PRD-001,PRD-001,1,False,False,,False
11158,Wrong item received,I ordered the graphic t-shirt but received a completely different item.,closed,normal,incident,email,,52971,900,1,2025-08-18T17:26:38,2025-08-19T00:11:38,PRD-002,PRD-002,1,False,False,,False
11159,Card not working at checkout,"My card keeps getting declined when I try to check out, even though there are funds available.",solved,normal,task,web_widget,priority,50333,913,1,2025-08-22T19:25:16,2025-08-23T00:40:16,PAY-001,RET-001,1,True,False,,False
11160,Item missing from my order,"Hi, my order arrived but it's short one item, the box wasn't damaged so I'm not sure what happened.",solved,normal,incident,web_widget,,50132,901,1,2025-06-27T00:35:05,2025-06-27T14:09:05,ORD-004,ORD-004,1,False,False,,False
11161,Does this come in other sizes?,"Quick question, is teh leather wallet compatible with older devices?",solved,normal,incident,web_widget,ecommerce,51392,910,1,2025-07-23T07:37:30,2025-07-23T16:26:30,PRD-003,PRD-003,1,False,False,,False
11162,Wrong item received,"Hi, the color/size I received doesn't match order #749039 at all.",closed,high,question,email,,53582,904,1,2025-08-09T20:37:35,2025-08-10T01:42:35,PRD-002,PAY-003,1,True,False,,False
11163,How long do I have to return an item?,"Hi, quick question about your returns policy, can I return an item I already opened?",solved,normal,problem,web_widget,,53500,908,1,2025-06-27T16:55:03,2025-06-28T04:25:03,RET-004,RET-004,1,False,False,,False
11164,Not as pictured,"Hi, the quality of this item really doesn't match the product description on the site. Hi, my order arrived and the bluetooth speaker is broken, it won't turn on at all.",closed,low,task,web_widget,"web,ecommerce",51990,908,1,2025-08-08T05:16:51,2025-08-08T20:47:51,PRD-005,PRD-005,1,False,True,PRD-001,False
11165,How do I return this?,What's the process to send back an item I ordered? It doesn't fit.,closed,normal,incident,web_widget,"vip,mobile_app",50582,901,2,2025-07-31T12:13:33,2025-08-01T00:11:33,RET-001,RET-001,1,False,False,,False
11166,Delivery delay on #384289,"Order #384289 was supposed to arrive on Jul 08 and it's still not here. What's going on? Hi, the courier says my package for order #384289 was delivered but it's nowhere to be found.",open,low,question,email,ecommerce,50288,909,1,2025-07-10T12:55:47,2025-07-11T07:05:47,ORD-002,ORD-002,1,False,True,ORD-003,False
11167,Question before buying,"Quick question, is the leather wallet compatible with older devices?",pending,normal,incident,email,,51004,906,2,2025-08-07T04:09:51,2025-08-07T05:39:51,PRD-003,PRD-003,1,False,False,,False
11168,Not as pictured,The laptop sleeve I received feels much cheaper than it looked in the photos.,closed,low,incident,web_widget,priority,50128,918,1,2025-07-08T19:40:31,2025-07-09T12:13:31,PRD-005,PRD-005,1,False,False,,False
11169,My order is late,"Hi, my delivery is running late, I ordered the smartwatch over a week ago.",pending,normal,task,web_widget,"ecommerce,vip",50962,901,1,2025-08-06T14:10:48,2025-08-06T16:17:48,ORD-002,ORD-002,1,False,False,,False
11170,Invoice request for #600707,"Hi, could you send me an invoice for order #600707? I need it for accounting.",closed,low,question,web_widget,"vip,priority",52589,903,2,2025-06-28T00:42:19,2025-06-28T09:02:19,PAY-003,PAY-003,1,False,False,,False
11171,Defective sunglasses,"Hi, my order arrived and the sunglasses is broken, it won't turn on at all.",closed,low,question,email,,51859,914,2,2025-06-15T15:17:23,2025-06-16T02:04:23,PRD-001,PRD-001,1,False,False,,False
11172,Can't complete checkout,"My card keeps getting declined when I try to check out, even though there are funds available.",closed,normal,question,web_widget,"vip,ecommerce",51241,904,2,2025-08-19T23:53:54,2025-08-20T13:09:54,PAY-001,PAY-001,1,False,False,,False
11173,Received wrong product,I ordered the desk lamp but received a completely different item.,pending,normal,problem,web_widget,"web,priority",51890,915,2,2025-06-03T22:53:53,2025-06-04T05:31:53,PRD-002,PAY-003,1,True,False,,False
11174,How long do I have to return an item?,How many days do I have to return something after delivery?,closed,normal,incident,web_widget,ecommerce,53560,904,2,2025-08-08T16:06:25,2025-08-09T02:19:25,RET-004,RET-004,1,False,False,,False
11175,Stock availability question,"Hi, the smartwatch shows as out of stock, do you know when it'll be available again?",solved,normal,question,web_widget,,51399,918,2,2025-06-29T13:02:07,2025-06-30T10:25:07,PRD-004,ORD-005,1,True,False,,False
11176,Incomplete package,"I just opened my package for order #314817 and teh phone case is missing, only the rest of the items were inside.",closed,low,task,web_widget,,50239,911,1,2025-07-28T01:38:03,2025-07-28T12:47:03,ORD-004,ORD-004,1,False,False,,False
11177,Still waiting on refund for #316095,"Hi, when will I get my money back for the item I sent back?",solved,low,problem,web_widget,"priority,vip",50711,906,1,2025-06-18T03:55:22,2025-06-18T15:12:22,RET-002,RET-002,1,False,False,,False
11178,Out of stock item,Is there any way to get notified when the smartwatch is restocked?,pending,urgent,question,email,,53436,913,1,2025-07-21T16:19:32,2025-07-22T00:06:32,PRD-004,PRD-004,1,False,False,,False
11179,How long do I have to return an item?,How many days do I have to return something after delivery?,solved,normal,problem,web_widget,,52686,905,1,2025-06-08T03:42:29,2025-06-08T17:01:29,RET-004,RET-004,1,False,False,,False
11180,Delivery delay on #796276,"Hi, my delivery is running late, I ordered the backpack over a week ago.",solved,normal,task,email,,50823,921,1,2025-06-05T11:35:45,2025-06-06T01:11:45,ORD-002,ORD-002,1,False,False,,False
11181,Password reset not working,"The password reset link you sent isn't working, can you help me get back in?",solved,normal,incident,web_widget,,52871,924,1,2025-06-14T19:31:18,2025-06-14T23:14:18,ACC-001,ACC-001,1,False,False,,False
11182,My order is late,"Hi, my delivery is running late, I ordered the desk lamp over a week ago.",pending,high,problem,web_widget,mobile_app,51672,911,1,2025-08-16T09:08:22,2025-08-16T20:39:22,ORD-002,ORD-002,1,False,False,,False
11183,Defective yoga mat,The yoga mat I ordered stopped working after 7 days of normal use.,solved,normal,problem,email,ecommerce,50314,923,2,2025-08-23T14:37:34,2025-08-24T06:25:34,PRD-001,PRD-001,1,False,False,,False
11184,Still waiting on refund for #100751,"I returned my order #100751 15 days ago and haven't seen a refund yet, can you check?",open,normal,task,web_widget,ecommerce,52889,916,1,2025-06-04T18:51:59,2025-06-05T09:38:59,RET-002,RET-002,1,False,False,,False
11185,Product question about sneakers,"Quick question, is the sneakers compatible with older devices?",closed,low,task,email,"web,mobile_app",52372,920,1,2025-07-02T15:08:25,2025-07-02T22:43:25,PRD-003,PRD-003,1,False,False,,False
11186,Where is my refund?,"I returned my order #627028 3 days ago and haven't seen a refund yet, can you check?",closed,normal,task,email,,53056,907,2,2025-06-05T13:23:48,2025-06-06T06:04:48,RET-002,RET-002,1,False,False,,False
11187,Tracking question,"Hello, just checking on the status of order #136618, it's been a few days and I haven't heard anything.",closed,normal,incident,web_widget,,50167,900,1,2025-07-23T18:49:42,2025-07-24T02:12:42,ORD-001,ORD-001,1,False,False,,False
11188,Product arrived defective,The bluetooth speaker I ordered stopped working after 12 days of normal use.,solved,normal,incident,email,,50054,911,1,2025-08-24T21:06:42,2025-08-25T07:00:42,PRD-001,PRD-001,1,False,False,,False
11189,Refund status,"Hi, when will I get my money back for the item I sent back?",closed,normal,task,web_widget,"web,priority",51011,917,1,2025-07-11T17:55:43,2025-07-12T06:18:43,RET-002,RET-002,1,False,False,,False
11190,When will this be back in stock?,Is there any way to get notified when the sneakers is restocked?,solved,normal,task,web_widget,"priority,web",52595,919,2,2025-08-14T13:00:28,2025-08-14T22:30:28,PRD-004,PRD-004,1,False,False,,False
11191,Delivery delay on #565474,Order #565474 was supposed to arrive on May 26 and it's still not here. What's going on?,solved,high,problem,web_widget,mobile_app,53126,901,2,2025-06-06T09:03:58,2025-06-06T14:11:58,ORD-002,PAY-002,1,True,False,,False
11192,Wrong address on order,"I moved recently and my order #339997 is still set to go to my old address, can this be fixed?",solved,normal,problem,web_widget,mobile_app,51059,922,1,2025-08-03T04:54:47,2025-08-03T13:03:47,ORD-005,ORD-005,1,False,False,,False
11193,Still waiting on refund for #793128,"I returned my order #793128 15 days ago and haven't seen a refund yet, can you check? I was charged twice for order #793128, can you refund the duplicate?",solved,low,problem,web_widget,mobile_app,51174,923,1,2025-06-04T08:59:41,2025-06-05T02:50:41,RET-002,RET-002,1,False,True,PAY-002,False
11194,Locked out of my account,"Hi, I can't log into my account, it keeps saying my password is wrong even after resetting it.",solved,urgent,problem,web_widget,"priority,web",50219,910,1,2025-08-18T14:30:56,2025-08-19T03:47:56,ACC-001,LOY-001,1,True,False,,False
11195,Where is my refund?,"I returned my order #392667 14 days ago and haven't seen a refund yet, can you check?",solved,high,problem,web_widget,vip,52591,915,1,2025-08-02T07:22:35,2025-08-02T21:36:35,RET-002,RET-002,1,False,False,,False
11196,Update my account details,Can you help me change teh phone number linked to my account?,solved,low,task,email,,50263,917,1,2025-06-29T23:19:34,2025-06-30T05:20:34,ACC-002,ACC-002,1,False,False,,False
11197,Tracking question,"Hello, just checking on the status of order #538122, it's been a few days and I haven't heard anything.",closed,normal,question,web_widget,,50797,904,2,2025-08-12T05:59:23,2025-08-12T19:53:23,ORD-001,GEN-001,1,True,False,,False
11198,Wrong refund amount,I got refunded for order #880371 but the amount is way less than what I paid.,open,low,incident,email,"ecommerce,priority",50067,917,1,2025-06-04T19:29:06,2025-06-05T03:06:06,RET-003,RET-003,1,False,False,,False
11199,Still waiting on refund for #346277,"Hi, when will I get my money back for the item I sent back?",pending,normal,problem,web_widget,,50389,901,2,2025-08-02T18:36:06,2025-08-03T01:53:06,RET-002,GEN-OTHER,1,True,False,,False
